target,model,prompt_id,interval,index,age,actual,predicted
guided_noise_error,intercept,animal,2,1,1,0.05644417554140091,0.10800262435757145
guided_noise_error,intercept,animal,2,3,1,0.07762564718723297,0.10800262435757145
guided_noise_error,intercept,animal,2,5,1,0.08444042503833771,0.10800262435757145
guided_noise_error,intercept,animal,2,7,1,0.07763776928186417,0.10800262435757145
guided_noise_error,intercept,animal,2,9,1,0.05641794577240944,0.10800262435757145
guided_noise_error,intercept,animal,2,11,1,0.05552089959383011,0.10800262435757145
guided_noise_error,intercept,animal,2,13,1,0.06129157170653343,0.10800262435757145
guided_noise_error,intercept,animal,2,15,1,0.09616799652576447,0.10800262435757145
guided_noise_error,intercept,animal,2,17,1,0.07777633517980576,0.10800262435757145
guided_noise_error,intercept,animal,2,19,1,0.13104762136936188,0.10800262435757145
guided_noise_error,intercept,animal,2,1,1,0.03160775825381279,0.10800262435757145
guided_noise_error,intercept,animal,2,3,1,0.05623627454042435,0.10800262435757145
guided_noise_error,intercept,animal,2,5,1,0.10609395802021027,0.10800262435757145
guided_noise_error,intercept,animal,2,7,1,0.10585547983646393,0.10800262435757145
guided_noise_error,intercept,animal,2,9,1,0.0999821349978447,0.10800262435757145
guided_noise_error,intercept,animal,2,11,1,0.15032479166984558,0.10800262435757145
guided_noise_error,intercept,animal,2,13,1,0.08912436664104462,0.10800262435757145
guided_noise_error,intercept,animal,2,15,1,0.07630740851163864,0.10800262435757145
guided_noise_error,intercept,animal,2,17,1,0.09268347173929214,0.10800262435757145
guided_noise_error,intercept,animal,2,19,1,0.15723253786563873,0.10800262435757145
guided_noise_error,intercept,animal,3,1,1,0.05644417554140091,0.10800262435757145
guided_noise_error,intercept,animal,3,2,2,0.0842888131737709,0.10800262435757145
guided_noise_error,intercept,animal,3,4,1,0.08150435984134674,0.10800262435757145
guided_noise_error,intercept,animal,3,5,2,0.10041935741901398,0.10800262435757145
guided_noise_error,intercept,animal,3,7,1,0.07763776928186417,0.10800262435757145
guided_noise_error,intercept,animal,3,8,2,0.1017937883734703,0.10800262435757145
guided_noise_error,intercept,animal,3,10,1,0.05448264628648758,0.10800262435757145
guided_noise_error,intercept,animal,3,11,2,0.10252019017934799,0.10800262435757145
guided_noise_error,intercept,animal,3,13,1,0.06129157170653343,0.10800262435757145
guided_noise_error,intercept,animal,3,14,2,0.14967605471611023,0.10800262435757145
guided_noise_error,intercept,animal,3,16,1,0.0666014552116394,0.10800262435757145
guided_noise_error,intercept,animal,3,17,2,0.14145269989967346,0.10800262435757145
guided_noise_error,intercept,animal,3,19,1,0.13104762136936188,0.10800262435757145
guided_noise_error,intercept,animal,3,1,1,0.03160775825381279,0.10800262435757145
guided_noise_error,intercept,animal,3,2,2,0.045105382800102234,0.10800262435757145
guided_noise_error,intercept,animal,3,4,1,0.06568023562431335,0.10800262435757145
guided_noise_error,intercept,animal,3,5,2,0.12474874407052994,0.10800262435757145
guided_noise_error,intercept,animal,3,7,1,0.10585547983646393,0.10800262435757145
guided_noise_error,intercept,animal,3,8,2,0.15584246814250946,0.10800262435757145
guided_noise_error,intercept,animal,3,10,1,0.12398245930671692,0.10800262435757145
guided_noise_error,intercept,animal,3,11,2,0.1877739131450653,0.10800262435757145
guided_noise_error,intercept,animal,3,13,1,0.08912436664104462,0.10800262435757145
guided_noise_error,intercept,animal,3,14,2,0.15529437363147736,0.10800262435757145
guided_noise_error,intercept,animal,3,16,1,0.08222384750843048,0.10800262435757145
guided_noise_error,intercept,animal,3,17,2,0.17255254089832306,0.10800262435757145
guided_noise_error,intercept,animal,3,19,1,0.15723253786563873,0.10800262435757145
guided_noise_error,intercept,animal,4,1,1,0.05644417554140091,0.10800262435757145
guided_noise_error,intercept,animal,4,2,2,0.0842888131737709,0.10800262435757145
guided_noise_error,intercept,animal,4,3,3,0.08710752427577972,0.10800262435757145
guided_noise_error,intercept,animal,4,5,1,0.08444042503833771,0.10800262435757145
guided_noise_error,intercept,animal,4,6,2,0.11861914396286011,0.10800262435757145
guided_noise_error,intercept,animal,4,7,3,0.14663992822170258,0.10800262435757145
guided_noise_error,intercept,animal,4,9,1,0.05641794577240944,0.10800262435757145
guided_noise_error,intercept,animal,4,10,2,0.09400366246700287,0.10800262435757145
guided_noise_error,intercept,animal,4,11,3,0.13851742446422577,0.10800262435757145
guided_noise_error,intercept,animal,4,13,1,0.06129157170653343,0.10800262435757145
guided_noise_error,intercept,animal,4,14,2,0.14967605471611023,0.10800262435757145
guided_noise_error,intercept,animal,4,15,3,0.18851420283317566,0.10800262435757145
guided_noise_error,intercept,animal,4,17,1,0.07777633517980576,0.10800262435757145
guided_noise_error,intercept,animal,4,18,2,0.17167958617210388,0.10800262435757145
guided_noise_error,intercept,animal,4,19,3,0.30243349075317383,0.10800262435757145
guided_noise_error,intercept,animal,4,1,1,0.03160775825381279,0.10800262435757145
guided_noise_error,intercept,animal,4,2,2,0.045105382800102234,0.10800262435757145
guided_noise_error,intercept,animal,4,3,3,0.07376252114772797,0.10800262435757145
guided_noise_error,intercept,animal,4,5,1,0.10609395802021027,0.10800262435757145
guided_noise_error,intercept,animal,4,6,2,0.12528741359710693,0.10800262435757145
guided_noise_error,intercept,animal,4,7,3,0.14973685145378113,0.10800262435757145
guided_noise_error,intercept,animal,4,9,1,0.0999821349978447,0.10800262435757145
guided_noise_error,intercept,animal,4,10,2,0.18467974662780762,0.10800262435757145
guided_noise_error,intercept,animal,4,11,3,0.2204383909702301,0.10800262435757145
guided_noise_error,intercept,animal,4,13,1,0.08912436664104462,0.10800262435757145
guided_noise_error,intercept,animal,4,14,2,0.15529437363147736,0.10800262435757145
guided_noise_error,intercept,animal,4,15,3,0.21964426338672638,0.10800262435757145
guided_noise_error,intercept,animal,4,17,1,0.09268347173929214,0.10800262435757145
guided_noise_error,intercept,animal,4,18,2,0.20461870729923248,0.10800262435757145
guided_noise_error,intercept,animal,4,19,3,0.3568684160709381,0.10800262435757145
guided_noise_error,intercept,animal,5,1,1,0.05644417554140091,0.10800262435757145
guided_noise_error,intercept,animal,5,2,2,0.0842888131737709,0.10800262435757145
guided_noise_error,intercept,animal,5,3,3,0.08710752427577972,0.10800262435757145
guided_noise_error,intercept,animal,5,4,4,0.11657854914665222,0.10800262435757145
guided_noise_error,intercept,animal,5,6,1,0.07514176517724991,0.10800262435757145
guided_noise_error,intercept,animal,5,7,2,0.10272437334060669,0.10800262435757145
guided_noise_error,intercept,animal,5,8,3,0.1315695196390152,0.10800262435757145
guided_noise_error,intercept,animal,5,9,4,0.15101727843284607,0.10800262435757145
guided_noise_error,intercept,animal,5,11,1,0.05552089959383011,0.10800262435757145
guided_noise_error,intercept,animal,5,12,2,0.10774538666009903,0.10800262435757145
guided_noise_error,intercept,animal,5,13,3,0.1576167494058609,0.10800262435757145
guided_noise_error,intercept,animal,5,14,4,0.22772012650966644,0.10800262435757145
guided_noise_error,intercept,animal,5,16,1,0.0666014552116394,0.10800262435757145
guided_noise_error,intercept,animal,5,17,2,0.14145269989967346,0.10800262435757145
guided_noise_error,intercept,animal,5,18,3,0.2334267944097519,0.10800262435757145
guided_noise_error,intercept,animal,5,19,4,0.36555951833724976,0.10800262435757145
guided_noise_error,intercept,animal,5,1,1,0.03160775825381279,0.10800262435757145
guided_noise_error,intercept,animal,5,2,2,0.045105382800102234,0.10800262435757145
guided_noise_error,intercept,animal,5,3,3,0.07376252114772797,0.10800262435757145
guided_noise_error,intercept,animal,5,4,4,0.09323104470968246,0.10800262435757145
guided_noise_error,intercept,animal,5,6,1,0.12081434577703476,0.10800262435757145
guided_noise_error,intercept,animal,5,7,2,0.15466070175170898,0.10800262435757145
guided_noise_error,intercept,animal,5,8,3,0.188329815864563,0.10800262435757145
guided_noise_error,intercept,animal,5,9,4,0.23947107791900635,0.10800262435757145
guided_noise_error,intercept,animal,5,11,1,0.15032479166984558,0.10800262435757145
guided_noise_error,intercept,animal,5,12,2,0.1966877579689026,0.10800262435757145
guided_noise_error,intercept,animal,5,13,3,0.24525776505470276,0.10800262435757145
guided_noise_error,intercept,animal,5,14,4,0.2920941114425659,0.10800262435757145
guided_noise_error,intercept,animal,5,16,1,0.08222384750843048,0.10800262435757145
guided_noise_error,intercept,animal,5,17,2,0.17255254089832306,0.10800262435757145
guided_noise_error,intercept,animal,5,18,3,0.27952706813812256,0.10800262435757145
guided_noise_error,intercept,animal,5,19,4,0.4292267858982086,0.10800262435757145
guided_noise_error,age,animal,2,1,1,0.05644417554140091,0.0721342761169648
guided_noise_error,age,animal,2,3,1,0.07762564718723297,0.0721342761169648
guided_noise_error,age,animal,2,5,1,0.08444042503833771,0.0721342761169648
guided_noise_error,age,animal,2,7,1,0.07763776928186417,0.0721342761169648
guided_noise_error,age,animal,2,9,1,0.05641794577240944,0.0721342761169648
guided_noise_error,age,animal,2,11,1,0.05552089959383011,0.0721342761169648
guided_noise_error,age,animal,2,13,1,0.06129157170653343,0.0721342761169648
guided_noise_error,age,animal,2,15,1,0.09616799652576447,0.0721342761169648
guided_noise_error,age,animal,2,17,1,0.07777633517980576,0.0721342761169648
guided_noise_error,age,animal,2,19,1,0.13104762136936188,0.0721342761169648
guided_noise_error,age,animal,2,1,1,0.03160775825381279,0.0721342761169648
guided_noise_error,age,animal,2,3,1,0.05623627454042435,0.0721342761169648
guided_noise_error,age,animal,2,5,1,0.10609395802021027,0.0721342761169648
guided_noise_error,age,animal,2,7,1,0.10585547983646393,0.0721342761169648
guided_noise_error,age,animal,2,9,1,0.0999821349978447,0.0721342761169648
guided_noise_error,age,animal,2,11,1,0.15032479166984558,0.0721342761169648
guided_noise_error,age,animal,2,13,1,0.08912436664104462,0.0721342761169648
guided_noise_error,age,animal,2,15,1,0.07630740851163864,0.0721342761169648
guided_noise_error,age,animal,2,17,1,0.09268347173929214,0.0721342761169648
guided_noise_error,age,animal,2,19,1,0.15723253786563873,0.0721342761169648
guided_noise_error,age,animal,3,1,1,0.05644417554140091,0.0721342761169648
guided_noise_error,age,animal,3,2,2,0.0842888131737709,0.11517629400569274
guided_noise_error,age,animal,3,4,1,0.08150435984134674,0.0721342761169648
guided_noise_error,age,animal,3,5,2,0.10041935741901398,0.11517629400569274
guided_noise_error,age,animal,3,7,1,0.07763776928186417,0.0721342761169648
guided_noise_error,age,animal,3,8,2,0.1017937883734703,0.11517629400569274
guided_noise_error,age,animal,3,10,1,0.05448264628648758,0.0721342761169648
guided_noise_error,age,animal,3,11,2,0.10252019017934799,0.11517629400569274
guided_noise_error,age,animal,3,13,1,0.06129157170653343,0.0721342761169648
guided_noise_error,age,animal,3,14,2,0.14967605471611023,0.11517629400569274
guided_noise_error,age,animal,3,16,1,0.0666014552116394,0.0721342761169648
guided_noise_error,age,animal,3,17,2,0.14145269989967346,0.11517629400569274
guided_noise_error,age,animal,3,19,1,0.13104762136936188,0.0721342761169648
guided_noise_error,age,animal,3,1,1,0.03160775825381279,0.0721342761169648
guided_noise_error,age,animal,3,2,2,0.045105382800102234,0.11517629400569274
guided_noise_error,age,animal,3,4,1,0.06568023562431335,0.0721342761169648
guided_noise_error,age,animal,3,5,2,0.12474874407052994,0.11517629400569274
guided_noise_error,age,animal,3,7,1,0.10585547983646393,0.0721342761169648
guided_noise_error,age,animal,3,8,2,0.15584246814250946,0.11517629400569274
guided_noise_error,age,animal,3,10,1,0.12398245930671692,0.0721342761169648
guided_noise_error,age,animal,3,11,2,0.1877739131450653,0.11517629400569274
guided_noise_error,age,animal,3,13,1,0.08912436664104462,0.0721342761169648
guided_noise_error,age,animal,3,14,2,0.15529437363147736,0.11517629400569274
guided_noise_error,age,animal,3,16,1,0.08222384750843048,0.0721342761169648
guided_noise_error,age,animal,3,17,2,0.17255254089832306,0.11517629400569274
guided_noise_error,age,animal,3,19,1,0.15723253786563873,0.0721342761169648
guided_noise_error,age,animal,4,1,1,0.05644417554140091,0.0721342761169648
guided_noise_error,age,animal,4,2,2,0.0842888131737709,0.11517629400569274
guided_noise_error,age,animal,4,3,3,0.08710752427577972,0.15821831189442068
guided_noise_error,age,animal,4,5,1,0.08444042503833771,0.0721342761169648
guided_noise_error,age,animal,4,6,2,0.11861914396286011,0.11517629400569274
guided_noise_error,age,animal,4,7,3,0.14663992822170258,0.15821831189442068
guided_noise_error,age,animal,4,9,1,0.05641794577240944,0.0721342761169648
guided_noise_error,age,animal,4,10,2,0.09400366246700287,0.11517629400569274
guided_noise_error,age,animal,4,11,3,0.13851742446422577,0.15821831189442068
guided_noise_error,age,animal,4,13,1,0.06129157170653343,0.0721342761169648
guided_noise_error,age,animal,4,14,2,0.14967605471611023,0.11517629400569274
guided_noise_error,age,animal,4,15,3,0.18851420283317566,0.15821831189442068
guided_noise_error,age,animal,4,17,1,0.07777633517980576,0.0721342761169648
guided_noise_error,age,animal,4,18,2,0.17167958617210388,0.11517629400569274
guided_noise_error,age,animal,4,19,3,0.30243349075317383,0.15821831189442068
guided_noise_error,age,animal,4,1,1,0.03160775825381279,0.0721342761169648
guided_noise_error,age,animal,4,2,2,0.045105382800102234,0.11517629400569274
guided_noise_error,age,animal,4,3,3,0.07376252114772797,0.15821831189442068
guided_noise_error,age,animal,4,5,1,0.10609395802021027,0.0721342761169648
guided_noise_error,age,animal,4,6,2,0.12528741359710693,0.11517629400569274
guided_noise_error,age,animal,4,7,3,0.14973685145378113,0.15821831189442068
guided_noise_error,age,animal,4,9,1,0.0999821349978447,0.0721342761169648
guided_noise_error,age,animal,4,10,2,0.18467974662780762,0.11517629400569274
guided_noise_error,age,animal,4,11,3,0.2204383909702301,0.15821831189442068
guided_noise_error,age,animal,4,13,1,0.08912436664104462,0.0721342761169648
guided_noise_error,age,animal,4,14,2,0.15529437363147736,0.11517629400569274
guided_noise_error,age,animal,4,15,3,0.21964426338672638,0.15821831189442068
guided_noise_error,age,animal,4,17,1,0.09268347173929214,0.0721342761169648
guided_noise_error,age,animal,4,18,2,0.20461870729923248,0.11517629400569274
guided_noise_error,age,animal,4,19,3,0.3568684160709381,0.15821831189442068
guided_noise_error,age,animal,5,1,1,0.05644417554140091,0.0721342761169648
guided_noise_error,age,animal,5,2,2,0.0842888131737709,0.11517629400569274
guided_noise_error,age,animal,5,3,3,0.08710752427577972,0.15821831189442068
guided_noise_error,age,animal,5,4,4,0.11657854914665222,0.20126032978314862
guided_noise_error,age,animal,5,6,1,0.07514176517724991,0.0721342761169648
guided_noise_error,age,animal,5,7,2,0.10272437334060669,0.11517629400569274
guided_noise_error,age,animal,5,8,3,0.1315695196390152,0.15821831189442068
guided_noise_error,age,animal,5,9,4,0.15101727843284607,0.20126032978314862
guided_noise_error,age,animal,5,11,1,0.05552089959383011,0.0721342761169648
guided_noise_error,age,animal,5,12,2,0.10774538666009903,0.11517629400569274
guided_noise_error,age,animal,5,13,3,0.1576167494058609,0.15821831189442068
guided_noise_error,age,animal,5,14,4,0.22772012650966644,0.20126032978314862
guided_noise_error,age,animal,5,16,1,0.0666014552116394,0.0721342761169648
guided_noise_error,age,animal,5,17,2,0.14145269989967346,0.11517629400569274
guided_noise_error,age,animal,5,18,3,0.2334267944097519,0.15821831189442068
guided_noise_error,age,animal,5,19,4,0.36555951833724976,0.20126032978314862
guided_noise_error,age,animal,5,1,1,0.03160775825381279,0.0721342761169648
guided_noise_error,age,animal,5,2,2,0.045105382800102234,0.11517629400569274
guided_noise_error,age,animal,5,3,3,0.07376252114772797,0.15821831189442068
guided_noise_error,age,animal,5,4,4,0.09323104470968246,0.20126032978314862
guided_noise_error,age,animal,5,6,1,0.12081434577703476,0.0721342761169648
guided_noise_error,age,animal,5,7,2,0.15466070175170898,0.11517629400569274
guided_noise_error,age,animal,5,8,3,0.188329815864563,0.15821831189442068
guided_noise_error,age,animal,5,9,4,0.23947107791900635,0.20126032978314862
guided_noise_error,age,animal,5,11,1,0.15032479166984558,0.0721342761169648
guided_noise_error,age,animal,5,12,2,0.1966877579689026,0.11517629400569274
guided_noise_error,age,animal,5,13,3,0.24525776505470276,0.15821831189442068
guided_noise_error,age,animal,5,14,4,0.2920941114425659,0.20126032978314862
guided_noise_error,age,animal,5,16,1,0.08222384750843048,0.0721342761169648
guided_noise_error,age,animal,5,17,2,0.17255254089832306,0.11517629400569274
guided_noise_error,age,animal,5,18,3,0.27952706813812256,0.15821831189442068
guided_noise_error,age,animal,5,19,4,0.4292267858982086,0.20126032978314862
guided_noise_error,lambda_distance,animal,2,1,1,0.05644417554140091,0.08892626803660124
guided_noise_error,lambda_distance,animal,2,3,1,0.07762564718723297,0.08226464369775514
guided_noise_error,lambda_distance,animal,2,5,1,0.08444042503833771,0.07661720951275097
guided_noise_error,lambda_distance,animal,2,7,1,0.07763776928186417,0.07215042873348858
guided_noise_error,lambda_distance,animal,2,9,1,0.05641794577240944,0.06899496823768933
guided_noise_error,lambda_distance,animal,2,11,1,0.05552089959383011,0.06728951875135447
guided_noise_error,lambda_distance,animal,2,13,1,0.06129157170653343,0.06726204958455909
guided_noise_error,lambda_distance,animal,2,15,1,0.09616799652576447,0.06972233741543402
guided_noise_error,lambda_distance,animal,2,17,1,0.07777633517980576,0.07756389215415922
guided_noise_error,lambda_distance,animal,2,19,1,0.13104762136936188,0.11079160346209958
guided_noise_error,lambda_distance,animal,2,1,1,0.03160775825381279,0.08892626803660124
guided_noise_error,lambda_distance,animal,2,3,1,0.05623627454042435,0.08226464369775514
guided_noise_error,lambda_distance,animal,2,5,1,0.10609395802021027,0.07661720951275097
guided_noise_error,lambda_distance,animal,2,7,1,0.10585547983646393,0.07215042873348858
guided_noise_error,lambda_distance,animal,2,9,1,0.0999821349978447,0.06899496823768933
guided_noise_error,lambda_distance,animal,2,11,1,0.15032479166984558,0.06728951875135447
guided_noise_error,lambda_distance,animal,2,13,1,0.08912436664104462,0.06726204958455909
guided_noise_error,lambda_distance,animal,2,15,1,0.07630740851163864,0.06972233741543402
guided_noise_error,lambda_distance,animal,2,17,1,0.09268347173929214,0.07756389215415922
guided_noise_error,lambda_distance,animal,2,19,1,0.15723253786563873,0.11079160346209958
guided_noise_error,lambda_distance,animal,3,1,1,0.05644417554140091,0.08892626803660124
guided_noise_error,lambda_distance,animal,3,2,2,0.0842888131737709,0.13516592091052265
guided_noise_error,lambda_distance,animal,3,4,1,0.08150435984134674,0.07930307011678565
guided_noise_error,lambda_distance,animal,3,5,2,0.10041935741901398,0.11668006656657187
guided_noise_error,lambda_distance,animal,3,7,1,0.07763776928186417,0.07215042873348858
guided_noise_error,lambda_distance,animal,3,8,2,0.1017937883734703,0.10331187018175451
guided_noise_error,lambda_distance,animal,3,10,1,0.05448264628648758,0.06738040008269028
guided_noise_error,lambda_distance,animal,3,11,2,0.10252019017934799,0.09542970577107998
guided_noise_error,lambda_distance,animal,3,13,1,0.06129157170653343,0.06726204958455909
guided_noise_error,lambda_distance,animal,3,14,2,0.14967605471611023,0.09610999361600693
guided_noise_error,lambda_distance,animal,3,16,1,0.0666014552116394,0.07257759374269954
guided_noise_error,lambda_distance,animal,3,17,2,0.14145269989967346,0.11090127283389399
guided_noise_error,lambda_distance,animal,3,19,1,0.13104762136936188,0.11079160346209958
guided_noise_error,lambda_distance,animal,3,1,1,0.03160775825381279,0.08892626803660124
guided_noise_error,lambda_distance,animal,3,2,2,0.045105382800102234,0.13516592091052265
guided_noise_error,lambda_distance,animal,3,4,1,0.06568023562431335,0.07930307011678565
guided_noise_error,lambda_distance,animal,3,5,2,0.12474874407052994,0.11668006656657187
guided_noise_error,lambda_distance,animal,3,7,1,0.10585547983646393,0.07215042873348858
guided_noise_error,lambda_distance,animal,3,8,2,0.15584246814250946,0.10331187018175451
guided_noise_error,lambda_distance,animal,3,10,1,0.12398245930671692,0.06738040008269028
guided_noise_error,lambda_distance,animal,3,11,2,0.1877739131450653,0.09542970577107998
guided_noise_error,lambda_distance,animal,3,13,1,0.08912436664104462,0.06726204958455909
guided_noise_error,lambda_distance,animal,3,14,2,0.15529437363147736,0.09610999361600693
guided_noise_error,lambda_distance,animal,3,16,1,0.08222384750843048,0.07257759374269954
guided_noise_error,lambda_distance,animal,3,17,2,0.17255254089832306,0.11090127283389399
guided_noise_error,lambda_distance,animal,3,19,1,0.15723253786563873,0.11079160346209958
guided_noise_error,lambda_distance,animal,4,1,1,0.05644417554140091,0.08892626803660124
guided_noise_error,lambda_distance,animal,4,2,2,0.0842888131737709,0.13516592091052265
guided_noise_error,lambda_distance,animal,4,3,3,0.08710752427577972,0.17819035154531304
guided_noise_error,lambda_distance,animal,4,5,1,0.08444042503833771,0.07661720951275097
guided_noise_error,lambda_distance,animal,4,6,2,0.11861914396286011,0.11160424182777072
guided_noise_error,lambda_distance,animal,4,7,3,0.14663992822170258,0.14451445749829453
guided_noise_error,lambda_distance,animal,4,9,1,0.05641794577240944,0.06899496823768933
guided_noise_error,lambda_distance,animal,4,10,2,0.09400366246700287,0.09713515525741484
guided_noise_error,lambda_distance,animal,4,11,3,0.13851742446422577,0.12518446094580457
guided_noise_error,lambda_distance,animal,4,13,1,0.06129157170653343,0.06726204958455909
guided_noise_error,lambda_distance,animal,4,14,2,0.14967605471611023,0.09610999361600693
guided_noise_error,lambda_distance,animal,4,15,3,0.18851420283317566,0.1265921179684762
guided_noise_error,lambda_distance,animal,4,17,1,0.07777633517980576,0.07756389215415922
guided_noise_error,lambda_distance,animal,4,18,2,0.17167958617210388,0.12544178530509997
guided_noise_error,lambda_distance,animal,4,19,3,0.30243349075317383,0.1969931757042348
guided_noise_error,lambda_distance,animal,4,1,1,0.03160775825381279,0.08892626803660124
guided_noise_error,lambda_distance,animal,4,2,2,0.045105382800102234,0.13516592091052265
guided_noise_error,lambda_distance,animal,4,3,3,0.07376252114772797,0.17819035154531304
guided_noise_error,lambda_distance,animal,4,5,1,0.10609395802021027,0.07661720951275097
guided_noise_error,lambda_distance,animal,4,6,2,0.12528741359710693,0.11160424182777072
guided_noise_error,lambda_distance,animal,4,7,3,0.14973685145378113,0.14451445749829453
guided_noise_error,lambda_distance,animal,4,9,1,0.0999821349978447,0.06899496823768933
guided_noise_error,lambda_distance,animal,4,10,2,0.18467974662780762,0.09713515525741484
guided_noise_error,lambda_distance,animal,4,11,3,0.2204383909702301,0.12518446094580457
guided_noise_error,lambda_distance,animal,4,13,1,0.08912436664104462,0.06726204958455909
guided_noise_error,lambda_distance,animal,4,14,2,0.15529437363147736,0.09610999361600693
guided_noise_error,lambda_distance,animal,4,15,3,0.21964426338672638,0.1265921179684762
guided_noise_error,lambda_distance,animal,4,17,1,0.09268347173929214,0.07756389215415922
guided_noise_error,lambda_distance,animal,4,18,2,0.20461870729923248,0.12544178530509997
guided_noise_error,lambda_distance,animal,4,19,3,0.3568684160709381,0.1969931757042348
guided_noise_error,lambda_distance,animal,5,1,1,0.05644417554140091,0.08892626803660124
guided_noise_error,lambda_distance,animal,5,2,2,0.0842888131737709,0.13516592091052265
guided_noise_error,lambda_distance,animal,5,3,3,0.08710752427577972,0.17819035154531304
guided_noise_error,lambda_distance,animal,5,4,4,0.11657854914665222,0.21825320859913394
guided_noise_error,lambda_distance,animal,5,6,1,0.07514176517724991,0.0742272453779845
guided_noise_error,lambda_distance,animal,5,7,2,0.10272437334060669,0.10713746104850831
guided_noise_error,lambda_distance,animal,5,8,3,0.1315695196390152,0.13829890249677426
guided_noise_error,lambda_distance,animal,5,9,4,0.15101727843284607,0.16805365767149882
guided_noise_error,lambda_distance,animal,5,11,1,0.05552089959383011,0.06728951875135447
guided_noise_error,lambda_distance,animal,5,12,2,0.10774538666009903,0.09508325450726234
guided_noise_error,lambda_distance,animal,5,13,3,0.1576167494058609,0.12310509102885665
guided_noise_error,lambda_distance,animal,5,14,4,0.22772012650966644,0.1519530350603045
guided_noise_error,lambda_distance,animal,5,16,1,0.0666014552116394,0.07257759374269954
guided_noise_error,lambda_distance,animal,5,17,2,0.14145269989967346,0.11090127283389399
guided_noise_error,lambda_distance,animal,5,18,3,0.2334267944097519,0.15877916598483474
guided_noise_error,lambda_distance,animal,5,19,4,0.36555951833724976,0.23033055638396957
guided_noise_error,lambda_distance,animal,5,1,1,0.03160775825381279,0.08892626803660124
guided_noise_error,lambda_distance,animal,5,2,2,0.045105382800102234,0.13516592091052265
guided_noise_error,lambda_distance,animal,5,3,3,0.07376252114772797,0.17819035154531304
guided_noise_error,lambda_distance,animal,5,4,4,0.09323104470968246,0.21825320859913394
guided_noise_error,lambda_distance,animal,5,6,1,0.12081434577703476,0.0742272453779845
guided_noise_error,lambda_distance,animal,5,7,2,0.15466070175170898,0.10713746104850831
guided_noise_error,lambda_distance,animal,5,8,3,0.188329815864563,0.13829890249677426
guided_noise_error,lambda_distance,animal,5,9,4,0.23947107791900635,0.16805365767149882
guided_noise_error,lambda_distance,animal,5,11,1,0.15032479166984558,0.06728951875135447
guided_noise_error,lambda_distance,animal,5,12,2,0.1966877579689026,0.09508325450726234
guided_noise_error,lambda_distance,animal,5,13,3,0.24525776505470276,0.12310509102885665
guided_noise_error,lambda_distance,animal,5,14,4,0.2920941114425659,0.1519530350603045
guided_noise_error,lambda_distance,animal,5,16,1,0.08222384750843048,0.07257759374269954
guided_noise_error,lambda_distance,animal,5,17,2,0.17255254089832306,0.11090127283389399
guided_noise_error,lambda_distance,animal,5,18,3,0.27952706813812256,0.15877916598483474
guided_noise_error,lambda_distance,animal,5,19,4,0.4292267858982086,0.23033055638396957
guided_noise_error,age+lambda_distance,animal,2,1,1,0.05644417554140091,0.07708651790443012
guided_noise_error,age+lambda_distance,animal,2,3,1,0.07762564718723297,0.074378227344414
guided_noise_error,age+lambda_distance,animal,2,5,1,0.08444042503833771,0.07208225688532197
guided_noise_error,age+lambda_distance,animal,2,7,1,0.07763776928186417,0.07026628234175691
guided_noise_error,age+lambda_distance,animal,2,9,1,0.05641794577240944,0.06898342647379047
guided_noise_error,age+lambda_distance,animal,2,11,1,0.05552089959383011,0.06829007414566667
guided_noise_error,age+lambda_distance,animal,2,13,1,0.06129157170653343,0.06827890652627845
guided_noise_error,age+lambda_distance,animal,2,15,1,0.09616799652576447,0.06927913919752442
guided_noise_error,age+lambda_distance,animal,2,17,1,0.07777633517980576,0.07246713173425426
guided_noise_error,age+lambda_distance,animal,2,19,1,0.13104762136936188,0.08597589360506004
guided_noise_error,age+lambda_distance,animal,2,1,1,0.03160775825381279,0.07708651790443012
guided_noise_error,age+lambda_distance,animal,2,3,1,0.05623627454042435,0.074378227344414
guided_noise_error,age+lambda_distance,animal,2,5,1,0.10609395802021027,0.07208225688532197
guided_noise_error,age+lambda_distance,animal,2,7,1,0.10585547983646393,0.07026628234175691
guided_noise_error,age+lambda_distance,animal,2,9,1,0.0999821349978447,0.06898342647379047
guided_noise_error,age+lambda_distance,animal,2,11,1,0.15032479166984558,0.06829007414566667
guided_noise_error,age+lambda_distance,animal,2,13,1,0.08912436664104462,0.06827890652627845
guided_noise_error,age+lambda_distance,animal,2,15,1,0.07630740851163864,0.06927913919752442
guided_noise_error,age+lambda_distance,animal,2,17,1,0.09268347173929214,0.07246713173425426
guided_noise_error,age+lambda_distance,animal,2,19,1,0.15723253786563873,0.08597589360506004
guided_noise_error,age+lambda_distance,animal,3,1,1,0.05644417554140091,0.07708651790443012
guided_noise_error,age+lambda_distance,animal,3,2,2,0.0842888131737709,0.12367801051192895
guided_noise_error,age+lambda_distance,animal,3,4,1,0.08150435984134674,0.07317419641079306
guided_noise_error,age+lambda_distance,animal,3,5,2,0.10041935741901398,0.11616256649002436
guided_noise_error,age+lambda_distance,animal,3,7,1,0.07763776928186417,0.07026628234175691
guided_noise_error,age+lambda_distance,animal,3,8,2,0.1017937883734703,0.11072771183118092
guided_noise_error,age+lambda_distance,animal,3,10,1,0.05448264628648758,0.06832702204894353
guided_noise_error,age+lambda_distance,animal,3,11,2,0.10252019017934799,0.10752320938851953
guided_noise_error,age+lambda_distance,animal,3,13,1,0.06129157170653343,0.06827890652627845
guided_noise_error,age+lambda_distance,animal,3,14,2,0.14967605471611023,0.10779978114561571
guided_noise_error,age+lambda_distance,animal,3,16,1,0.0666014552116394,0.07043994673698092
guided_noise_error,age+lambda_distance,animal,3,17,2,0.14145269989967346,0.11381319166514452
guided_noise_error,age+lambda_distance,animal,3,19,1,0.13104762136936188,0.08597589360506004
guided_noise_error,age+lambda_distance,animal,3,1,1,0.03160775825381279,0.07708651790443012
guided_noise_error,age+lambda_distance,animal,3,2,2,0.045105382800102234,0.12367801051192895
guided_noise_error,age+lambda_distance,animal,3,4,1,0.06568023562431335,0.07317419641079306
guided_noise_error,age+lambda_distance,animal,3,5,2,0.12474874407052994,0.11616256649002436
guided_noise_error,age+lambda_distance,animal,3,7,1,0.10585547983646393,0.07026628234175691
guided_noise_error,age+lambda_distance,animal,3,8,2,0.15584246814250946,0.11072771183118092
guided_noise_error,age+lambda_distance,animal,3,10,1,0.12398245930671692,0.06832702204894353
guided_noise_error,age+lambda_distance,animal,3,11,2,0.1877739131450653,0.10752320938851953
guided_noise_error,age+lambda_distance,animal,3,13,1,0.08912436664104462,0.06827890652627845
guided_noise_error,age+lambda_distance,animal,3,14,2,0.15529437363147736,0.10779978114561571
guided_noise_error,age+lambda_distance,animal,3,16,1,0.08222384750843048,0.07043994673698092
guided_noise_error,age+lambda_distance,animal,3,17,2,0.17255254089832306,0.11381319166514452
guided_noise_error,age+lambda_distance,animal,3,19,1,0.15723253786563873,0.08597589360506004
guided_noise_error,age+lambda_distance,animal,4,1,1,0.05644417554140091,0.07708651790443012
guided_noise_error,age+lambda_distance,animal,4,2,2,0.0842888131737709,0.12367801051192895
guided_noise_error,age+lambda_distance,animal,4,3,3,0.08710752427577972,0.1689623510502523
guided_noise_error,age+lambda_distance,animal,4,5,1,0.08444042503833771,0.07208225688532197
guided_noise_error,age+lambda_distance,animal,4,6,2,0.11861914396286011,0.11409898446780954
guided_noise_error,age+lambda_distance,animal,4,7,3,0.14663992822170258,0.15527138000347582
guided_noise_error,age+lambda_distance,animal,4,9,1,0.05641794577240944,0.06898342647379047
guided_noise_error,age+lambda_distance,animal,4,10,2,0.09400366246700287,0.10821656171664332
guided_noise_error,age+lambda_distance,animal,4,11,3,0.13851742446422577,0.14741274905621934
guided_noise_error,age+lambda_distance,animal,4,13,1,0.06129157170653343,0.06827890652627845
guided_noise_error,age+lambda_distance,animal,4,14,2,0.14967605471611023,0.10779978114561571
guided_noise_error,age+lambda_distance,animal,4,15,3,0.18851420283317566,0.14798503353704948
guided_noise_error,age+lambda_distance,animal,4,17,1,0.07777633517980576,0.07246713173425426
guided_noise_error,age+lambda_distance,animal,4,18,2,0.17167958617210388,0.11972465269333951
guided_noise_error,age+lambda_distance,animal,4,19,3,0.30243349075317383,0.17660665949230892
guided_noise_error,age+lambda_distance,animal,4,1,1,0.03160775825381279,0.07708651790443012
guided_noise_error,age+lambda_distance,animal,4,2,2,0.045105382800102234,0.12367801051192895
guided_noise_error,age+lambda_distance,animal,4,3,3,0.07376252114772797,0.1689623510502523
guided_noise_error,age+lambda_distance,animal,4,5,1,0.10609395802021027,0.07208225688532197
guided_noise_error,age+lambda_distance,animal,4,6,2,0.12528741359710693,0.11409898446780954
guided_noise_error,age+lambda_distance,animal,4,7,3,0.14973685145378113,0.15527138000347582
guided_noise_error,age+lambda_distance,animal,4,9,1,0.0999821349978447,0.06898342647379047
guided_noise_error,age+lambda_distance,animal,4,10,2,0.18467974662780762,0.10821656171664332
guided_noise_error,age+lambda_distance,animal,4,11,3,0.2204383909702301,0.14741274905621934
guided_noise_error,age+lambda_distance,animal,4,13,1,0.08912436664104462,0.06827890652627845
guided_noise_error,age+lambda_distance,animal,4,14,2,0.15529437363147736,0.10779978114561571
guided_noise_error,age+lambda_distance,animal,4,15,3,0.21964426338672638,0.14798503353704948
guided_noise_error,age+lambda_distance,animal,4,17,1,0.09268347173929214,0.07246713173425426
guided_noise_error,age+lambda_distance,animal,4,18,2,0.20461870729923248,0.11972465269333951
guided_noise_error,age+lambda_distance,animal,4,19,3,0.3568684160709381,0.17660665949230892
guided_noise_error,age+lambda_distance,animal,5,1,1,0.05644417554140091,0.07708651790443012
guided_noise_error,age+lambda_distance,animal,5,2,2,0.0842888131737709,0.12367801051192895
guided_noise_error,age+lambda_distance,animal,5,3,3,0.08710752427577972,0.1689623510502523
guided_noise_error,age+lambda_distance,animal,5,4,4,0.11657854914665222,0.2130426606549547
guided_noise_error,age+lambda_distance,animal,5,6,1,0.07514176517724991,0.07111061438857824
guided_noise_error,age+lambda_distance,animal,5,7,2,0.10272437334060669,0.1122830099242445
guided_noise_error,age+lambda_distance,animal,5,8,3,0.1315695196390152,0.15274443941366853
guided_noise_error,age+lambda_distance,animal,5,9,4,0.15101727843284607,0.1926339790813683
guided_noise_error,age+lambda_distance,animal,5,11,1,0.05552089959383011,0.06829007414566667
guided_noise_error,age+lambda_distance,animal,5,12,2,0.10774538666009903,0.10738235925354096
guided_noise_error,age+lambda_distance,animal,5,13,3,0.1576167494058609,0.14656737897372876
guided_noise_error,age+lambda_distance,animal,5,14,4,0.22772012650966644,0.18608825359306602
guided_noise_error,age+lambda_distance,animal,5,16,1,0.0666014552116394,0.07043994673698092
guided_noise_error,age+lambda_distance,animal,5,17,2,0.14145269989967346,0.11381319166514452
guided_noise_error,age+lambda_distance,animal,5,18,3,0.2334267944097519,0.16107071262422978
guided_noise_error,age+lambda_distance,animal,5,19,4,0.36555951833724976,0.2179527194231992
guided_noise_error,age+lambda_distance,animal,5,1,1,0.03160775825381279,0.07708651790443012
guided_noise_error,age+lambda_distance,animal,5,2,2,0.045105382800102234,0.12367801051192895
guided_noise_error,age+lambda_distance,animal,5,3,3,0.07376252114772797,0.1689623510502523
guided_noise_error,age+lambda_distance,animal,5,4,4,0.09323104470968246,0.2130426606549547
guided_noise_error,age+lambda_distance,animal,5,6,1,0.12081434577703476,0.07111061438857824
guided_noise_error,age+lambda_distance,animal,5,7,2,0.15466070175170898,0.1122830099242445
guided_noise_error,age+lambda_distance,animal,5,8,3,0.188329815864563,0.15274443941366853
guided_noise_error,age+lambda_distance,animal,5,9,4,0.23947107791900635,0.1926339790813683
guided_noise_error,age+lambda_distance,animal,5,11,1,0.15032479166984558,0.06829007414566667
guided_noise_error,age+lambda_distance,animal,5,12,2,0.1966877579689026,0.10738235925354096
guided_noise_error,age+lambda_distance,animal,5,13,3,0.24525776505470276,0.14656737897372876
guided_noise_error,age+lambda_distance,animal,5,14,4,0.2920941114425659,0.18608825359306602
guided_noise_error,age+lambda_distance,animal,5,16,1,0.08222384750843048,0.07043994673698092
guided_noise_error,age+lambda_distance,animal,5,17,2,0.17255254089832306,0.11381319166514452
guided_noise_error,age+lambda_distance,animal,5,18,3,0.27952706813812256,0.16107071262422978
guided_noise_error,age+lambda_distance,animal,5,19,4,0.4292267858982086,0.2179527194231992
guided_noise_error,intercept,architecture,2,1,1,0.027257665991783142,0.10357075049676032
guided_noise_error,intercept,architecture,2,3,1,0.030978510156273842,0.10357075049676032
guided_noise_error,intercept,architecture,2,5,1,0.14724265038967133,0.10357075049676032
guided_noise_error,intercept,architecture,2,7,1,0.15503515303134918,0.10357075049676032
guided_noise_error,intercept,architecture,2,9,1,0.17686522006988525,0.10357075049676032
guided_noise_error,intercept,architecture,2,11,1,0.19093140959739685,0.10357075049676032
guided_noise_error,intercept,architecture,2,13,1,0.16088388860225677,0.10357075049676032
guided_noise_error,intercept,architecture,2,15,1,0.1395890712738037,0.10357075049676032
guided_noise_error,intercept,architecture,2,17,1,0.1277129054069519,0.10357075049676032
guided_noise_error,intercept,architecture,2,19,1,0.16979770362377167,0.10357075049676032
guided_noise_error,intercept,architecture,2,1,1,0.038130007684230804,0.10357075049676032
guided_noise_error,intercept,architecture,2,3,1,0.031082671135663986,0.10357075049676032
guided_noise_error,intercept,architecture,2,5,1,0.10559548437595367,0.10357075049676032
guided_noise_error,intercept,architecture,2,7,1,0.09092883765697479,0.10357075049676032
guided_noise_error,intercept,architecture,2,9,1,0.09947178512811661,0.10357075049676032
guided_noise_error,intercept,architecture,2,11,1,0.15674583613872528,0.10357075049676032
guided_noise_error,intercept,architecture,2,13,1,0.14564134180545807,0.10357075049676032
guided_noise_error,intercept,architecture,2,15,1,0.11407121270895004,0.10357075049676032
guided_noise_error,intercept,architecture,2,17,1,0.10980460792779922,0.10357075049676032
guided_noise_error,intercept,architecture,2,19,1,0.14441043138504028,0.10357075049676032
guided_noise_error,intercept,architecture,3,1,1,0.027257665991783142,0.10357075049676032
guided_noise_error,intercept,architecture,3,2,2,0.03231701999902725,0.10357075049676032
guided_noise_error,intercept,architecture,3,4,1,0.06245206296443939,0.10357075049676032
guided_noise_error,intercept,architecture,3,5,2,0.14388449490070343,0.10357075049676032
guided_noise_error,intercept,architecture,3,7,1,0.15503515303134918,0.10357075049676032
guided_noise_error,intercept,architecture,3,8,2,0.2073519229888916,0.10357075049676032
guided_noise_error,intercept,architecture,3,10,1,0.19088143110275269,0.10357075049676032
guided_noise_error,intercept,architecture,3,11,2,0.2744671702384949,0.10357075049676032
guided_noise_error,intercept,architecture,3,13,1,0.16088388860225677,0.10357075049676032
guided_noise_error,intercept,architecture,3,14,2,0.2643265724182129,0.10357075049676032
guided_noise_error,intercept,architecture,3,16,1,0.12878672778606415,0.10357075049676032
guided_noise_error,intercept,architecture,3,17,2,0.23692792654037476,0.10357075049676032
guided_noise_error,intercept,architecture,3,19,1,0.16979770362377167,0.10357075049676032
guided_noise_error,intercept,architecture,3,1,1,0.038130007684230804,0.10357075049676032
guided_noise_error,intercept,architecture,3,2,2,0.04401563107967377,0.10357075049676032
guided_noise_error,intercept,architecture,3,4,1,0.07446430623531342,0.10357075049676032
guided_noise_error,intercept,architecture,3,5,2,0.09487032145261765,0.10357075049676032
guided_noise_error,intercept,architecture,3,7,1,0.09092883765697479,0.10357075049676032
guided_noise_error,intercept,architecture,3,8,2,0.15414629876613617,0.10357075049676032
guided_noise_error,intercept,architecture,3,10,1,0.110893115401268,0.10357075049676032
guided_noise_error,intercept,architecture,3,11,2,0.22005216777324677,0.10357075049676032
guided_noise_error,intercept,architecture,3,13,1,0.14564134180545807,0.10357075049676032
guided_noise_error,intercept,architecture,3,14,2,0.230398029088974,0.10357075049676032
guided_noise_error,intercept,architecture,3,16,1,0.10483647137880325,0.10357075049676032
guided_noise_error,intercept,architecture,3,17,2,0.20257766544818878,0.10357075049676032
guided_noise_error,intercept,architecture,3,19,1,0.14441043138504028,0.10357075049676032
guided_noise_error,intercept,architecture,4,1,1,0.027257665991783142,0.10357075049676032
guided_noise_error,intercept,architecture,4,2,2,0.03231701999902725,0.10357075049676032
guided_noise_error,intercept,architecture,4,3,3,0.05782866105437279,0.10357075049676032
guided_noise_error,intercept,architecture,4,5,1,0.14724265038967133,0.10357075049676032
guided_noise_error,intercept,architecture,4,6,2,0.15063919126987457,0.10357075049676032
guided_noise_error,intercept,architecture,4,7,3,0.15356586873531342,0.10357075049676032
guided_noise_error,intercept,architecture,4,9,1,0.17686522006988525,0.10357075049676032
guided_noise_error,intercept,architecture,4,10,2,0.2574911415576935,0.10357075049676032
guided_noise_error,intercept,architecture,4,11,3,0.2991592586040497,0.10357075049676032
guided_noise_error,intercept,architecture,4,13,1,0.16088388860225677,0.10357075049676032
guided_noise_error,intercept,architecture,4,14,2,0.2643265724182129,0.10357075049676032
guided_noise_error,intercept,architecture,4,15,3,0.33477267622947693,0.10357075049676032
guided_noise_error,intercept,architecture,4,17,1,0.1277129054069519,0.10357075049676032
guided_noise_error,intercept,architecture,4,18,2,0.25026312470436096,0.10357075049676032
guided_noise_error,intercept,architecture,4,19,3,0.39338234066963196,0.10357075049676032
guided_noise_error,intercept,architecture,4,1,1,0.038130007684230804,0.10357075049676032
guided_noise_error,intercept,architecture,4,2,2,0.04401563107967377,0.10357075049676032
guided_noise_error,intercept,architecture,4,3,3,0.06978253275156021,0.10357075049676032
guided_noise_error,intercept,architecture,4,5,1,0.10559548437595367,0.10357075049676032
guided_noise_error,intercept,architecture,4,6,2,0.1327245533466339,0.10357075049676032
guided_noise_error,intercept,architecture,4,7,3,0.1538294404745102,0.10357075049676032
guided_noise_error,intercept,architecture,4,9,1,0.09947178512811661,0.10357075049676032
guided_noise_error,intercept,architecture,4,10,2,0.177732452750206,0.10357075049676032
guided_noise_error,intercept,architecture,4,11,3,0.2539229989051819,0.10357075049676032
guided_noise_error,intercept,architecture,4,13,1,0.14564134180545807,0.10357075049676032
guided_noise_error,intercept,architecture,4,14,2,0.230398029088974,0.10357075049676032
guided_noise_error,intercept,architecture,4,15,3,0.28717273473739624,0.10357075049676032
guided_noise_error,intercept,architecture,4,17,1,0.10980460792779922,0.10357075049676032
guided_noise_error,intercept,architecture,4,18,2,0.21481873095035553,0.10357075049676032
guided_noise_error,intercept,architecture,4,19,3,0.3374169170856476,0.10357075049676032
guided_noise_error,intercept,architecture,5,1,1,0.027257665991783142,0.10357075049676032
guided_noise_error,intercept,architecture,5,2,2,0.03231701999902725,0.10357075049676032
guided_noise_error,intercept,architecture,5,3,3,0.05782866105437279,0.10357075049676032
guided_noise_error,intercept,architecture,5,4,4,0.08696893602609634,0.10357075049676032
guided_noise_error,intercept,architecture,5,6,1,0.18091696500778198,0.10357075049676032
guided_noise_error,intercept,architecture,5,7,2,0.1826259344816208,0.10357075049676032
guided_noise_error,intercept,architecture,5,8,3,0.22689656913280487,0.10357075049676032
guided_noise_error,intercept,architecture,5,9,4,0.28218430280685425,0.10357075049676032
guided_noise_error,intercept,architecture,5,11,1,0.19093140959739685,0.10357075049676032
guided_noise_error,intercept,architecture,5,12,2,0.2850283086299896,0.10357075049676032
guided_noise_error,intercept,architecture,5,13,3,0.3412565290927887,0.10357075049676032
guided_noise_error,intercept,architecture,5,14,4,0.394747257232666,0.10357075049676032
guided_noise_error,intercept,architecture,5,16,1,0.12878672778606415,0.10357075049676032
guided_noise_error,intercept,architecture,5,17,2,0.23692792654037476,0.10357075049676032
guided_noise_error,intercept,architecture,5,18,3,0.3392615020275116,0.10357075049676032
guided_noise_error,intercept,architecture,5,19,4,0.4725998044013977,0.10357075049676032
guided_noise_error,intercept,architecture,5,1,1,0.038130007684230804,0.10357075049676032
guided_noise_error,intercept,architecture,5,2,2,0.04401563107967377,0.10357075049676032
guided_noise_error,intercept,architecture,5,3,3,0.06978253275156021,0.10357075049676032
guided_noise_error,intercept,architecture,5,4,4,0.10688499361276627,0.10357075049676032
guided_noise_error,intercept,architecture,5,6,1,0.0841069445014,0.10357075049676032
guided_noise_error,intercept,architecture,5,7,2,0.1298338919878006,0.10357075049676032
guided_noise_error,intercept,architecture,5,8,3,0.17653042078018188,0.10357075049676032
guided_noise_error,intercept,architecture,5,9,4,0.2118886262178421,0.10357075049676032
guided_noise_error,intercept,architecture,5,11,1,0.15674583613872528,0.10357075049676032
guided_noise_error,intercept,architecture,5,12,2,0.24499233067035675,0.10357075049676032
guided_noise_error,intercept,architecture,5,13,3,0.2975854277610779,0.10357075049676032
guided_noise_error,intercept,architecture,5,14,4,0.33241668343544006,0.10357075049676032
guided_noise_error,intercept,architecture,5,16,1,0.10483647137880325,0.10357075049676032
guided_noise_error,intercept,architecture,5,17,2,0.20257766544818878,0.10357075049676032
guided_noise_error,intercept,architecture,5,18,3,0.29548180103302,0.10357075049676032
guided_noise_error,intercept,architecture,5,19,4,0.41353458166122437,0.10357075049676032
guided_noise_error,age,architecture,2,1,1,0.027257665991783142,0.06831781187435382
guided_noise_error,age,architecture,2,3,1,0.030978510156273842,0.06831781187435382
guided_noise_error,age,architecture,2,5,1,0.14724265038967133,0.06831781187435382
guided_noise_error,age,architecture,2,7,1,0.15503515303134918,0.06831781187435382
guided_noise_error,age,architecture,2,9,1,0.17686522006988525,0.06831781187435382
guided_noise_error,age,architecture,2,11,1,0.19093140959739685,0.06831781187435382
guided_noise_error,age,architecture,2,13,1,0.16088388860225677,0.06831781187435382
guided_noise_error,age,architecture,2,15,1,0.1395890712738037,0.06831781187435382
guided_noise_error,age,architecture,2,17,1,0.1277129054069519,0.06831781187435382
guided_noise_error,age,architecture,2,19,1,0.16979770362377167,0.06831781187435382
guided_noise_error,age,architecture,2,1,1,0.038130007684230804,0.06831781187435382
guided_noise_error,age,architecture,2,3,1,0.031082671135663986,0.06831781187435382
guided_noise_error,age,architecture,2,5,1,0.10559548437595367,0.06831781187435382
guided_noise_error,age,architecture,2,7,1,0.09092883765697479,0.06831781187435382
guided_noise_error,age,architecture,2,9,1,0.09947178512811661,0.06831781187435382
guided_noise_error,age,architecture,2,11,1,0.15674583613872528,0.06831781187435382
guided_noise_error,age,architecture,2,13,1,0.14564134180545807,0.06831781187435382
guided_noise_error,age,architecture,2,15,1,0.11407121270895004,0.06831781187435382
guided_noise_error,age,architecture,2,17,1,0.10980460792779922,0.06831781187435382
guided_noise_error,age,architecture,2,19,1,0.14441043138504028,0.06831781187435382
guided_noise_error,age,architecture,3,1,1,0.027257665991783142,0.06831781187435382
guided_noise_error,age,architecture,3,2,2,0.03231701999902725,0.11062133822124158
guided_noise_error,age,architecture,3,4,1,0.06245206296443939,0.06831781187435382
guided_noise_error,age,architecture,3,5,2,0.14388449490070343,0.11062133822124158
guided_noise_error,age,architecture,3,7,1,0.15503515303134918,0.06831781187435382
guided_noise_error,age,architecture,3,8,2,0.2073519229888916,0.11062133822124158
guided_noise_error,age,architecture,3,10,1,0.19088143110275269,0.06831781187435382
guided_noise_error,age,architecture,3,11,2,0.2744671702384949,0.11062133822124158
guided_noise_error,age,architecture,3,13,1,0.16088388860225677,0.06831781187435382
guided_noise_error,age,architecture,3,14,2,0.2643265724182129,0.11062133822124158
guided_noise_error,age,architecture,3,16,1,0.12878672778606415,0.06831781187435382
guided_noise_error,age,architecture,3,17,2,0.23692792654037476,0.11062133822124158
guided_noise_error,age,architecture,3,19,1,0.16979770362377167,0.06831781187435382
guided_noise_error,age,architecture,3,1,1,0.038130007684230804,0.06831781187435382
guided_noise_error,age,architecture,3,2,2,0.04401563107967377,0.11062133822124158
guided_noise_error,age,architecture,3,4,1,0.07446430623531342,0.06831781187435382
guided_noise_error,age,architecture,3,5,2,0.09487032145261765,0.11062133822124158
guided_noise_error,age,architecture,3,7,1,0.09092883765697479,0.06831781187435382
guided_noise_error,age,architecture,3,8,2,0.15414629876613617,0.11062133822124158
guided_noise_error,age,architecture,3,10,1,0.110893115401268,0.06831781187435382
guided_noise_error,age,architecture,3,11,2,0.22005216777324677,0.11062133822124158
guided_noise_error,age,architecture,3,13,1,0.14564134180545807,0.06831781187435382
guided_noise_error,age,architecture,3,14,2,0.230398029088974,0.11062133822124158
guided_noise_error,age,architecture,3,16,1,0.10483647137880325,0.06831781187435382
guided_noise_error,age,architecture,3,17,2,0.20257766544818878,0.11062133822124158
guided_noise_error,age,architecture,3,19,1,0.14441043138504028,0.06831781187435382
guided_noise_error,age,architecture,4,1,1,0.027257665991783142,0.06831781187435382
guided_noise_error,age,architecture,4,2,2,0.03231701999902725,0.11062133822124158
guided_noise_error,age,architecture,4,3,3,0.05782866105437279,0.15292486456812937
guided_noise_error,age,architecture,4,5,1,0.14724265038967133,0.06831781187435382
guided_noise_error,age,architecture,4,6,2,0.15063919126987457,0.11062133822124158
guided_noise_error,age,architecture,4,7,3,0.15356586873531342,0.15292486456812937
guided_noise_error,age,architecture,4,9,1,0.17686522006988525,0.06831781187435382
guided_noise_error,age,architecture,4,10,2,0.2574911415576935,0.11062133822124158
guided_noise_error,age,architecture,4,11,3,0.2991592586040497,0.15292486456812937
guided_noise_error,age,architecture,4,13,1,0.16088388860225677,0.06831781187435382
guided_noise_error,age,architecture,4,14,2,0.2643265724182129,0.11062133822124158
guided_noise_error,age,architecture,4,15,3,0.33477267622947693,0.15292486456812937
guided_noise_error,age,architecture,4,17,1,0.1277129054069519,0.06831781187435382
guided_noise_error,age,architecture,4,18,2,0.25026312470436096,0.11062133822124158
guided_noise_error,age,architecture,4,19,3,0.39338234066963196,0.15292486456812937
guided_noise_error,age,architecture,4,1,1,0.038130007684230804,0.06831781187435382
guided_noise_error,age,architecture,4,2,2,0.04401563107967377,0.11062133822124158
guided_noise_error,age,architecture,4,3,3,0.06978253275156021,0.15292486456812937
guided_noise_error,age,architecture,4,5,1,0.10559548437595367,0.06831781187435382
guided_noise_error,age,architecture,4,6,2,0.1327245533466339,0.11062133822124158
guided_noise_error,age,architecture,4,7,3,0.1538294404745102,0.15292486456812937
guided_noise_error,age,architecture,4,9,1,0.09947178512811661,0.06831781187435382
guided_noise_error,age,architecture,4,10,2,0.177732452750206,0.11062133822124158
guided_noise_error,age,architecture,4,11,3,0.2539229989051819,0.15292486456812937
guided_noise_error,age,architecture,4,13,1,0.14564134180545807,0.06831781187435382
guided_noise_error,age,architecture,4,14,2,0.230398029088974,0.11062133822124158
guided_noise_error,age,architecture,4,15,3,0.28717273473739624,0.15292486456812937
guided_noise_error,age,architecture,4,17,1,0.10980460792779922,0.06831781187435382
guided_noise_error,age,architecture,4,18,2,0.21481873095035553,0.11062133822124158
guided_noise_error,age,architecture,4,19,3,0.3374169170856476,0.15292486456812937
guided_noise_error,age,architecture,5,1,1,0.027257665991783142,0.06831781187435382
guided_noise_error,age,architecture,5,2,2,0.03231701999902725,0.11062133822124158
guided_noise_error,age,architecture,5,3,3,0.05782866105437279,0.15292486456812937
guided_noise_error,age,architecture,5,4,4,0.08696893602609634,0.19522839091501715
guided_noise_error,age,architecture,5,6,1,0.18091696500778198,0.06831781187435382
guided_noise_error,age,architecture,5,7,2,0.1826259344816208,0.11062133822124158
guided_noise_error,age,architecture,5,8,3,0.22689656913280487,0.15292486456812937
guided_noise_error,age,architecture,5,9,4,0.28218430280685425,0.19522839091501715
guided_noise_error,age,architecture,5,11,1,0.19093140959739685,0.06831781187435382
guided_noise_error,age,architecture,5,12,2,0.2850283086299896,0.11062133822124158
guided_noise_error,age,architecture,5,13,3,0.3412565290927887,0.15292486456812937
guided_noise_error,age,architecture,5,14,4,0.394747257232666,0.19522839091501715
guided_noise_error,age,architecture,5,16,1,0.12878672778606415,0.06831781187435382
guided_noise_error,age,architecture,5,17,2,0.23692792654037476,0.11062133822124158
guided_noise_error,age,architecture,5,18,3,0.3392615020275116,0.15292486456812937
guided_noise_error,age,architecture,5,19,4,0.4725998044013977,0.19522839091501715
guided_noise_error,age,architecture,5,1,1,0.038130007684230804,0.06831781187435382
guided_noise_error,age,architecture,5,2,2,0.04401563107967377,0.11062133822124158
guided_noise_error,age,architecture,5,3,3,0.06978253275156021,0.15292486456812937
guided_noise_error,age,architecture,5,4,4,0.10688499361276627,0.19522839091501715
guided_noise_error,age,architecture,5,6,1,0.0841069445014,0.06831781187435382
guided_noise_error,age,architecture,5,7,2,0.1298338919878006,0.11062133822124158
guided_noise_error,age,architecture,5,8,3,0.17653042078018188,0.15292486456812937
guided_noise_error,age,architecture,5,9,4,0.2118886262178421,0.19522839091501715
guided_noise_error,age,architecture,5,11,1,0.15674583613872528,0.06831781187435382
guided_noise_error,age,architecture,5,12,2,0.24499233067035675,0.11062133822124158
guided_noise_error,age,architecture,5,13,3,0.2975854277610779,0.15292486456812937
guided_noise_error,age,architecture,5,14,4,0.33241668343544006,0.19522839091501715
guided_noise_error,age,architecture,5,16,1,0.10483647137880325,0.06831781187435382
guided_noise_error,age,architecture,5,17,2,0.20257766544818878,0.11062133822124158
guided_noise_error,age,architecture,5,18,3,0.29548180103302,0.15292486456812937
guided_noise_error,age,architecture,5,19,4,0.41353458166122437,0.19522839091501715
guided_noise_error,lambda_distance,architecture,2,1,1,0.027257665991783142,0.08409845364554092
guided_noise_error,lambda_distance,architecture,2,3,1,0.030978510156273842,0.07729856353787272
guided_noise_error,lambda_distance,architecture,2,5,1,0.14724265038967133,0.07153391367246631
guided_noise_error,lambda_distance,architecture,2,7,1,0.15503515303134918,0.06697442233986287
guided_noise_error,lambda_distance,architecture,2,9,1,0.17686522006988525,0.06375346848249784
guided_noise_error,lambda_distance,architecture,2,11,1,0.19093140959739685,0.06201262143058122
guided_noise_error,lambda_distance,architecture,2,13,1,0.16088388860225677,0.0619845821257425
guided_noise_error,lambda_distance,architecture,2,15,1,0.1395890712738037,0.06449593461760049
guided_noise_error,lambda_distance,architecture,2,17,1,0.1277129054069519,0.07250024524581472
guided_noise_error,lambda_distance,architecture,2,19,1,0.16979770362377167,0.10641761643496471
guided_noise_error,lambda_distance,architecture,2,1,1,0.038130007684230804,0.08409845364554092
guided_noise_error,lambda_distance,architecture,2,3,1,0.031082671135663986,0.07729856353787272
guided_noise_error,lambda_distance,architecture,2,5,1,0.10559548437595367,0.07153391367246631
guided_noise_error,lambda_distance,architecture,2,7,1,0.09092883765697479,0.06697442233986287
guided_noise_error,lambda_distance,architecture,2,9,1,0.09947178512811661,0.06375346848249784
guided_noise_error,lambda_distance,architecture,2,11,1,0.15674583613872528,0.06201262143058122
guided_noise_error,lambda_distance,architecture,2,13,1,0.14564134180545807,0.0619845821257425
guided_noise_error,lambda_distance,architecture,2,15,1,0.11407121270895004,0.06449593461760049
guided_noise_error,lambda_distance,architecture,2,17,1,0.10980460792779922,0.07250024524581472
guided_noise_error,lambda_distance,architecture,2,19,1,0.14441043138504028,0.10641761643496471
guided_noise_error,lambda_distance,architecture,3,1,1,0.027257665991783142,0.08409845364554092
guided_noise_error,lambda_distance,architecture,3,2,2,0.03231701999902725,0.13129783658370492
guided_noise_error,lambda_distance,architecture,3,4,1,0.06245206296443939,0.07427552082756367
guided_noise_error,lambda_distance,architecture,3,5,2,0.14388449490070343,0.11242829791094931
guided_noise_error,lambda_distance,architecture,3,7,1,0.15503515303134918,0.06697442233986287
guided_noise_error,lambda_distance,architecture,3,8,2,0.2073519229888916,0.09878263707348586
guided_noise_error,lambda_distance,architecture,3,10,1,0.19088143110275269,0.06210538905518567
guided_noise_error,lambda_distance,architecture,3,11,2,0.2744671702384949,0.09073687389668621
guided_noise_error,lambda_distance,architecture,3,13,1,0.16088388860225677,0.0619845821257425
guided_noise_error,lambda_distance,architecture,3,14,2,0.2643265724182129,0.09143128149936514
guided_noise_error,lambda_distance,architecture,3,16,1,0.12878672778606415,0.06741045339966573
guided_noise_error,lambda_distance,architecture,3,17,2,0.23692792654037476,0.10652956205639977
guided_noise_error,lambda_distance,architecture,3,19,1,0.16979770362377167,0.10641761643496471
guided_noise_error,lambda_distance,architecture,3,1,1,0.038130007684230804,0.08409845364554092
guided_noise_error,lambda_distance,architecture,3,2,2,0.04401563107967377,0.13129783658370492
guided_noise_error,lambda_distance,architecture,3,4,1,0.07446430623531342,0.07427552082756367
guided_noise_error,lambda_distance,architecture,3,5,2,0.09487032145261765,0.11242829791094931
guided_noise_error,lambda_distance,architecture,3,7,1,0.09092883765697479,0.06697442233986287
guided_noise_error,lambda_distance,architecture,3,8,2,0.15414629876613617,0.09878263707348586
guided_noise_error,lambda_distance,architecture,3,10,1,0.110893115401268,0.06210538905518567
guided_noise_error,lambda_distance,architecture,3,11,2,0.22005216777324677,0.09073687389668621
guided_noise_error,lambda_distance,architecture,3,13,1,0.14564134180545807,0.0619845821257425
guided_noise_error,lambda_distance,architecture,3,14,2,0.230398029088974,0.09143128149936514
guided_noise_error,lambda_distance,architecture,3,16,1,0.10483647137880325,0.06741045339966573
guided_noise_error,lambda_distance,architecture,3,17,2,0.20257766544818878,0.10652956205639977
guided_noise_error,lambda_distance,architecture,3,19,1,0.14441043138504028,0.10641761643496471
guided_noise_error,lambda_distance,architecture,4,1,1,0.027257665991783142,0.08409845364554092
guided_noise_error,lambda_distance,architecture,4,2,2,0.03231701999902725,0.13129783658370492
guided_noise_error,lambda_distance,architecture,4,3,3,0.05782866105437279,0.17521526353249695
guided_noise_error,lambda_distance,architecture,4,5,1,0.14724265038967133,0.07153391367246631
guided_noise_error,lambda_distance,architecture,4,6,2,0.15063919126987457,0.10724712156806201
guided_noise_error,lambda_distance,architecture,4,7,3,0.15356586873531342,0.14084040731884423
guided_noise_error,lambda_distance,architecture,4,9,1,0.17686522006988525,0.06375346848249784
guided_noise_error,lambda_distance,architecture,4,10,2,0.2574911415576935,0.09247772094860283
guided_noise_error,lambda_distance,architecture,4,11,3,0.2991592586040497,0.12110920579010337
guided_noise_error,lambda_distance,architecture,4,13,1,0.16088388860225677,0.0619845821257425
guided_noise_error,lambda_distance,architecture,4,14,2,0.2643265724182129,0.09143128149936514
guided_noise_error,lambda_distance,architecture,4,15,3,0.33477267622947693,0.12254607952788495
guided_noise_error,lambda_distance,architecture,4,17,1,0.1277129054069519,0.07250024524581472
guided_noise_error,lambda_distance,architecture,4,18,2,0.25026312470436096,0.12137187106154947
guided_noise_error,lambda_distance,architecture,4,19,3,0.39338234066963196,0.1944083509074335
guided_noise_error,lambda_distance,architecture,4,1,1,0.038130007684230804,0.08409845364554092
guided_noise_error,lambda_distance,architecture,4,2,2,0.04401563107967377,0.13129783658370492
guided_noise_error,lambda_distance,architecture,4,3,3,0.06978253275156021,0.17521526353249695
guided_noise_error,lambda_distance,architecture,4,5,1,0.10559548437595367,0.07153391367246631
guided_noise_error,lambda_distance,architecture,4,6,2,0.1327245533466339,0.10724712156806201
guided_noise_error,lambda_distance,architecture,4,7,3,0.1538294404745102,0.14084040731884423
guided_noise_error,lambda_distance,architecture,4,9,1,0.09947178512811661,0.06375346848249784
guided_noise_error,lambda_distance,architecture,4,10,2,0.177732452750206,0.09247772094860283
guided_noise_error,lambda_distance,architecture,4,11,3,0.2539229989051819,0.12110920579010337
guided_noise_error,lambda_distance,architecture,4,13,1,0.14564134180545807,0.0619845821257425
guided_noise_error,lambda_distance,architecture,4,14,2,0.230398029088974,0.09143128149936514
guided_noise_error,lambda_distance,architecture,4,15,3,0.28717273473739624,0.12254607952788495
guided_noise_error,lambda_distance,architecture,4,17,1,0.10980460792779922,0.07250024524581472
guided_noise_error,lambda_distance,architecture,4,18,2,0.21481873095035553,0.12137187106154947
guided_noise_error,lambda_distance,architecture,4,19,3,0.3374169170856476,0.1944083509074335
guided_noise_error,lambda_distance,architecture,5,1,1,0.027257665991783142,0.08409845364554092
guided_noise_error,lambda_distance,architecture,5,2,2,0.03231701999902725,0.13129783658370492
guided_noise_error,lambda_distance,architecture,5,3,3,0.05782866105437279,0.17521526353249695
guided_noise_error,lambda_distance,architecture,5,4,4,0.08696893602609634,0.21610964777097996
guided_noise_error,lambda_distance,architecture,5,6,1,0.18091696500778198,0.06909434448467638
guided_noise_error,lambda_distance,architecture,5,7,2,0.1826259344816208,0.10268763023545857
guided_noise_error,lambda_distance,architecture,5,8,3,0.22689656913280487,0.13449584496908157
guided_noise_error,lambda_distance,architecture,5,9,4,0.28218430280685425,0.16486817686249872
guided_noise_error,lambda_distance,architecture,5,11,1,0.19093140959739685,0.06201262143058122
guided_noise_error,lambda_distance,architecture,5,12,2,0.2850283086299896,0.09038323184156684
guided_noise_error,lambda_distance,architecture,5,13,3,0.3412565290927887,0.11898667737822866
guided_noise_error,lambda_distance,architecture,5,14,4,0.394747257232666,0.14843337675185128
guided_noise_error,lambda_distance,architecture,5,16,1,0.12878672778606415,0.06741045339966573
guided_noise_error,lambda_distance,architecture,5,17,2,0.23692792654037476,0.10652956205639977
guided_noise_error,lambda_distance,architecture,5,18,3,0.3392615020275116,0.15540118787213453
guided_noise_error,lambda_distance,architecture,5,19,4,0.4725998044013977,0.22843766771801854
guided_noise_error,lambda_distance,architecture,5,1,1,0.038130007684230804,0.08409845364554092
guided_noise_error,lambda_distance,architecture,5,2,2,0.04401563107967377,0.13129783658370492
guided_noise_error,lambda_distance,architecture,5,3,3,0.06978253275156021,0.17521526353249695
guided_noise_error,lambda_distance,architecture,5,4,4,0.10688499361276627,0.21610964777097996
guided_noise_error,lambda_distance,architecture,5,6,1,0.0841069445014,0.06909434448467638
guided_noise_error,lambda_distance,architecture,5,7,2,0.1298338919878006,0.10268763023545857
guided_noise_error,lambda_distance,architecture,5,8,3,0.17653042078018188,0.13449584496908157
guided_noise_error,lambda_distance,architecture,5,9,4,0.2118886262178421,0.16486817686249872
guided_noise_error,lambda_distance,architecture,5,11,1,0.15674583613872528,0.06201262143058122
guided_noise_error,lambda_distance,architecture,5,12,2,0.24499233067035675,0.09038323184156684
guided_noise_error,lambda_distance,architecture,5,13,3,0.2975854277610779,0.11898667737822866
guided_noise_error,lambda_distance,architecture,5,14,4,0.33241668343544006,0.14843337675185128
guided_noise_error,lambda_distance,architecture,5,16,1,0.10483647137880325,0.06741045339966573
guided_noise_error,lambda_distance,architecture,5,17,2,0.20257766544818878,0.10652956205639977
guided_noise_error,lambda_distance,architecture,5,18,3,0.29548180103302,0.15540118787213453
guided_noise_error,lambda_distance,architecture,5,19,4,0.41353458166122437,0.22843766771801854
guided_noise_error,age+lambda_distance,architecture,2,1,1,0.027257665991783142,0.07550483164099756
guided_noise_error,age+lambda_distance,architecture,2,3,1,0.030978510156273842,0.07157438183179853
guided_noise_error,age+lambda_distance,architecture,2,5,1,0.14724265038967133,0.06824231813594044
guided_noise_error,age+lambda_distance,architecture,2,7,1,0.15503515303134918,0.06560685615721426
guided_noise_error,age+lambda_distance,architecture,2,9,1,0.17686522006988525,0.0637450911472411
guided_noise_error,age+lambda_distance,architecture,2,11,1,0.19093140959739685,0.06273885253827677
guided_noise_error,age+lambda_distance,architecture,2,13,1,0.16088388860225677,0.06272264535277694
guided_noise_error,age+lambda_distance,architecture,2,15,1,0.1395890712738037,0.06417424894727085
guided_noise_error,age+lambda_distance,architecture,2,17,1,0.1277129054069519,0.06880087389021756
guided_noise_error,age+lambda_distance,architecture,2,19,1,0.16979770362377167,0.08840567970444589
guided_noise_error,age+lambda_distance,architecture,2,1,1,0.038130007684230804,0.07550483164099756
guided_noise_error,age+lambda_distance,architecture,2,3,1,0.031082671135663986,0.07157438183179853
guided_noise_error,age+lambda_distance,architecture,2,5,1,0.10559548437595367,0.06824231813594044
guided_noise_error,age+lambda_distance,architecture,2,7,1,0.09092883765697479,0.06560685615721426
guided_noise_error,age+lambda_distance,architecture,2,9,1,0.09947178512811661,0.0637450911472411
guided_noise_error,age+lambda_distance,architecture,2,11,1,0.15674583613872528,0.06273885253827677
guided_noise_error,age+lambda_distance,architecture,2,13,1,0.14564134180545807,0.06272264535277694
guided_noise_error,age+lambda_distance,architecture,2,15,1,0.11407121270895004,0.06417424894727085
guided_noise_error,age+lambda_distance,architecture,2,17,1,0.10980460792779922,0.06880087389021756
guided_noise_error,age+lambda_distance,architecture,2,19,1,0.14441043138504028,0.08840567970444589
guided_noise_error,age+lambda_distance,architecture,3,1,1,0.027257665991783142,0.07550483164099756
guided_noise_error,age+lambda_distance,architecture,3,2,2,0.03231701999902725,0.12295958970471664
guided_noise_error,age+lambda_distance,architecture,3,4,1,0.06245206296443939,0.06982701276321086
guided_noise_error,age+lambda_distance,architecture,3,5,2,0.14388449490070343,0.11205268187213717
guided_noise_error,age+lambda_distance,architecture,3,7,1,0.15503515303134918,0.06560685615721426
guided_noise_error,age+lambda_distance,architecture,3,8,2,0.2073519229888916,0.10416526248950324
guided_noise_error,age+lambda_distance,architecture,3,10,1,0.19088143110275269,0.06279247377136335
guided_noise_error,age+lambda_distance,architecture,3,11,2,0.2744671702384949,0.09951467728262599
guided_noise_error,age+lambda_distance,architecture,3,13,1,0.16088388860225677,0.06272264535277694
guided_noise_error,age+lambda_distance,architecture,3,14,2,0.2643265724182129,0.09991605644997133
guided_noise_error,age+lambda_distance,architecture,3,16,1,0.12878672778606415,0.06585888937667383
guided_noise_error,age+lambda_distance,architecture,3,17,2,0.23692792654037476,0.10864311423987728
guided_noise_error,age+lambda_distance,architecture,3,19,1,0.16979770362377167,0.08840567970444589
guided_noise_error,age+lambda_distance,architecture,3,1,1,0.038130007684230804,0.07550483164099756
guided_noise_error,age+lambda_distance,architecture,3,2,2,0.04401563107967377,0.12295958970471664
guided_noise_error,age+lambda_distance,architecture,3,4,1,0.07446430623531342,0.06982701276321086
guided_noise_error,age+lambda_distance,architecture,3,5,2,0.09487032145261765,0.11205268187213717
guided_noise_error,age+lambda_distance,architecture,3,7,1,0.09092883765697479,0.06560685615721426
guided_noise_error,age+lambda_distance,architecture,3,8,2,0.15414629876613617,0.10416526248950324
guided_noise_error,age+lambda_distance,architecture,3,10,1,0.110893115401268,0.06279247377136335
guided_noise_error,age+lambda_distance,architecture,3,11,2,0.22005216777324677,0.09951467728262599
guided_noise_error,age+lambda_distance,architecture,3,13,1,0.14564134180545807,0.06272264535277694
guided_noise_error,age+lambda_distance,architecture,3,14,2,0.230398029088974,0.09991605644997133
guided_noise_error,age+lambda_distance,architecture,3,16,1,0.10483647137880325,0.06585888937667383
guided_noise_error,age+lambda_distance,architecture,3,17,2,0.20257766544818878,0.10864311423987728
guided_noise_error,age+lambda_distance,architecture,3,19,1,0.14441043138504028,0.08840567970444589
guided_noise_error,age+lambda_distance,architecture,4,1,1,0.027257665991783142,0.07550483164099756
guided_noise_error,age+lambda_distance,architecture,4,2,2,0.03231701999902725,0.12295958970471664
guided_noise_error,age+lambda_distance,architecture,4,3,3,0.05782866105437279,0.16851732250950105
guided_noise_error,age+lambda_distance,architecture,4,5,1,0.14724265038967133,0.06824231813594044
guided_noise_error,age+lambda_distance,architecture,4,6,2,0.15063919126987457,0.10905787559646471
guided_noise_error,age+lambda_distance,architecture,4,7,3,0.15356586873531342,0.14864808272666483
guided_noise_error,age+lambda_distance,architecture,4,9,1,0.17686522006988525,0.0637450911472411
guided_noise_error,age+lambda_distance,architecture,4,10,2,0.2574911415576935,0.10052091589159032
guided_noise_error,age+lambda_distance,architecture,4,11,3,0.2991592586040497,0.13724311940285297
guided_noise_error,age+lambda_distance,architecture,4,13,1,0.16088388860225677,0.06272264535277694
guided_noise_error,age+lambda_distance,architecture,4,14,2,0.2643265724182129,0.09991605644997133
guided_noise_error,age+lambda_distance,architecture,4,15,3,0.33477267622947693,0.13807365637022806
guided_noise_error,age+lambda_distance,architecture,4,17,1,0.1277129054069519,0.06880087389021756
guided_noise_error,age+lambda_distance,architecture,4,18,2,0.25026312470436096,0.11722221620677192
guided_noise_error,age+lambda_distance,architecture,4,19,3,0.39338234066963196,0.17961124688420368
guided_noise_error,age+lambda_distance,architecture,4,1,1,0.038130007684230804,0.07550483164099756
guided_noise_error,age+lambda_distance,architecture,4,2,2,0.04401563107967377,0.12295958970471664
guided_noise_error,age+lambda_distance,architecture,4,3,3,0.06978253275156021,0.16851732250950105
guided_noise_error,age+lambda_distance,architecture,4,5,1,0.10559548437595367,0.06824231813594044
guided_noise_error,age+lambda_distance,architecture,4,6,2,0.1327245533466339,0.10905787559646471
guided_noise_error,age+lambda_distance,architecture,4,7,3,0.1538294404745102,0.14864808272666483
guided_noise_error,age+lambda_distance,architecture,4,9,1,0.09947178512811661,0.0637450911472411
guided_noise_error,age+lambda_distance,architecture,4,10,2,0.177732452750206,0.10052091589159032
guided_noise_error,age+lambda_distance,architecture,4,11,3,0.2539229989051819,0.13724311940285297
guided_noise_error,age+lambda_distance,architecture,4,13,1,0.14564134180545807,0.06272264535277694
guided_noise_error,age+lambda_distance,architecture,4,14,2,0.230398029088974,0.09991605644997133
guided_noise_error,age+lambda_distance,architecture,4,15,3,0.28717273473739624,0.13807365637022806
guided_noise_error,age+lambda_distance,architecture,4,17,1,0.10980460792779922,0.06880087389021756
guided_noise_error,age+lambda_distance,architecture,4,18,2,0.21481873095035553,0.11722221620677192
guided_noise_error,age+lambda_distance,architecture,4,19,3,0.3374169170856476,0.17961124688420368
guided_noise_error,age+lambda_distance,architecture,5,1,1,0.027257665991783142,0.07550483164099756
guided_noise_error,age+lambda_distance,architecture,5,2,2,0.03231701999902725,0.12295958970471664
guided_noise_error,age+lambda_distance,architecture,5,3,3,0.05782866105437279,0.16851732250950105
guided_noise_error,age+lambda_distance,architecture,5,4,4,0.08696893602609634,0.2123276862456978
guided_noise_error,age+lambda_distance,architecture,5,6,1,0.18091696500778198,0.06683220648753839
guided_noise_error,age+lambda_distance,architecture,5,7,2,0.1826259344816208,0.10642241361773852
guided_noise_error,age+lambda_distance,architecture,5,8,3,0.22689656913280487,0.1449808199500275
guided_noise_error,age+lambda_distance,architecture,5,9,4,0.28218430280685425,0.1827092620702545
guided_noise_error,age+lambda_distance,architecture,5,11,1,0.19093140959739685,0.06273885253827677
guided_noise_error,age+lambda_distance,architecture,5,12,2,0.2850283086299896,0.09931026628096859
guided_noise_error,age+lambda_distance,architecture,5,13,3,0.3412565290927887,0.1360162626067314
guided_noise_error,age+lambda_distance,architecture,5,14,4,0.394747257232666,0.17320967370392581
guided_noise_error,age+lambda_distance,architecture,5,16,1,0.12878672778606415,0.06585888937667383
guided_noise_error,age+lambda_distance,architecture,5,17,2,0.23692792654037476,0.10864311423987728
guided_noise_error,age+lambda_distance,architecture,5,18,3,0.3392615020275116,0.15706445655643161
guided_noise_error,age+lambda_distance,architecture,5,19,4,0.4725998044013977,0.2194534872338634
guided_noise_error,age+lambda_distance,architecture,5,1,1,0.038130007684230804,0.07550483164099756
guided_noise_error,age+lambda_distance,architecture,5,2,2,0.04401563107967377,0.12295958970471664
guided_noise_error,age+lambda_distance,architecture,5,3,3,0.06978253275156021,0.16851732250950105
guided_noise_error,age+lambda_distance,architecture,5,4,4,0.10688499361276627,0.2123276862456978
guided_noise_error,age+lambda_distance,architecture,5,6,1,0.0841069445014,0.06683220648753839
guided_noise_error,age+lambda_distance,architecture,5,7,2,0.1298338919878006,0.10642241361773852
guided_noise_error,age+lambda_distance,architecture,5,8,3,0.17653042078018188,0.1449808199500275
guided_noise_error,age+lambda_distance,architecture,5,9,4,0.2118886262178421,0.1827092620702545
guided_noise_error,age+lambda_distance,architecture,5,11,1,0.15674583613872528,0.06273885253827677
guided_noise_error,age+lambda_distance,architecture,5,12,2,0.24499233067035675,0.09931026628096859
guided_noise_error,age+lambda_distance,architecture,5,13,3,0.2975854277610779,0.1360162626067314
guided_noise_error,age+lambda_distance,architecture,5,14,4,0.33241668343544006,0.17320967370392581
guided_noise_error,age+lambda_distance,architecture,5,16,1,0.10483647137880325,0.06585888937667383
guided_noise_error,age+lambda_distance,architecture,5,17,2,0.20257766544818878,0.10864311423987728
guided_noise_error,age+lambda_distance,architecture,5,18,3,0.29548180103302,0.15706445655643161
guided_noise_error,age+lambda_distance,architecture,5,19,4,0.41353458166122437,0.2194534872338634
guided_noise_error,intercept,glass,2,1,1,0.041474878787994385,0.11192561347236848
guided_noise_error,intercept,glass,2,3,1,0.06762132048606873,0.11192561347236848
guided_noise_error,intercept,glass,2,5,1,0.08004201203584671,0.11192561347236848
guided_noise_error,intercept,glass,2,7,1,0.043425753712654114,0.11192561347236848
guided_noise_error,intercept,glass,2,9,1,0.02627752721309662,0.11192561347236848
guided_noise_error,intercept,glass,2,11,1,0.028450381010770798,0.11192561347236848
guided_noise_error,intercept,glass,2,13,1,0.033844463527202606,0.11192561347236848
guided_noise_error,intercept,glass,2,15,1,0.041799984872341156,0.11192561347236848
guided_noise_error,intercept,glass,2,17,1,0.052041079849004745,0.11192561347236848
guided_noise_error,intercept,glass,2,19,1,0.10926493257284164,0.11192561347236848
guided_noise_error,intercept,glass,2,1,1,0.041653793305158615,0.11192561347236848
guided_noise_error,intercept,glass,2,3,1,0.08033502101898193,0.11192561347236848
guided_noise_error,intercept,glass,2,5,1,0.0890980139374733,0.11192561347236848
guided_noise_error,intercept,glass,2,7,1,0.10087881237268448,0.11192561347236848
guided_noise_error,intercept,glass,2,9,1,0.07932844012975693,0.11192561347236848
guided_noise_error,intercept,glass,2,11,1,0.035932496190071106,0.11192561347236848
guided_noise_error,intercept,glass,2,13,1,0.038888100534677505,0.11192561347236848
guided_noise_error,intercept,glass,2,15,1,0.044220004230737686,0.11192561347236848
guided_noise_error,intercept,glass,2,17,1,0.06166204437613487,0.11192561347236848
guided_noise_error,intercept,glass,2,19,1,0.11716107279062271,0.11192561347236848
guided_noise_error,intercept,glass,3,1,1,0.041474878787994385,0.11192561347236848
guided_noise_error,intercept,glass,3,2,2,0.08995511382818222,0.11192561347236848
guided_noise_error,intercept,glass,3,4,1,0.07178770005702972,0.11192561347236848
guided_noise_error,intercept,glass,3,5,2,0.11826863884925842,0.11192561347236848
guided_noise_error,intercept,glass,3,7,1,0.043425753712654114,0.11192561347236848
guided_noise_error,intercept,glass,3,8,2,0.06546076387166977,0.11192561347236848
guided_noise_error,intercept,glass,3,10,1,0.027798248454928398,0.11192561347236848
guided_noise_error,intercept,glass,3,11,2,0.05266975238919258,0.11192561347236848
guided_noise_error,intercept,glass,3,13,1,0.033844463527202606,0.11192561347236848
guided_noise_error,intercept,glass,3,14,2,0.06895359605550766,0.11192561347236848
guided_noise_error,intercept,glass,3,16,1,0.046367768198251724,0.11192561347236848
guided_noise_error,intercept,glass,3,17,2,0.0975419357419014,0.11192561347236848
guided_noise_error,intercept,glass,3,19,1,0.10926493257284164,0.11192561347236848
guided_noise_error,intercept,glass,3,1,1,0.041653793305158615,0.11192561347236848
guided_noise_error,intercept,glass,3,2,2,0.07154031842947006,0.11192561347236848
guided_noise_error,intercept,glass,3,4,1,0.09854371100664139,0.11192561347236848
guided_noise_error,intercept,glass,3,5,2,0.09286467730998993,0.11192561347236848
guided_noise_error,intercept,glass,3,7,1,0.10087881237268448,0.11192561347236848
guided_noise_error,intercept,glass,3,8,2,0.1345733106136322,0.11192561347236848
guided_noise_error,intercept,glass,3,10,1,0.045190997421741486,0.11192561347236848
guided_noise_error,intercept,glass,3,11,2,0.07166806608438492,0.11192561347236848
guided_noise_error,intercept,glass,3,13,1,0.038888100534677505,0.11192561347236848
guided_noise_error,intercept,glass,3,14,2,0.07762208580970764,0.11192561347236848
guided_noise_error,intercept,glass,3,16,1,0.05273275822401047,0.11192561347236848
guided_noise_error,intercept,glass,3,17,2,0.11020879447460175,0.11192561347236848
guided_noise_error,intercept,glass,3,19,1,0.11716107279062271,0.11192561347236848
guided_noise_error,intercept,glass,4,1,1,0.041474878787994385,0.11192561347236848
guided_noise_error,intercept,glass,4,2,2,0.08995511382818222,0.11192561347236848
guided_noise_error,intercept,glass,4,3,3,0.09467028826475143,0.11192561347236848
guided_noise_error,intercept,glass,4,5,1,0.08004201203584671,0.11192561347236848
guided_noise_error,intercept,glass,4,6,2,0.09508373588323593,0.11192561347236848
guided_noise_error,intercept,glass,4,7,3,0.11292534321546555,0.11192561347236848
guided_noise_error,intercept,glass,4,9,1,0.02627752721309662,0.11192561347236848
guided_noise_error,intercept,glass,4,10,2,0.051252808421850204,0.11192561347236848
guided_noise_error,intercept,glass,4,11,3,0.07412616908550262,0.11192561347236848
guided_noise_error,intercept,glass,4,13,1,0.033844463527202606,0.11192561347236848
guided_noise_error,intercept,glass,4,14,2,0.06895359605550766,0.11192561347236848
guided_noise_error,intercept,glass,4,15,3,0.10607971251010895,0.11192561347236848
guided_noise_error,intercept,glass,4,17,1,0.052041079849004745,0.11192561347236848
guided_noise_error,intercept,glass,4,18,2,0.12328847497701645,0.11192561347236848
guided_noise_error,intercept,glass,4,19,3,0.2459077388048172,0.11192561347236848
guided_noise_error,intercept,glass,4,1,1,0.041653793305158615,0.11192561347236848
guided_noise_error,intercept,glass,4,2,2,0.07154031842947006,0.11192561347236848
guided_noise_error,intercept,glass,4,3,3,0.08321677148342133,0.11192561347236848
guided_noise_error,intercept,glass,4,5,1,0.0890980139374733,0.11192561347236848
guided_noise_error,intercept,glass,4,6,2,0.11363564431667328,0.11192561347236848
guided_noise_error,intercept,glass,4,7,3,0.14852677285671234,0.11192561347236848
guided_noise_error,intercept,glass,4,9,1,0.07932844012975693,0.11192561347236848
guided_noise_error,intercept,glass,4,10,2,0.09572509676218033,0.11192561347236848
guided_noise_error,intercept,glass,4,11,3,0.11399851739406586,0.11192561347236848
guided_noise_error,intercept,glass,4,13,1,0.038888100534677505,0.11192561347236848
guided_noise_error,intercept,glass,4,14,2,0.07762208580970764,0.11192561347236848
guided_noise_error,intercept,glass,4,15,3,0.11624463647603989,0.11192561347236848
guided_noise_error,intercept,glass,4,17,1,0.06166204437613487,0.11192561347236848
guided_noise_error,intercept,glass,4,18,2,0.13527418673038483,0.11192561347236848
guided_noise_error,intercept,glass,4,19,3,0.2620135545730591,0.11192561347236848
guided_noise_error,intercept,glass,5,1,1,0.041474878787994385,0.11192561347236848
guided_noise_error,intercept,glass,5,2,2,0.08995511382818222,0.11192561347236848
guided_noise_error,intercept,glass,5,3,3,0.09467028826475143,0.11192561347236848
guided_noise_error,intercept,glass,5,4,4,0.11737516522407532,0.11192561347236848
guided_noise_error,intercept,glass,5,6,1,0.09392289817333221,0.11192561347236848
guided_noise_error,intercept,glass,5,7,2,0.11114857345819473,0.11192561347236848
guided_noise_error,intercept,glass,5,8,3,0.12775000929832458,0.11192561347236848
guided_noise_error,intercept,glass,5,9,4,0.14541417360305786,0.11192561347236848
guided_noise_error,intercept,glass,5,11,1,0.028450381010770798,0.11192561347236848
guided_noise_error,intercept,glass,5,12,2,0.057578399777412415,0.11192561347236848
guided_noise_error,intercept,glass,5,13,3,0.08783865720033646,0.11192561347236848
guided_noise_error,intercept,glass,5,14,4,0.12271148711442947,0.11192561347236848
guided_noise_error,intercept,glass,5,16,1,0.046367768198251724,0.11192561347236848
guided_noise_error,intercept,glass,5,17,2,0.0975419357419014,0.11192561347236848
guided_noise_error,intercept,glass,5,18,3,0.16920246183872223,0.11192561347236848
guided_noise_error,intercept,glass,5,19,4,0.30209627747535706,0.11192561347236848
guided_noise_error,intercept,glass,5,1,1,0.041653793305158615,0.11192561347236848
guided_noise_error,intercept,glass,5,2,2,0.07154031842947006,0.11192561347236848
guided_noise_error,intercept,glass,5,3,3,0.08321677148342133,0.11192561347236848
guided_noise_error,intercept,glass,5,4,4,0.10464033484458923,0.11192561347236848
guided_noise_error,intercept,glass,5,6,1,0.08993488550186157,0.11192561347236848
guided_noise_error,intercept,glass,5,7,2,0.1332588940858841,0.11192561347236848
guided_noise_error,intercept,glass,5,8,3,0.15787649154663086,0.11192561347236848
guided_noise_error,intercept,glass,5,9,4,0.16609473526477814,0.11192561347236848
guided_noise_error,intercept,glass,5,11,1,0.035932496190071106,0.11192561347236848
guided_noise_error,intercept,glass,5,12,2,0.07024747133255005,0.11192561347236848
guided_noise_error,intercept,glass,5,13,3,0.10367414355278015,0.11192561347236848
guided_noise_error,intercept,glass,5,14,4,0.13928478956222534,0.11192561347236848
guided_noise_error,intercept,glass,5,16,1,0.05273275822401047,0.11192561347236848
guided_noise_error,intercept,glass,5,17,2,0.11020879447460175,0.11192561347236848
guided_noise_error,intercept,glass,5,18,3,0.18294669687747955,0.11192561347236848
guided_noise_error,intercept,glass,5,19,4,0.3261958062648773,0.11192561347236848
guided_noise_error,age,glass,2,1,1,0.041474878787994385,0.07486834947109472
guided_noise_error,age,glass,2,3,1,0.06762132048606873,0.07486834947109472
guided_noise_error,age,glass,2,5,1,0.08004201203584671,0.07486834947109472
guided_noise_error,age,glass,2,7,1,0.043425753712654114,0.07486834947109472
guided_noise_error,age,glass,2,9,1,0.02627752721309662,0.07486834947109472
guided_noise_error,age,glass,2,11,1,0.028450381010770798,0.07486834947109472
guided_noise_error,age,glass,2,13,1,0.033844463527202606,0.07486834947109472
guided_noise_error,age,glass,2,15,1,0.041799984872341156,0.07486834947109472
guided_noise_error,age,glass,2,17,1,0.052041079849004745,0.07486834947109472
guided_noise_error,age,glass,2,19,1,0.10926493257284164,0.07486834947109472
guided_noise_error,age,glass,2,1,1,0.041653793305158615,0.07486834947109472
guided_noise_error,age,glass,2,3,1,0.08033502101898193,0.07486834947109472
guided_noise_error,age,glass,2,5,1,0.0890980139374733,0.07486834947109472
guided_noise_error,age,glass,2,7,1,0.10087881237268448,0.07486834947109472
guided_noise_error,age,glass,2,9,1,0.07932844012975693,0.07486834947109472
guided_noise_error,age,glass,2,11,1,0.035932496190071106,0.07486834947109472
guided_noise_error,age,glass,2,13,1,0.038888100534677505,0.07486834947109472
guided_noise_error,age,glass,2,15,1,0.044220004230737686,0.07486834947109472
guided_noise_error,age,glass,2,17,1,0.06166204437613487,0.07486834947109472
guided_noise_error,age,glass,2,19,1,0.11716107279062271,0.07486834947109472
guided_noise_error,age,glass,3,1,1,0.041474878787994385,0.07486834947109472
guided_noise_error,age,glass,3,2,2,0.08995511382818222,0.11933706627262322
guided_noise_error,age,glass,3,4,1,0.07178770005702972,0.07486834947109472
guided_noise_error,age,glass,3,5,2,0.11826863884925842,0.11933706627262322
guided_noise_error,age,glass,3,7,1,0.043425753712654114,0.07486834947109472
guided_noise_error,age,glass,3,8,2,0.06546076387166977,0.11933706627262322
guided_noise_error,age,glass,3,10,1,0.027798248454928398,0.07486834947109472
guided_noise_error,age,glass,3,11,2,0.05266975238919258,0.11933706627262322
guided_noise_error,age,glass,3,13,1,0.033844463527202606,0.07486834947109472
guided_noise_error,age,glass,3,14,2,0.06895359605550766,0.11933706627262322
guided_noise_error,age,glass,3,16,1,0.046367768198251724,0.07486834947109472
guided_noise_error,age,glass,3,17,2,0.0975419357419014,0.11933706627262322
guided_noise_error,age,glass,3,19,1,0.10926493257284164,0.07486834947109472
guided_noise_error,age,glass,3,1,1,0.041653793305158615,0.07486834947109472
guided_noise_error,age,glass,3,2,2,0.07154031842947006,0.11933706627262322
guided_noise_error,age,glass,3,4,1,0.09854371100664139,0.07486834947109472
guided_noise_error,age,glass,3,5,2,0.09286467730998993,0.11933706627262322
guided_noise_error,age,glass,3,7,1,0.10087881237268448,0.07486834947109472
guided_noise_error,age,glass,3,8,2,0.1345733106136322,0.11933706627262322
guided_noise_error,age,glass,3,10,1,0.045190997421741486,0.07486834947109472
guided_noise_error,age,glass,3,11,2,0.07166806608438492,0.11933706627262322
guided_noise_error,age,glass,3,13,1,0.038888100534677505,0.07486834947109472
guided_noise_error,age,glass,3,14,2,0.07762208580970764,0.11933706627262322
guided_noise_error,age,glass,3,16,1,0.05273275822401047,0.07486834947109472
guided_noise_error,age,glass,3,17,2,0.11020879447460175,0.11933706627262322
guided_noise_error,age,glass,3,19,1,0.11716107279062271,0.07486834947109472
guided_noise_error,age,glass,4,1,1,0.041474878787994385,0.07486834947109472
guided_noise_error,age,glass,4,2,2,0.08995511382818222,0.11933706627262322
guided_noise_error,age,glass,4,3,3,0.09467028826475143,0.16380578307415172
guided_noise_error,age,glass,4,5,1,0.08004201203584671,0.07486834947109472
guided_noise_error,age,glass,4,6,2,0.09508373588323593,0.11933706627262322
guided_noise_error,age,glass,4,7,3,0.11292534321546555,0.16380578307415172
guided_noise_error,age,glass,4,9,1,0.02627752721309662,0.07486834947109472
guided_noise_error,age,glass,4,10,2,0.051252808421850204,0.11933706627262322
guided_noise_error,age,glass,4,11,3,0.07412616908550262,0.16380578307415172
guided_noise_error,age,glass,4,13,1,0.033844463527202606,0.07486834947109472
guided_noise_error,age,glass,4,14,2,0.06895359605550766,0.11933706627262322
guided_noise_error,age,glass,4,15,3,0.10607971251010895,0.16380578307415172
guided_noise_error,age,glass,4,17,1,0.052041079849004745,0.07486834947109472
guided_noise_error,age,glass,4,18,2,0.12328847497701645,0.11933706627262322
guided_noise_error,age,glass,4,19,3,0.2459077388048172,0.16380578307415172
guided_noise_error,age,glass,4,1,1,0.041653793305158615,0.07486834947109472
guided_noise_error,age,glass,4,2,2,0.07154031842947006,0.11933706627262322
guided_noise_error,age,glass,4,3,3,0.08321677148342133,0.16380578307415172
guided_noise_error,age,glass,4,5,1,0.0890980139374733,0.07486834947109472
guided_noise_error,age,glass,4,6,2,0.11363564431667328,0.11933706627262322
guided_noise_error,age,glass,4,7,3,0.14852677285671234,0.16380578307415172
guided_noise_error,age,glass,4,9,1,0.07932844012975693,0.07486834947109472
guided_noise_error,age,glass,4,10,2,0.09572509676218033,0.11933706627262322
guided_noise_error,age,glass,4,11,3,0.11399851739406586,0.16380578307415172
guided_noise_error,age,glass,4,13,1,0.038888100534677505,0.07486834947109472
guided_noise_error,age,glass,4,14,2,0.07762208580970764,0.11933706627262322
guided_noise_error,age,glass,4,15,3,0.11624463647603989,0.16380578307415172
guided_noise_error,age,glass,4,17,1,0.06166204437613487,0.07486834947109472
guided_noise_error,age,glass,4,18,2,0.13527418673038483,0.11933706627262322
guided_noise_error,age,glass,4,19,3,0.2620135545730591,0.16380578307415172
guided_noise_error,age,glass,5,1,1,0.041474878787994385,0.07486834947109472
guided_noise_error,age,glass,5,2,2,0.08995511382818222,0.11933706627262322
guided_noise_error,age,glass,5,3,3,0.09467028826475143,0.16380578307415172
guided_noise_error,age,glass,5,4,4,0.11737516522407532,0.20827449987568025
guided_noise_error,age,glass,5,6,1,0.09392289817333221,0.07486834947109472
guided_noise_error,age,glass,5,7,2,0.11114857345819473,0.11933706627262322
guided_noise_error,age,glass,5,8,3,0.12775000929832458,0.16380578307415172
guided_noise_error,age,glass,5,9,4,0.14541417360305786,0.20827449987568025
guided_noise_error,age,glass,5,11,1,0.028450381010770798,0.07486834947109472
guided_noise_error,age,glass,5,12,2,0.057578399777412415,0.11933706627262322
guided_noise_error,age,glass,5,13,3,0.08783865720033646,0.16380578307415172
guided_noise_error,age,glass,5,14,4,0.12271148711442947,0.20827449987568025
guided_noise_error,age,glass,5,16,1,0.046367768198251724,0.07486834947109472
guided_noise_error,age,glass,5,17,2,0.0975419357419014,0.11933706627262322
guided_noise_error,age,glass,5,18,3,0.16920246183872223,0.16380578307415172
guided_noise_error,age,glass,5,19,4,0.30209627747535706,0.20827449987568025
guided_noise_error,age,glass,5,1,1,0.041653793305158615,0.07486834947109472
guided_noise_error,age,glass,5,2,2,0.07154031842947006,0.11933706627262322
guided_noise_error,age,glass,5,3,3,0.08321677148342133,0.16380578307415172
guided_noise_error,age,glass,5,4,4,0.10464033484458923,0.20827449987568025
guided_noise_error,age,glass,5,6,1,0.08993488550186157,0.07486834947109472
guided_noise_error,age,glass,5,7,2,0.1332588940858841,0.11933706627262322
guided_noise_error,age,glass,5,8,3,0.15787649154663086,0.16380578307415172
guided_noise_error,age,glass,5,9,4,0.16609473526477814,0.20827449987568025
guided_noise_error,age,glass,5,11,1,0.035932496190071106,0.07486834947109472
guided_noise_error,age,glass,5,12,2,0.07024747133255005,0.11933706627262322
guided_noise_error,age,glass,5,13,3,0.10367414355278015,0.16380578307415172
guided_noise_error,age,glass,5,14,4,0.13928478956222534,0.20827449987568025
guided_noise_error,age,glass,5,16,1,0.05273275822401047,0.07486834947109472
guided_noise_error,age,glass,5,17,2,0.11020879447460175,0.11933706627262322
guided_noise_error,age,glass,5,18,3,0.18294669687747955,0.16380578307415172
guided_noise_error,age,glass,5,19,4,0.3261958062648773,0.20827449987568025
guided_noise_error,lambda_distance,glass,2,1,1,0.041474878787994385,0.09268376696321975
guided_noise_error,lambda_distance,glass,2,3,1,0.06762132048606873,0.08596435205646533
guided_noise_error,lambda_distance,glass,2,5,1,0.08004201203584671,0.0802679255518443
guided_noise_error,lambda_distance,glass,2,7,1,0.043425753712654114,0.07576239479437458
guided_noise_error,lambda_distance,glass,2,9,1,0.02627752721309662,0.07257956021610101
guided_noise_error,lambda_distance,glass,2,11,1,0.028450381010770798,0.07085931570540858
guided_noise_error,lambda_distance,glass,2,13,1,0.033844463527202606,0.07083160823956353
guided_noise_error,lambda_distance,glass,2,15,1,0.041799984872341156,0.07331323942811403
guided_noise_error,lambda_distance,glass,2,17,1,0.052041079849004745,0.08122282080397526
guided_noise_error,lambda_distance,glass,2,19,1,0.10926493257284164,0.1147387873795659
guided_noise_error,lambda_distance,glass,2,1,1,0.041653793305158615,0.09268376696321975
guided_noise_error,lambda_distance,glass,2,3,1,0.08033502101898193,0.08596435205646533
guided_noise_error,lambda_distance,glass,2,5,1,0.0890980139374733,0.0802679255518443
guided_noise_error,lambda_distance,glass,2,7,1,0.10087881237268448,0.07576239479437458
guided_noise_error,lambda_distance,glass,2,9,1,0.07932844012975693,0.07257956021610101
guided_noise_error,lambda_distance,glass,2,11,1,0.035932496190071106,0.07085931570540858
guided_noise_error,lambda_distance,glass,2,13,1,0.038888100534677505,0.07083160823956353
guided_noise_error,lambda_distance,glass,2,15,1,0.044220004230737686,0.07331323942811403
guided_noise_error,lambda_distance,glass,2,17,1,0.06166204437613487,0.08122282080397526
guided_noise_error,lambda_distance,glass,2,19,1,0.11716107279062271,0.1147387873795659
guided_noise_error,lambda_distance,glass,3,1,1,0.041474878787994385,0.09268376696321975
guided_noise_error,lambda_distance,glass,3,2,2,0.08995511382818222,0.13932455560576823
guided_noise_error,lambda_distance,glass,3,4,1,0.07178770005702972,0.08297708639043658
guided_noise_error,lambda_distance,glass,3,5,2,0.11826863884925842,0.12067833376487262
guided_noise_error,lambda_distance,glass,3,7,1,0.043425753712654114,0.07576239479437458
guided_noise_error,lambda_distance,glass,3,8,2,0.06546076387166977,0.10719416631628878
guided_noise_error,lambda_distance,glass,3,10,1,0.027798248454928398,0.0709509854456193
guided_noise_error,lambda_distance,glass,3,11,2,0.05266975238919258,0.09924362297361963
guided_noise_error,lambda_distance,glass,3,13,1,0.033844463527202606,0.07083160823956353
guided_noise_error,lambda_distance,glass,3,14,2,0.06895359605550766,0.09992981241534936
guided_noise_error,lambda_distance,glass,3,16,1,0.046367768198251724,0.07619326552267403
guided_noise_error,lambda_distance,glass,3,17,2,0.0975419357419014,0.11484940814924104
guided_noise_error,lambda_distance,glass,3,19,1,0.10926493257284164,0.1147387873795659
guided_noise_error,lambda_distance,glass,3,1,1,0.041653793305158615,0.09268376696321975
guided_noise_error,lambda_distance,glass,3,2,2,0.07154031842947006,0.13932455560576823
guided_noise_error,lambda_distance,glass,3,4,1,0.09854371100664139,0.08297708639043658
guided_noise_error,lambda_distance,glass,3,5,2,0.09286467730998993,0.12067833376487262
guided_noise_error,lambda_distance,glass,3,7,1,0.10087881237268448,0.07576239479437458
guided_noise_error,lambda_distance,glass,3,8,2,0.1345733106136322,0.10719416631628878
guided_noise_error,lambda_distance,glass,3,10,1,0.045190997421741486,0.0709509854456193
guided_noise_error,lambda_distance,glass,3,11,2,0.07166806608438492,0.09924362297361963
guided_noise_error,lambda_distance,glass,3,13,1,0.038888100534677505,0.07083160823956353
guided_noise_error,lambda_distance,glass,3,14,2,0.07762208580970764,0.09992981241534936
guided_noise_error,lambda_distance,glass,3,16,1,0.05273275822401047,0.07619326552267403
guided_noise_error,lambda_distance,glass,3,17,2,0.11020879447460175,0.11484940814924104
guided_noise_error,lambda_distance,glass,3,19,1,0.11716107279062271,0.1147387873795659
guided_noise_error,lambda_distance,glass,4,1,1,0.041474878787994385,0.09268376696321975
guided_noise_error,lambda_distance,glass,4,2,2,0.08995511382818222,0.13932455560576823
guided_noise_error,lambda_distance,glass,4,3,3,0.09467028826475143,0.1827222294848253
guided_noise_error,lambda_distance,glass,4,5,1,0.08004201203584671,0.0802679255518443
guided_noise_error,lambda_distance,glass,4,6,2,0.09508373588323593,0.11555847550221333
guided_noise_error,lambda_distance,glass,4,7,3,0.11292534321546555,0.14875419211917967
guided_noise_error,lambda_distance,glass,4,9,1,0.02627752721309662,0.07257956021610101
guided_noise_error,lambda_distance,glass,4,10,2,0.051252808421850204,0.10096386748431208
guided_noise_error,lambda_distance,glass,4,11,3,0.07412616908550262,0.1292565050123124
guided_noise_error,lambda_distance,glass,4,13,1,0.033844463527202606,0.07083160823956353
guided_noise_error,lambda_distance,glass,4,14,2,0.06895359605550766,0.09992981241534936
guided_noise_error,lambda_distance,glass,4,15,3,0.10607971251010895,0.13067637366605514
guided_noise_error,lambda_distance,glass,4,17,1,0.052041079849004745,0.08122282080397526
guided_noise_error,lambda_distance,glass,4,18,2,0.12328847497701645,0.12951606169815522
guided_noise_error,lambda_distance,glass,4,19,3,0.2459077388048172,0.20168817090031288
guided_noise_error,lambda_distance,glass,4,1,1,0.041653793305158615,0.09268376696321975
guided_noise_error,lambda_distance,glass,4,2,2,0.07154031842947006,0.13932455560576823
guided_noise_error,lambda_distance,glass,4,3,3,0.08321677148342133,0.1827222294848253
guided_noise_error,lambda_distance,glass,4,5,1,0.0890980139374733,0.0802679255518443
guided_noise_error,lambda_distance,glass,4,6,2,0.11363564431667328,0.11555847550221333
guided_noise_error,lambda_distance,glass,4,7,3,0.14852677285671234,0.14875419211917967
guided_noise_error,lambda_distance,glass,4,9,1,0.07932844012975693,0.07257956021610101
guided_noise_error,lambda_distance,glass,4,10,2,0.09572509676218033,0.10096386748431208
guided_noise_error,lambda_distance,glass,4,11,3,0.11399851739406586,0.1292565050123124
guided_noise_error,lambda_distance,glass,4,13,1,0.038888100534677505,0.07083160823956353
guided_noise_error,lambda_distance,glass,4,14,2,0.07762208580970764,0.09992981241534936
guided_noise_error,lambda_distance,glass,4,15,3,0.11624463647603989,0.13067637366605514
guided_noise_error,lambda_distance,glass,4,17,1,0.06166204437613487,0.08122282080397526
guided_noise_error,lambda_distance,glass,4,18,2,0.13527418673038483,0.12951606169815522
guided_noise_error,lambda_distance,glass,4,19,3,0.2620135545730591,0.20168817090031288
guided_noise_error,lambda_distance,glass,5,1,1,0.041474878787994385,0.09268376696321975
guided_noise_error,lambda_distance,glass,5,2,2,0.08995511382818222,0.13932455560576823
guided_noise_error,lambda_distance,glass,5,3,3,0.09467028826475143,0.1827222294848253
guided_noise_error,lambda_distance,glass,5,4,4,0.11737516522407532,0.22313263769785366
guided_noise_error,lambda_distance,glass,5,6,1,0.09392289817333221,0.07785722812777729
guided_noise_error,lambda_distance,glass,5,7,2,0.11114857345819473,0.11105294474474363
guided_noise_error,lambda_distance,glass,5,8,3,0.12775000929832458,0.14248471626665782
guided_noise_error,lambda_distance,glass,5,9,4,0.14541417360305786,0.1724975983053506
guided_noise_error,lambda_distance,glass,5,11,1,0.028450381010770798,0.07085931570540858
guided_noise_error,lambda_distance,glass,5,12,2,0.057578399777412415,0.09889416619428952
guided_noise_error,lambda_distance,glass,5,13,3,0.08783865720033646,0.1271590962564448
guided_noise_error,lambda_distance,glass,5,14,4,0.12271148711442947,0.15625730043223063
guided_noise_error,lambda_distance,glass,5,16,1,0.046367768198251724,0.07619326552267403
guided_noise_error,lambda_distance,glass,5,17,2,0.0975419357419014,0.11484940814924104
guided_noise_error,lambda_distance,glass,5,18,3,0.16920246183872223,0.163142649043421
guided_noise_error,lambda_distance,glass,5,19,4,0.30209627747535706,0.23531475824557865
guided_noise_error,lambda_distance,glass,5,1,1,0.041653793305158615,0.09268376696321975
guided_noise_error,lambda_distance,glass,5,2,2,0.07154031842947006,0.13932455560576823
guided_noise_error,lambda_distance,glass,5,3,3,0.08321677148342133,0.1827222294848253
guided_noise_error,lambda_distance,glass,5,4,4,0.10464033484458923,0.22313263769785366
guided_noise_error,lambda_distance,glass,5,6,1,0.08993488550186157,0.07785722812777729
guided_noise_error,lambda_distance,glass,5,7,2,0.1332588940858841,0.11105294474474363
guided_noise_error,lambda_distance,glass,5,8,3,0.15787649154663086,0.14248471626665782
guided_noise_error,lambda_distance,glass,5,9,4,0.16609473526477814,0.1724975983053506
guided_noise_error,lambda_distance,glass,5,11,1,0.035932496190071106,0.07085931570540858
guided_noise_error,lambda_distance,glass,5,12,2,0.07024747133255005,0.09889416619428952
guided_noise_error,lambda_distance,glass,5,13,3,0.10367414355278015,0.1271590962564448
guided_noise_error,lambda_distance,glass,5,14,4,0.13928478956222534,0.15625730043223063
guided_noise_error,lambda_distance,glass,5,16,1,0.05273275822401047,0.07619326552267403
guided_noise_error,lambda_distance,glass,5,17,2,0.11020879447460175,0.11484940814924104
guided_noise_error,lambda_distance,glass,5,18,3,0.18294669687747955,0.163142649043421
guided_noise_error,lambda_distance,glass,5,19,4,0.3261958062648773,0.23531475824557865
guided_noise_error,age+lambda_distance,glass,2,1,1,0.041474878787994385,0.07848742793000058
guided_noise_error,age+lambda_distance,glass,2,3,1,0.06762132048606873,0.07650822003853187
guided_noise_error,age+lambda_distance,glass,2,5,1,0.08004201203584671,0.07483033402500645
guided_noise_error,age+lambda_distance,glass,2,7,1,0.043425753712654114,0.07350322710361733
guided_noise_error,age+lambda_distance,glass,2,9,1,0.02627752721309662,0.07256572117460762
guided_noise_error,age+lambda_distance,glass,2,11,1,0.028450381010770798,0.07205902207088123
guided_noise_error,age+lambda_distance,glass,2,13,1,0.033844463527202606,0.07205086081937137
guided_noise_error,age+lambda_distance,glass,2,15,1,0.041799984872341156,0.07278182684844584
guided_noise_error,age+lambda_distance,glass,2,17,1,0.052041079849004745,0.07511159902274366
guided_noise_error,age+lambda_distance,glass,2,19,1,0.10926493257284164,0.08498374807993755
guided_noise_error,age+lambda_distance,glass,2,1,1,0.041653793305158615,0.07848742793000058
guided_noise_error,age+lambda_distance,glass,2,3,1,0.08033502101898193,0.07650822003853187
guided_noise_error,age+lambda_distance,glass,2,5,1,0.0890980139374733,0.07483033402500645
guided_noise_error,age+lambda_distance,glass,2,7,1,0.10087881237268448,0.07350322710361733
guided_noise_error,age+lambda_distance,glass,2,9,1,0.07932844012975693,0.07256572117460762
guided_noise_error,age+lambda_distance,glass,2,11,1,0.035932496190071106,0.07205902207088123
guided_noise_error,age+lambda_distance,glass,2,13,1,0.038888100534677505,0.07205086081937137
guided_noise_error,age+lambda_distance,glass,2,15,1,0.044220004230737686,0.07278182684844584
guided_noise_error,age+lambda_distance,glass,2,17,1,0.06166204437613487,0.07511159902274366
guided_noise_error,age+lambda_distance,glass,2,19,1,0.11716107279062271,0.08498374807993755
guided_noise_error,age+lambda_distance,glass,3,1,1,0.041474878787994385,0.07848742793000058
guided_noise_error,age+lambda_distance,glass,3,2,2,0.08995511382818222,0.12555008663631428
guided_noise_error,age+lambda_distance,glass,3,4,1,0.07178770005702972,0.07562831905575815
guided_noise_error,age+lambda_distance,glass,3,5,2,0.11826863884925842,0.12005783025302715
guided_noise_error,age+lambda_distance,glass,3,7,1,0.043425753712654114,0.07350322710361733
guided_noise_error,age+lambda_distance,glass,3,8,2,0.06546076387166977,0.11608606024113288
guided_noise_error,age+lambda_distance,glass,3,10,1,0.027798248454928398,0.07208602345057749
guided_noise_error,age+lambda_distance,glass,3,11,2,0.05266975238919258,0.11374422269372127
guided_noise_error,age+lambda_distance,glass,3,13,1,0.033844463527202606,0.07205086081937137
guided_noise_error,age+lambda_distance,glass,3,14,2,0.06895359605550766,0.113946340225822
guided_noise_error,age+lambda_distance,glass,3,16,1,0.046367768198251724,0.07363014034792316
guided_noise_error,age+lambda_distance,glass,3,17,2,0.0975419357419014,0.11834091654292936
guided_noise_error,age+lambda_distance,glass,3,19,1,0.10926493257284164,0.08498374807993755
guided_noise_error,age+lambda_distance,glass,3,1,1,0.041653793305158615,0.07848742793000058
guided_noise_error,age+lambda_distance,glass,3,2,2,0.07154031842947006,0.12555008663631428
guided_noise_error,age+lambda_distance,glass,3,4,1,0.09854371100664139,0.07562831905575815
guided_noise_error,age+lambda_distance,glass,3,5,2,0.09286467730998993,0.12005783025302715
guided_noise_error,age+lambda_distance,glass,3,7,1,0.10087881237268448,0.07350322710361733
guided_noise_error,age+lambda_distance,glass,3,8,2,0.1345733106136322,0.11608606024113288
guided_noise_error,age+lambda_distance,glass,3,10,1,0.045190997421741486,0.07208602345057749
guided_noise_error,age+lambda_distance,glass,3,11,2,0.07166806608438492,0.11374422269372127
guided_noise_error,age+lambda_distance,glass,3,13,1,0.038888100534677505,0.07205086081937137
guided_noise_error,age+lambda_distance,glass,3,14,2,0.07762208580970764,0.113946340225822
guided_noise_error,age+lambda_distance,glass,3,16,1,0.05273275822401047,0.07363014034792316
guided_noise_error,age+lambda_distance,glass,3,17,2,0.11020879447460175,0.11834091654292936
guided_noise_error,age+lambda_distance,glass,3,19,1,0.11716107279062271,0.08498374807993755
guided_noise_error,age+lambda_distance,glass,4,1,1,0.041474878787994385,0.07848742793000058
guided_noise_error,age+lambda_distance,glass,4,2,2,0.08995511382818222,0.12555008663631428
guided_noise_error,age+lambda_distance,glass,4,3,3,0.09467028826475143,0.17165748384710866
guided_noise_error,age+lambda_distance,glass,4,5,1,0.08004201203584671,0.07483033402500645
guided_noise_error,age+lambda_distance,glass,4,6,2,0.09508373588323593,0.118549772778191
guided_noise_error,age+lambda_distance,glass,4,7,3,0.11292534321546555,0.16165217705407084
guided_noise_error,age+lambda_distance,glass,4,9,1,0.02627752721309662,0.07256572117460762
guided_noise_error,age+lambda_distance,glass,4,10,2,0.051252808421850204,0.11425092179744765
guided_noise_error,age+lambda_distance,glass,4,11,3,0.07412616908550262,0.15590912104059143
guided_noise_error,age+lambda_distance,glass,4,13,1,0.033844463527202606,0.07205086081937137
guided_noise_error,age+lambda_distance,glass,4,14,2,0.06895359605550766,0.113946340225822
guided_noise_error,age+lambda_distance,glass,4,15,3,0.10607971251010895,0.15632734424653036
guided_noise_error,age+lambda_distance,glass,4,17,1,0.052041079849004745,0.07511159902274366
guided_noise_error,age+lambda_distance,glass,4,18,2,0.12328847497701645,0.12266098858019392
guided_noise_error,age+lambda_distance,glass,4,19,3,0.2459077388048172,0.177243913832394
guided_noise_error,age+lambda_distance,glass,4,1,1,0.041653793305158615,0.07848742793000058
guided_noise_error,age+lambda_distance,glass,4,2,2,0.07154031842947006,0.12555008663631428
guided_noise_error,age+lambda_distance,glass,4,3,3,0.08321677148342133,0.17165748384710866
guided_noise_error,age+lambda_distance,glass,4,5,1,0.0890980139374733,0.07483033402500645
guided_noise_error,age+lambda_distance,glass,4,6,2,0.11363564431667328,0.118549772778191
guided_noise_error,age+lambda_distance,glass,4,7,3,0.14852677285671234,0.16165217705407084
guided_noise_error,age+lambda_distance,glass,4,9,1,0.07932844012975693,0.07256572117460762
guided_noise_error,age+lambda_distance,glass,4,10,2,0.09572509676218033,0.11425092179744765
guided_noise_error,age+lambda_distance,glass,4,11,3,0.11399851739406586,0.15590912104059143
guided_noise_error,age+lambda_distance,glass,4,13,1,0.038888100534677505,0.07205086081937137
guided_noise_error,age+lambda_distance,glass,4,14,2,0.07762208580970764,0.113946340225822
guided_noise_error,age+lambda_distance,glass,4,15,3,0.11624463647603989,0.15632734424653036
guided_noise_error,age+lambda_distance,glass,4,17,1,0.06166204437613487,0.07511159902274366
guided_noise_error,age+lambda_distance,glass,4,18,2,0.13527418673038483,0.12266098858019392
guided_noise_error,age+lambda_distance,glass,4,19,3,0.2620135545730591,0.177243913832394
guided_noise_error,age+lambda_distance,glass,5,1,1,0.041474878787994385,0.07848742793000058
guided_noise_error,age+lambda_distance,glass,5,2,2,0.08995511382818222,0.12555008663631428
guided_noise_error,age+lambda_distance,glass,5,3,3,0.09467028826475143,0.17165748384710866
guided_noise_error,age+lambda_distance,glass,5,4,4,0.11737516522407532,0.21688498007512938
guided_noise_error,age+lambda_distance,glass,5,6,1,0.09392289817333221,0.07412026158092198
guided_noise_error,age+lambda_distance,glass,5,7,2,0.11114857345819473,0.11722266585680187
guided_noise_error,age+lambda_distance,glass,5,8,3,0.12775000929832458,0.1598054989943174
guided_noise_error,age+lambda_distance,glass,5,9,4,0.14541417360305786,0.20197039734118757
guided_noise_error,age+lambda_distance,glass,5,11,1,0.028450381010770798,0.07205902207088123
guided_noise_error,age+lambda_distance,glass,5,12,2,0.057578399777412415,0.11364128997934429
guided_noise_error,age+lambda_distance,glass,5,13,3,0.08783865720033646,0.1552913279709782
guided_noise_error,age+lambda_distance,glass,5,14,4,0.12271148711442947,0.1971868073774288
guided_noise_error,age+lambda_distance,glass,5,16,1,0.046367768198251724,0.07363014034792316
guided_noise_error,age+lambda_distance,glass,5,17,2,0.0975419357419014,0.11834091654292936
guided_noise_error,age+lambda_distance,glass,5,18,3,0.16920246183872223,0.1658903061003796
guided_noise_error,age+lambda_distance,glass,5,19,4,0.30209627747535706,0.2204732313525797
guided_noise_error,age+lambda_distance,glass,5,1,1,0.041653793305158615,0.07848742793000058
guided_noise_error,age+lambda_distance,glass,5,2,2,0.07154031842947006,0.12555008663631428
guided_noise_error,age+lambda_distance,glass,5,3,3,0.08321677148342133,0.17165748384710866
guided_noise_error,age+lambda_distance,glass,5,4,4,0.10464033484458923,0.21688498007512938
guided_noise_error,age+lambda_distance,glass,5,6,1,0.08993488550186157,0.07412026158092198
guided_noise_error,age+lambda_distance,glass,5,7,2,0.1332588940858841,0.11722266585680187
guided_noise_error,age+lambda_distance,glass,5,8,3,0.15787649154663086,0.1598054989943174
guided_noise_error,age+lambda_distance,glass,5,9,4,0.16609473526477814,0.20197039734118757
guided_noise_error,age+lambda_distance,glass,5,11,1,0.035932496190071106,0.07205902207088123
guided_noise_error,age+lambda_distance,glass,5,12,2,0.07024747133255005,0.11364128997934429
guided_noise_error,age+lambda_distance,glass,5,13,3,0.10367414355278015,0.1552913279709782
guided_noise_error,age+lambda_distance,glass,5,14,4,0.13928478956222534,0.1971868073774288
guided_noise_error,age+lambda_distance,glass,5,16,1,0.05273275822401047,0.07363014034792316
guided_noise_error,age+lambda_distance,glass,5,17,2,0.11020879447460175,0.11834091654292936
guided_noise_error,age+lambda_distance,glass,5,18,3,0.18294669687747955,0.1658903061003796
guided_noise_error,age+lambda_distance,glass,5,19,4,0.3261958062648773,0.2204732313525797
guided_noise_error,intercept,interior,2,1,1,0.040304381400346756,0.11123705058408434
guided_noise_error,intercept,interior,2,3,1,0.06417329609394073,0.11123705058408434
guided_noise_error,intercept,interior,2,5,1,0.0787181407213211,0.11123705058408434
guided_noise_error,intercept,interior,2,7,1,0.10918831825256348,0.11123705058408434
guided_noise_error,intercept,interior,2,9,1,0.07381188869476318,0.11123705058408434
guided_noise_error,intercept,interior,2,11,1,0.07023610174655914,0.11123705058408434
guided_noise_error,intercept,interior,2,13,1,0.053313761949539185,0.11123705058408434
guided_noise_error,intercept,interior,2,15,1,0.05728571116924286,0.11123705058408434
guided_noise_error,intercept,interior,2,17,1,0.06251142919063568,0.11123705058408434
guided_noise_error,intercept,interior,2,19,1,0.11239538341760635,0.11123705058408434
guided_noise_error,intercept,interior,2,1,1,0.07860872149467468,0.11123705058408434
guided_noise_error,intercept,interior,2,3,1,0.09409874677658081,0.11123705058408434
guided_noise_error,intercept,interior,2,5,1,0.029447142034769058,0.11123705058408434
guided_noise_error,intercept,interior,2,7,1,0.037760064005851746,0.11123705058408434
guided_noise_error,intercept,interior,2,9,1,0.051105547696352005,0.11123705058408434
guided_noise_error,intercept,interior,2,11,1,0.06346600502729416,0.11123705058408434
guided_noise_error,intercept,interior,2,13,1,0.04905293136835098,0.11123705058408434
guided_noise_error,intercept,interior,2,15,1,0.04930143803358078,0.11123705058408434
guided_noise_error,intercept,interior,2,17,1,0.0553559847176075,0.11123705058408434
guided_noise_error,intercept,interior,2,19,1,0.09631173312664032,0.11123705058408434
guided_noise_error,intercept,interior,3,1,1,0.040304381400346756,0.11123705058408434
guided_noise_error,intercept,interior,3,2,2,0.061322588473558426,0.11123705058408434
guided_noise_error,intercept,interior,3,4,1,0.07937437295913696,0.11123705058408434
guided_noise_error,intercept,interior,3,5,2,0.10129930824041367,0.11123705058408434
guided_noise_error,intercept,interior,3,7,1,0.10918831825256348,0.11123705058408434
guided_noise_error,intercept,interior,3,8,2,0.12308911979198456,0.11123705058408434
guided_noise_error,intercept,interior,3,10,1,0.07013513147830963,0.11123705058408434
guided_noise_error,intercept,interior,3,11,2,0.11165262013673782,0.11123705058408434
guided_noise_error,intercept,interior,3,13,1,0.053313761949539185,0.11123705058408434
guided_noise_error,intercept,interior,3,14,2,0.09388177841901779,0.11123705058408434
guided_noise_error,intercept,interior,3,16,1,0.05991533771157265,0.11123705058408434
guided_noise_error,intercept,interior,3,17,2,0.11694484949111938,0.11123705058408434
guided_noise_error,intercept,interior,3,19,1,0.11239538341760635,0.11123705058408434
guided_noise_error,intercept,interior,3,1,1,0.07860872149467468,0.11123705058408434
guided_noise_error,intercept,interior,3,2,2,0.0994267538189888,0.11123705058408434
guided_noise_error,intercept,interior,3,4,1,0.046694885939359665,0.11123705058408434
guided_noise_error,intercept,interior,3,5,2,0.06791532784700394,0.11123705058408434
guided_noise_error,intercept,interior,3,7,1,0.037760064005851746,0.11123705058408434
guided_noise_error,intercept,interior,3,8,2,0.06854011863470078,0.11123705058408434
guided_noise_error,intercept,interior,3,10,1,0.056039344519376755,0.11123705058408434
guided_noise_error,intercept,interior,3,11,2,0.10147716850042343,0.11123705058408434
guided_noise_error,intercept,interior,3,13,1,0.04905293136835098,0.11123705058408434
guided_noise_error,intercept,interior,3,14,2,0.08791273087263107,0.11123705058408434
guided_noise_error,intercept,interior,3,16,1,0.054121583700180054,0.11123705058408434
guided_noise_error,intercept,interior,3,17,2,0.10385369509458542,0.11123705058408434
guided_noise_error,intercept,interior,3,19,1,0.09631173312664032,0.11123705058408434
guided_noise_error,intercept,interior,4,1,1,0.040304381400346756,0.11123705058408434
guided_noise_error,intercept,interior,4,2,2,0.061322588473558426,0.11123705058408434
guided_noise_error,intercept,interior,4,3,3,0.1008257269859314,0.11123705058408434
guided_noise_error,intercept,interior,4,5,1,0.0787181407213211,0.11123705058408434
guided_noise_error,intercept,interior,4,6,2,0.10597044229507446,0.11123705058408434
guided_noise_error,intercept,interior,4,7,3,0.16294127702713013,0.11123705058408434
guided_noise_error,intercept,interior,4,9,1,0.07381188869476318,0.11123705058408434
guided_noise_error,intercept,interior,4,10,2,0.1149878203868866,0.11123705058408434
guided_noise_error,intercept,interior,4,11,3,0.14725522696971893,0.11123705058408434
guided_noise_error,intercept,interior,4,13,1,0.053313761949539185,0.11123705058408434
guided_noise_error,intercept,interior,4,14,2,0.09388177841901779,0.11123705058408434
guided_noise_error,intercept,interior,4,15,3,0.13806894421577454,0.11123705058408434
guided_noise_error,intercept,interior,4,17,1,0.06251142919063568,0.11123705058408434
guided_noise_error,intercept,interior,4,18,2,0.137383371591568,0.11123705058408434
guided_noise_error,intercept,interior,4,19,3,0.25463393330574036,0.11123705058408434
guided_noise_error,intercept,interior,4,1,1,0.07860872149467468,0.11123705058408434
guided_noise_error,intercept,interior,4,2,2,0.0994267538189888,0.11123705058408434
guided_noise_error,intercept,interior,4,3,3,0.1232960894703865,0.11123705058408434
guided_noise_error,intercept,interior,4,5,1,0.029447142034769058,0.11123705058408434
guided_noise_error,intercept,interior,4,6,2,0.05407434329390526,0.11123705058408434
guided_noise_error,intercept,interior,4,7,3,0.07687284797430038,0.11123705058408434
guided_noise_error,intercept,interior,4,9,1,0.051105547696352005,0.11123705058408434
guided_noise_error,intercept,interior,4,10,2,0.08746461570262909,0.11123705058408434
guided_noise_error,intercept,interior,4,11,3,0.1206672415137291,0.11123705058408434
guided_noise_error,intercept,interior,4,13,1,0.04905293136835098,0.11123705058408434
guided_noise_error,intercept,interior,4,14,2,0.08791273087263107,0.11123705058408434
guided_noise_error,intercept,interior,4,15,3,0.12983839213848114,0.11123705058408434
guided_noise_error,intercept,interior,4,17,1,0.0553559847176075,0.11123705058408434
guided_noise_error,intercept,interior,4,18,2,0.1188446581363678,0.11123705058408434
guided_noise_error,intercept,interior,4,19,3,0.2268003523349762,0.11123705058408434
guided_noise_error,intercept,interior,5,1,1,0.040304381400346756,0.11123705058408434
guided_noise_error,intercept,interior,5,2,2,0.061322588473558426,0.11123705058408434
guided_noise_error,intercept,interior,5,3,3,0.1008257269859314,0.11123705058408434
guided_noise_error,intercept,interior,5,4,4,0.12244299054145813,0.11123705058408434
guided_noise_error,intercept,interior,5,6,1,0.07747203856706619,0.11123705058408434
guided_noise_error,intercept,interior,5,7,2,0.14037218689918518,0.11123705058408434
guided_noise_error,intercept,interior,5,8,3,0.13653481006622314,0.11123705058408434
guided_noise_error,intercept,interior,5,9,4,0.15346674621105194,0.11123705058408434
guided_noise_error,intercept,interior,5,11,1,0.07023610174655914,0.11123705058408434
guided_noise_error,intercept,interior,5,12,2,0.10651817917823792,0.11123705058408434
guided_noise_error,intercept,interior,5,13,3,0.14419807493686676,0.11123705058408434
guided_noise_error,intercept,interior,5,14,4,0.18059992790222168,0.11123705058408434
guided_noise_error,intercept,interior,5,16,1,0.05991533771157265,0.11123705058408434
guided_noise_error,intercept,interior,5,17,2,0.11694484949111938,0.11123705058408434
guided_noise_error,intercept,interior,5,18,3,0.1904846429824829,0.11123705058408434
guided_noise_error,intercept,interior,5,19,4,0.3189023435115814,0.11123705058408434
guided_noise_error,intercept,interior,5,1,1,0.07860872149467468,0.11123705058408434
guided_noise_error,intercept,interior,5,2,2,0.0994267538189888,0.11123705058408434
guided_noise_error,intercept,interior,5,3,3,0.1232960894703865,0.11123705058408434
guided_noise_error,intercept,interior,5,4,4,0.12195291370153427,0.11123705058408434
guided_noise_error,intercept,interior,5,6,1,0.03530316799879074,0.11123705058408434
guided_noise_error,intercept,interior,5,7,2,0.06223030015826225,0.11123705058408434
guided_noise_error,intercept,interior,5,8,3,0.08691928535699844,0.11123705058408434
guided_noise_error,intercept,interior,5,9,4,0.11658608168363571,0.11123705058408434
guided_noise_error,intercept,interior,5,11,1,0.06346600502729416,0.11123705058408434
guided_noise_error,intercept,interior,5,12,2,0.10084091126918793,0.11123705058408434
guided_noise_error,intercept,interior,5,13,3,0.12812334299087524,0.11123705058408434
guided_noise_error,intercept,interior,5,14,4,0.1604982167482376,0.11123705058408434
guided_noise_error,intercept,interior,5,16,1,0.054121583700180054,0.11123705058408434
guided_noise_error,intercept,interior,5,17,2,0.10385369509458542,0.11123705058408434
guided_noise_error,intercept,interior,5,18,3,0.16692373156547546,0.11123705058408434
guided_noise_error,intercept,interior,5,19,4,0.28594234585762024,0.11123705058408434
guided_noise_error,age,interior,2,1,1,0.040304381400346756,0.07428659436893734
guided_noise_error,age,interior,2,3,1,0.06417329609394073,0.07428659436893734
guided_noise_error,age,interior,2,5,1,0.0787181407213211,0.07428659436893734
guided_noise_error,age,interior,2,7,1,0.10918831825256348,0.07428659436893734
guided_noise_error,age,interior,2,9,1,0.07381188869476318,0.07428659436893734
guided_noise_error,age,interior,2,11,1,0.07023610174655914,0.07428659436893734
guided_noise_error,age,interior,2,13,1,0.053313761949539185,0.07428659436893734
guided_noise_error,age,interior,2,15,1,0.05728571116924286,0.07428659436893734
guided_noise_error,age,interior,2,17,1,0.06251142919063568,0.07428659436893734
guided_noise_error,age,interior,2,19,1,0.11239538341760635,0.07428659436893734
guided_noise_error,age,interior,2,1,1,0.07860872149467468,0.07428659436893734
guided_noise_error,age,interior,2,3,1,0.09409874677658081,0.07428659436893734
guided_noise_error,age,interior,2,5,1,0.029447142034769058,0.07428659436893734
guided_noise_error,age,interior,2,7,1,0.037760064005851746,0.07428659436893734
guided_noise_error,age,interior,2,9,1,0.051105547696352005,0.07428659436893734
guided_noise_error,age,interior,2,11,1,0.06346600502729416,0.07428659436893734
guided_noise_error,age,interior,2,13,1,0.04905293136835098,0.07428659436893734
guided_noise_error,age,interior,2,15,1,0.04930143803358078,0.07428659436893734
guided_noise_error,age,interior,2,17,1,0.0553559847176075,0.07428659436893734
guided_noise_error,age,interior,2,19,1,0.09631173312664032,0.07428659436893734
guided_noise_error,age,interior,3,1,1,0.040304381400346756,0.07428659436893734
guided_noise_error,age,interior,3,2,2,0.061322588473558426,0.11862714182711373
guided_noise_error,age,interior,3,4,1,0.07937437295913696,0.07428659436893734
guided_noise_error,age,interior,3,5,2,0.10129930824041367,0.11862714182711373
guided_noise_error,age,interior,3,7,1,0.10918831825256348,0.07428659436893734
guided_noise_error,age,interior,3,8,2,0.12308911979198456,0.11862714182711373
guided_noise_error,age,interior,3,10,1,0.07013513147830963,0.07428659436893734
guided_noise_error,age,interior,3,11,2,0.11165262013673782,0.11862714182711373
guided_noise_error,age,interior,3,13,1,0.053313761949539185,0.07428659436893734
guided_noise_error,age,interior,3,14,2,0.09388177841901779,0.11862714182711373
guided_noise_error,age,interior,3,16,1,0.05991533771157265,0.07428659436893734
guided_noise_error,age,interior,3,17,2,0.11694484949111938,0.11862714182711373
guided_noise_error,age,interior,3,19,1,0.11239538341760635,0.07428659436893734
guided_noise_error,age,interior,3,1,1,0.07860872149467468,0.07428659436893734
guided_noise_error,age,interior,3,2,2,0.0994267538189888,0.11862714182711373
guided_noise_error,age,interior,3,4,1,0.046694885939359665,0.07428659436893734
guided_noise_error,age,interior,3,5,2,0.06791532784700394,0.11862714182711373
guided_noise_error,age,interior,3,7,1,0.037760064005851746,0.07428659436893734
guided_noise_error,age,interior,3,8,2,0.06854011863470078,0.11862714182711373
guided_noise_error,age,interior,3,10,1,0.056039344519376755,0.07428659436893734
guided_noise_error,age,interior,3,11,2,0.10147716850042343,0.11862714182711373
guided_noise_error,age,interior,3,13,1,0.04905293136835098,0.07428659436893734
guided_noise_error,age,interior,3,14,2,0.08791273087263107,0.11862714182711373
guided_noise_error,age,interior,3,16,1,0.054121583700180054,0.07428659436893734
guided_noise_error,age,interior,3,17,2,0.10385369509458542,0.11862714182711373
guided_noise_error,age,interior,3,19,1,0.09631173312664032,0.07428659436893734
guided_noise_error,age,interior,4,1,1,0.040304381400346756,0.07428659436893734
guided_noise_error,age,interior,4,2,2,0.061322588473558426,0.11862714182711373
guided_noise_error,age,interior,4,3,3,0.1008257269859314,0.1629676892852901
guided_noise_error,age,interior,4,5,1,0.0787181407213211,0.07428659436893734
guided_noise_error,age,interior,4,6,2,0.10597044229507446,0.11862714182711373
guided_noise_error,age,interior,4,7,3,0.16294127702713013,0.1629676892852901
guided_noise_error,age,interior,4,9,1,0.07381188869476318,0.07428659436893734
guided_noise_error,age,interior,4,10,2,0.1149878203868866,0.11862714182711373
guided_noise_error,age,interior,4,11,3,0.14725522696971893,0.1629676892852901
guided_noise_error,age,interior,4,13,1,0.053313761949539185,0.07428659436893734
guided_noise_error,age,interior,4,14,2,0.09388177841901779,0.11862714182711373
guided_noise_error,age,interior,4,15,3,0.13806894421577454,0.1629676892852901
guided_noise_error,age,interior,4,17,1,0.06251142919063568,0.07428659436893734
guided_noise_error,age,interior,4,18,2,0.137383371591568,0.11862714182711373
guided_noise_error,age,interior,4,19,3,0.25463393330574036,0.1629676892852901
guided_noise_error,age,interior,4,1,1,0.07860872149467468,0.07428659436893734
guided_noise_error,age,interior,4,2,2,0.0994267538189888,0.11862714182711373
guided_noise_error,age,interior,4,3,3,0.1232960894703865,0.1629676892852901
guided_noise_error,age,interior,4,5,1,0.029447142034769058,0.07428659436893734
guided_noise_error,age,interior,4,6,2,0.05407434329390526,0.11862714182711373
guided_noise_error,age,interior,4,7,3,0.07687284797430038,0.1629676892852901
guided_noise_error,age,interior,4,9,1,0.051105547696352005,0.07428659436893734
guided_noise_error,age,interior,4,10,2,0.08746461570262909,0.11862714182711373
guided_noise_error,age,interior,4,11,3,0.1206672415137291,0.1629676892852901
guided_noise_error,age,interior,4,13,1,0.04905293136835098,0.07428659436893734
guided_noise_error,age,interior,4,14,2,0.08791273087263107,0.11862714182711373
guided_noise_error,age,interior,4,15,3,0.12983839213848114,0.1629676892852901
guided_noise_error,age,interior,4,17,1,0.0553559847176075,0.07428659436893734
guided_noise_error,age,interior,4,18,2,0.1188446581363678,0.11862714182711373
guided_noise_error,age,interior,4,19,3,0.2268003523349762,0.1629676892852901
guided_noise_error,age,interior,5,1,1,0.040304381400346756,0.07428659436893734
guided_noise_error,age,interior,5,2,2,0.061322588473558426,0.11862714182711373
guided_noise_error,age,interior,5,3,3,0.1008257269859314,0.1629676892852901
guided_noise_error,age,interior,5,4,4,0.12244299054145813,0.2073082367434665
guided_noise_error,age,interior,5,6,1,0.07747203856706619,0.07428659436893734
guided_noise_error,age,interior,5,7,2,0.14037218689918518,0.11862714182711373
guided_noise_error,age,interior,5,8,3,0.13653481006622314,0.1629676892852901
guided_noise_error,age,interior,5,9,4,0.15346674621105194,0.2073082367434665
guided_noise_error,age,interior,5,11,1,0.07023610174655914,0.07428659436893734
guided_noise_error,age,interior,5,12,2,0.10651817917823792,0.11862714182711373
guided_noise_error,age,interior,5,13,3,0.14419807493686676,0.1629676892852901
guided_noise_error,age,interior,5,14,4,0.18059992790222168,0.2073082367434665
guided_noise_error,age,interior,5,16,1,0.05991533771157265,0.07428659436893734
guided_noise_error,age,interior,5,17,2,0.11694484949111938,0.11862714182711373
guided_noise_error,age,interior,5,18,3,0.1904846429824829,0.1629676892852901
guided_noise_error,age,interior,5,19,4,0.3189023435115814,0.2073082367434665
guided_noise_error,age,interior,5,1,1,0.07860872149467468,0.07428659436893734
guided_noise_error,age,interior,5,2,2,0.0994267538189888,0.11862714182711373
guided_noise_error,age,interior,5,3,3,0.1232960894703865,0.1629676892852901
guided_noise_error,age,interior,5,4,4,0.12195291370153427,0.2073082367434665
guided_noise_error,age,interior,5,6,1,0.03530316799879074,0.07428659436893734
guided_noise_error,age,interior,5,7,2,0.06223030015826225,0.11862714182711373
guided_noise_error,age,interior,5,8,3,0.08691928535699844,0.1629676892852901
guided_noise_error,age,interior,5,9,4,0.11658608168363571,0.2073082367434665
guided_noise_error,age,interior,5,11,1,0.06346600502729416,0.07428659436893734
guided_noise_error,age,interior,5,12,2,0.10084091126918793,0.11862714182711373
guided_noise_error,age,interior,5,13,3,0.12812334299087524,0.1629676892852901
guided_noise_error,age,interior,5,14,4,0.1604982167482376,0.2073082367434665
guided_noise_error,age,interior,5,16,1,0.054121583700180054,0.07428659436893734
guided_noise_error,age,interior,5,17,2,0.10385369509458542,0.11862714182711373
guided_noise_error,age,interior,5,18,3,0.16692373156547546,0.1629676892852901
guided_noise_error,age,interior,5,19,4,0.28594234585762024,0.2073082367434665
guided_noise_error,lambda_distance,interior,2,1,1,0.040304381400346756,0.09188379877231734
guided_noise_error,lambda_distance,interior,2,3,1,0.06417329609394073,0.0851254801953383
guided_noise_error,lambda_distance,interior,2,5,1,0.0787181407213211,0.0793960728581195
guided_noise_error,lambda_distance,interior,2,7,1,0.10918831825256348,0.07486445624567464
guided_noise_error,lambda_distance,interior,2,9,1,0.07381188869476318,0.07166319388037928
guided_noise_error,lambda_distance,interior,2,11,1,0.07023610174655914,0.0699329895999631
guided_noise_error,lambda_distance,interior,2,13,1,0.053313761949539185,0.06990512171507428
guided_noise_error,lambda_distance,interior,2,15,1,0.05728571116924286,0.0724011209048151
guided_noise_error,lambda_distance,interior,2,17,1,0.06251142919063568,0.08035649670619274
guided_noise_error,lambda_distance,interior,2,19,1,0.11239538341760635,0.11406651203885679
guided_noise_error,lambda_distance,interior,2,1,1,0.07860872149467468,0.09188379877231734
guided_noise_error,lambda_distance,interior,2,3,1,0.09409874677658081,0.0851254801953383
guided_noise_error,lambda_distance,interior,2,5,1,0.029447142034769058,0.0793960728581195
guided_noise_error,lambda_distance,interior,2,7,1,0.037760064005851746,0.07486445624567464
guided_noise_error,lambda_distance,interior,2,9,1,0.051105547696352005,0.07166319388037928
guided_noise_error,lambda_distance,interior,2,11,1,0.06346600502729416,0.0699329895999631
guided_noise_error,lambda_distance,interior,2,13,1,0.04905293136835098,0.06990512171507428
guided_noise_error,lambda_distance,interior,2,15,1,0.04930143803358078,0.0724011209048151
guided_noise_error,lambda_distance,interior,2,17,1,0.0553559847176075,0.08035649670619274
guided_noise_error,lambda_distance,interior,2,19,1,0.09631173312664032,0.11406651203885679
guided_noise_error,lambda_distance,interior,3,1,1,0.040304381400346756,0.09188379877231734
guided_noise_error,lambda_distance,interior,3,2,2,0.061322588473558426,0.13879462548894606
guided_noise_error,lambda_distance,interior,3,4,1,0.07937437295913696,0.08212091903558617
guided_noise_error,lambda_distance,interior,3,5,2,0.10129930824041367,0.12004044685783881
guided_noise_error,lambda_distance,interior,3,7,1,0.10918831825256348,0.07486445624567464
guided_noise_error,lambda_distance,interior,3,8,2,0.12308911979198456,0.10647820957565296
guided_noise_error,lambda_distance,interior,3,10,1,0.07013513147830963,0.07002519008420319
guided_noise_error,lambda_distance,interior,3,11,2,0.11165262013673782,0.09848163464829943
guided_noise_error,lambda_distance,interior,3,13,1,0.053313761949539185,0.06990512171507428
guided_noise_error,lambda_distance,interior,3,14,2,0.09388177841901779,0.09917179694899426
guided_noise_error,lambda_distance,interior,3,16,1,0.05991533771157265,0.07529782160378276
guided_noise_error,lambda_distance,interior,3,17,2,0.11694484949111938,0.11417777327410863
guided_noise_error,lambda_distance,interior,3,19,1,0.11239538341760635,0.11406651203885679
guided_noise_error,lambda_distance,interior,3,1,1,0.07860872149467468,0.09188379877231734
guided_noise_error,lambda_distance,interior,3,2,2,0.0994267538189888,0.13879462548894606
guided_noise_error,lambda_distance,interior,3,4,1,0.046694885939359665,0.08212091903558617
guided_noise_error,lambda_distance,interior,3,5,2,0.06791532784700394,0.12004044685783881
guided_noise_error,lambda_distance,interior,3,7,1,0.037760064005851746,0.07486445624567464
guided_noise_error,lambda_distance,interior,3,8,2,0.06854011863470078,0.10647820957565296
guided_noise_error,lambda_distance,interior,3,10,1,0.056039344519376755,0.07002519008420319
guided_noise_error,lambda_distance,interior,3,11,2,0.10147716850042343,0.09848163464829943
guided_noise_error,lambda_distance,interior,3,13,1,0.04905293136835098,0.06990512171507428
guided_noise_error,lambda_distance,interior,3,14,2,0.08791273087263107,0.09917179694899426
guided_noise_error,lambda_distance,interior,3,16,1,0.054121583700180054,0.07529782160378276
guided_noise_error,lambda_distance,interior,3,17,2,0.10385369509458542,0.11417777327410863
guided_noise_error,lambda_distance,interior,3,19,1,0.09631173312664032,0.11406651203885679
guided_noise_error,lambda_distance,interior,4,1,1,0.040304381400346756,0.09188379877231734
guided_noise_error,lambda_distance,interior,4,2,2,0.061322588473558426,0.13879462548894606
guided_noise_error,lambda_distance,interior,4,3,3,0.1008257269859314,0.1824435606484175
guided_noise_error,lambda_distance,interior,4,5,1,0.0787181407213211,0.0793960728581195
guided_noise_error,lambda_distance,interior,4,6,2,0.10597044229507446,0.11489094594322079
guided_noise_error,lambda_distance,interior,4,7,3,0.16294127702713013,0.14827885715302858
guided_noise_error,lambda_distance,interior,4,9,1,0.07381188869476318,0.07166319388037928
guided_noise_error,lambda_distance,interior,4,10,2,0.1149878203868866,0.10021183892871563
guided_noise_error,lambda_distance,interior,4,11,3,0.14725522696971893,0.12866828349281187
guided_noise_error,lambda_distance,interior,4,13,1,0.053313761949539185,0.06990512171507428
guided_noise_error,lambda_distance,interior,4,14,2,0.09388177841901779,0.09917179694899426
guided_noise_error,lambda_distance,interior,4,15,3,0.13806894421577454,0.1300963728179425
guided_noise_error,lambda_distance,interior,4,17,1,0.06251142919063568,0.08035649670619274
guided_noise_error,lambda_distance,interior,4,18,2,0.137383371591568,0.12892934294457264
guided_noise_error,lambda_distance,interior,4,19,3,0.25463393330574036,0.20151930994756256
guided_noise_error,lambda_distance,interior,4,1,1,0.07860872149467468,0.09188379877231734
guided_noise_error,lambda_distance,interior,4,2,2,0.0994267538189888,0.13879462548894606
guided_noise_error,lambda_distance,interior,4,3,3,0.1232960894703865,0.1824435606484175
guided_noise_error,lambda_distance,interior,4,5,1,0.029447142034769058,0.0793960728581195
guided_noise_error,lambda_distance,interior,4,6,2,0.05407434329390526,0.11489094594322079
guided_noise_error,lambda_distance,interior,4,7,3,0.07687284797430038,0.14827885715302858
guided_noise_error,lambda_distance,interior,4,9,1,0.051105547696352005,0.07166319388037928
guided_noise_error,lambda_distance,interior,4,10,2,0.08746461570262909,0.10021183892871563
guided_noise_error,lambda_distance,interior,4,11,3,0.1206672415137291,0.12866828349281187
guided_noise_error,lambda_distance,interior,4,13,1,0.04905293136835098,0.06990512171507428
guided_noise_error,lambda_distance,interior,4,14,2,0.08791273087263107,0.09917179694899426
guided_noise_error,lambda_distance,interior,4,15,3,0.12983839213848114,0.1300963728179425
guided_noise_error,lambda_distance,interior,4,17,1,0.0553559847176075,0.08035649670619274
guided_noise_error,lambda_distance,interior,4,18,2,0.1188446581363678,0.12892934294457264
guided_noise_error,lambda_distance,interior,4,19,3,0.2268003523349762,0.20151930994756256
guided_noise_error,lambda_distance,interior,5,1,1,0.040304381400346756,0.09188379877231734
guided_noise_error,lambda_distance,interior,5,2,2,0.061322588473558426,0.13879462548894606
guided_noise_error,lambda_distance,interior,5,3,3,0.1008257269859314,0.1824435606484175
guided_noise_error,lambda_distance,interior,5,4,4,0.12244299054145813,0.2230879346481368
guided_noise_error,lambda_distance,interior,5,6,1,0.07747203856706619,0.07697141812096814
guided_noise_error,lambda_distance,interior,5,7,2,0.14037218689918518,0.11035932933077593
guided_noise_error,lambda_distance,interior,5,8,3,0.13653481006622314,0.14197308266075426
guided_noise_error,lambda_distance,interior,5,9,4,0.15346674621105194,0.17215973150526667
guided_noise_error,lambda_distance,interior,5,11,1,0.07023610174655914,0.0699329895999631
guided_noise_error,lambda_distance,interior,5,12,2,0.10651817917823792,0.09813015460481768
guided_noise_error,lambda_distance,interior,5,13,3,0.14419807493686676,0.1265587312840251
guided_noise_error,lambda_distance,interior,5,14,4,0.18059992790222168,0.15582540651794508
guided_noise_error,lambda_distance,interior,5,16,1,0.05991533771157265,0.07529782160378276
guided_noise_error,lambda_distance,interior,5,17,2,0.11694484949111938,0.11417777327410863
guided_noise_error,lambda_distance,interior,5,18,3,0.1904846429824829,0.16275061951248854
guided_noise_error,lambda_distance,interior,5,19,4,0.3189023435115814,0.23534058651547846
guided_noise_error,lambda_distance,interior,5,1,1,0.07860872149467468,0.09188379877231734
guided_noise_error,lambda_distance,interior,5,2,2,0.0994267538189888,0.13879462548894606
guided_noise_error,lambda_distance,interior,5,3,3,0.1232960894703865,0.1824435606484175
guided_noise_error,lambda_distance,interior,5,4,4,0.12195291370153427,0.2230879346481368
guided_noise_error,lambda_distance,interior,5,6,1,0.03530316799879074,0.07697141812096814
guided_noise_error,lambda_distance,interior,5,7,2,0.06223030015826225,0.11035932933077593
guided_noise_error,lambda_distance,interior,5,8,3,0.08691928535699844,0.14197308266075426
guided_noise_error,lambda_distance,interior,5,9,4,0.11658608168363571,0.17215973150526667
guided_noise_error,lambda_distance,interior,5,11,1,0.06346600502729416,0.0699329895999631
guided_noise_error,lambda_distance,interior,5,12,2,0.10084091126918793,0.09813015460481768
guided_noise_error,lambda_distance,interior,5,13,3,0.12812334299087524,0.1265587312840251
guided_noise_error,lambda_distance,interior,5,14,4,0.1604982167482376,0.15582540651794508
guided_noise_error,lambda_distance,interior,5,16,1,0.054121583700180054,0.07529782160378276
guided_noise_error,lambda_distance,interior,5,17,2,0.10385369509458542,0.11417777327410863
guided_noise_error,lambda_distance,interior,5,18,3,0.16692373156547546,0.16275061951248854
guided_noise_error,lambda_distance,interior,5,19,4,0.28594234585762024,0.23534058651547846
guided_noise_error,age+lambda_distance,interior,2,1,1,0.040304381400346756,0.07843044838584629
guided_noise_error,age+lambda_distance,interior,2,3,1,0.06417329609394073,0.07616425032894095
guided_noise_error,age+lambda_distance,interior,2,5,1,0.0787181407213211,0.07424306658672258
guided_noise_error,age+lambda_distance,interior,2,7,1,0.10918831825256348,0.07272352579491324
guided_noise_error,age+lambda_distance,interior,2,9,1,0.07381188869476318,0.07165007912778093
guided_noise_error,age+lambda_distance,interior,2,11,1,0.07023610174655914,0.07106990736853823
guided_noise_error,age+lambda_distance,interior,2,13,1,0.053313761949539185,0.07106056271485467
guided_noise_error,age+lambda_distance,interior,2,15,1,0.05728571116924286,0.07189752067257739
guided_noise_error,age+lambda_distance,interior,2,17,1,0.06251142919063568,0.07456511572269008
guided_noise_error,age+lambda_distance,interior,2,19,1,0.11239538341760635,0.08586875143843647
guided_noise_error,age+lambda_distance,interior,2,1,1,0.07860872149467468,0.07843044838584629
guided_noise_error,age+lambda_distance,interior,2,3,1,0.09409874677658081,0.07616425032894095
guided_noise_error,age+lambda_distance,interior,2,5,1,0.029447142034769058,0.07424306658672258
guided_noise_error,age+lambda_distance,interior,2,7,1,0.037760064005851746,0.07272352579491324
guided_noise_error,age+lambda_distance,interior,2,9,1,0.051105547696352005,0.07165007912778093
guided_noise_error,age+lambda_distance,interior,2,11,1,0.06346600502729416,0.07106990736853823
guided_noise_error,age+lambda_distance,interior,2,13,1,0.04905293136835098,0.07106056271485467
guided_noise_error,age+lambda_distance,interior,2,15,1,0.04930143803358078,0.07189752067257739
guided_noise_error,age+lambda_distance,interior,2,17,1,0.0553559847176075,0.07456511572269008
guided_noise_error,age+lambda_distance,interior,2,19,1,0.09631173312664032,0.08586875143843647
guided_noise_error,age+lambda_distance,interior,3,1,1,0.040304381400346756,0.07843044838584629
guided_noise_error,age+lambda_distance,interior,3,2,2,0.061322588473558426,0.12574106590573175
guided_noise_error,age+lambda_distance,interior,3,4,1,0.07937437295913696,0.07515676147139036
guided_noise_error,age+lambda_distance,interior,3,5,2,0.10129930824041367,0.1194524184132265
guided_noise_error,age+lambda_distance,interior,3,7,1,0.10918831825256348,0.07272352579491324
guided_noise_error,age+lambda_distance,interior,3,8,2,0.12308911979198456,0.11490473167338104
guided_noise_error,age+lambda_distance,interior,3,10,1,0.07013513147830963,0.0711008240167919
guided_noise_error,age+lambda_distance,interior,3,11,2,0.11165262013673782,0.1122233217404437
guided_noise_error,age+lambda_distance,interior,3,13,1,0.053313761949539185,0.07106056271485467
guided_noise_error,age+lambda_distance,interior,3,14,2,0.09388177841901779,0.11245474682746336
guided_noise_error,age+lambda_distance,interior,3,16,1,0.05991533771157265,0.07286884178161739
guided_noise_error,age+lambda_distance,interior,3,17,2,0.11694484949111938,0.11748654785942103
guided_noise_error,age+lambda_distance,interior,3,19,1,0.11239538341760635,0.08586875143843647
guided_noise_error,age+lambda_distance,interior,3,1,1,0.07860872149467468,0.07843044838584629
guided_noise_error,age+lambda_distance,interior,3,2,2,0.0994267538189888,0.12574106590573175
guided_noise_error,age+lambda_distance,interior,3,4,1,0.046694885939359665,0.07515676147139036
guided_noise_error,age+lambda_distance,interior,3,5,2,0.06791532784700394,0.1194524184132265
guided_noise_error,age+lambda_distance,interior,3,7,1,0.037760064005851746,0.07272352579491324
guided_noise_error,age+lambda_distance,interior,3,8,2,0.06854011863470078,0.11490473167338104
guided_noise_error,age+lambda_distance,interior,3,10,1,0.056039344519376755,0.0711008240167919
guided_noise_error,age+lambda_distance,interior,3,11,2,0.10147716850042343,0.1122233217404437
guided_noise_error,age+lambda_distance,interior,3,13,1,0.04905293136835098,0.07106056271485467
guided_noise_error,age+lambda_distance,interior,3,14,2,0.08791273087263107,0.11245474682746336
guided_noise_error,age+lambda_distance,interior,3,16,1,0.054121583700180054,0.07286884178161739
guided_noise_error,age+lambda_distance,interior,3,17,2,0.10385369509458542,0.11748654785942103
guided_noise_error,age+lambda_distance,interior,3,19,1,0.09631173312664032,0.08586875143843647
guided_noise_error,age+lambda_distance,interior,4,1,1,0.040304381400346756,0.07843044838584629
guided_noise_error,age+lambda_distance,interior,4,2,2,0.061322588473558426,0.12574106590573175
guided_noise_error,age+lambda_distance,interior,4,3,3,0.1008257269859314,0.17195790658978627
guided_noise_error,age+lambda_distance,interior,4,5,1,0.0787181407213211,0.07424306658672258
guided_noise_error,age+lambda_distance,interior,4,6,2,0.10597044229507446,0.11772568877865576
guided_noise_error,age+lambda_distance,interior,4,7,3,0.16294127702713013,0.16050180492868257
guided_noise_error,age+lambda_distance,interior,4,9,1,0.07381188869476318,0.07165007912778093
guided_noise_error,age+lambda_distance,interior,4,10,2,0.1149878203868866,0.1128034934996864
guided_noise_error,age+lambda_distance,interior,4,11,3,0.14725522696971893,0.1539259912233382
guided_noise_error,age+lambda_distance,interior,4,13,1,0.053313761949539185,0.07106056271485467
guided_noise_error,age+lambda_distance,interior,4,14,2,0.09388177841901779,0.11245474682746336
guided_noise_error,age+lambda_distance,interior,4,15,3,0.13806894421577454,0.15440485785515431
guided_noise_error,age+lambda_distance,interior,4,17,1,0.06251142919063568,0.07456511572269008
guided_noise_error,age+lambda_distance,interior,4,18,2,0.137383371591568,0.1224330413019442
guided_noise_error,age+lambda_distance,interior,4,19,3,0.25463393330574036,0.17835438309549423
guided_noise_error,age+lambda_distance,interior,4,1,1,0.07860872149467468,0.07843044838584629
guided_noise_error,age+lambda_distance,interior,4,2,2,0.0994267538189888,0.12574106590573175
guided_noise_error,age+lambda_distance,interior,4,3,3,0.1232960894703865,0.17195790658978627
guided_noise_error,age+lambda_distance,interior,4,5,1,0.029447142034769058,0.07424306658672258
guided_noise_error,age+lambda_distance,interior,4,6,2,0.05407434329390526,0.11772568877865576
guided_noise_error,age+lambda_distance,interior,4,7,3,0.07687284797430038,0.16050180492868257
guided_noise_error,age+lambda_distance,interior,4,9,1,0.051105547696352005,0.07165007912778093
guided_noise_error,age+lambda_distance,interior,4,10,2,0.08746461570262909,0.1128034934996864
guided_noise_error,age+lambda_distance,interior,4,11,3,0.1206672415137291,0.1539259912233382
guided_noise_error,age+lambda_distance,interior,4,13,1,0.04905293136835098,0.07106056271485467
guided_noise_error,age+lambda_distance,interior,4,14,2,0.08791273087263107,0.11245474682746336
guided_noise_error,age+lambda_distance,interior,4,15,3,0.12983839213848114,0.15440485785515431
guided_noise_error,age+lambda_distance,interior,4,17,1,0.0553559847176075,0.07456511572269008
guided_noise_error,age+lambda_distance,interior,4,18,2,0.1188446581363678,0.1224330413019442
guided_noise_error,age+lambda_distance,interior,4,19,3,0.2268003523349762,0.17835438309549423
guided_noise_error,age+lambda_distance,interior,5,1,1,0.040304381400346756,0.07843044838584629
guided_noise_error,age+lambda_distance,interior,5,2,2,0.061322588473558426,0.12574106590573175
guided_noise_error,age+lambda_distance,interior,5,3,3,0.1008257269859314,0.17195790658978627
guided_noise_error,age+lambda_distance,interior,5,4,4,0.12244299054145813,0.2171672584162902
guided_noise_error,age+lambda_distance,interior,5,6,1,0.07747203856706619,0.0734300318368196
guided_noise_error,age+lambda_distance,interior,5,7,2,0.14037218689918518,0.11620614798684642
guided_noise_error,age+lambda_distance,interior,5,8,3,0.13653481006622314,0.15838735386531422
guided_noise_error,age+lambda_distance,interior,5,9,4,0.15346674621105194,0.20009002334820872
guided_noise_error,age+lambda_distance,interior,5,11,1,0.07023610174655914,0.07106990736853823
guided_noise_error,age+lambda_distance,interior,5,12,2,0.10651817917823792,0.11210546352134575
guided_noise_error,age+lambda_distance,interior,5,13,3,0.14419807493686676,0.15321861659131397
guided_noise_error,age+lambda_distance,interior,5,14,4,0.18059992790222168,0.19461280070392267
guided_noise_error,age+lambda_distance,interior,5,16,1,0.05991533771157265,0.07286884178161739
guided_noise_error,age+lambda_distance,interior,5,17,2,0.11694484949111938,0.11748654785942103
guided_noise_error,age+lambda_distance,interior,5,18,3,0.1904846429824829,0.16535447343867515
guided_noise_error,age+lambda_distance,interior,5,19,4,0.3189023435115814,0.2212758152322252
guided_noise_error,age+lambda_distance,interior,5,1,1,0.07860872149467468,0.07843044838584629
guided_noise_error,age+lambda_distance,interior,5,2,2,0.0994267538189888,0.12574106590573175
guided_noise_error,age+lambda_distance,interior,5,3,3,0.1232960894703865,0.17195790658978627
guided_noise_error,age+lambda_distance,interior,5,4,4,0.12195291370153427,0.2171672584162902
guided_noise_error,age+lambda_distance,interior,5,6,1,0.03530316799879074,0.0734300318368196
guided_noise_error,age+lambda_distance,interior,5,7,2,0.06223030015826225,0.11620614798684642
guided_noise_error,age+lambda_distance,interior,5,8,3,0.08691928535699844,0.15838735386531422
guided_noise_error,age+lambda_distance,interior,5,9,4,0.11658608168363571,0.20009002334820872
guided_noise_error,age+lambda_distance,interior,5,11,1,0.06346600502729416,0.07106990736853823
guided_noise_error,age+lambda_distance,interior,5,12,2,0.10084091126918793,0.11210546352134575
guided_noise_error,age+lambda_distance,interior,5,13,3,0.12812334299087524,0.15321861659131397
guided_noise_error,age+lambda_distance,interior,5,14,4,0.1604982167482376,0.19461280070392267
guided_noise_error,age+lambda_distance,interior,5,16,1,0.054121583700180054,0.07286884178161739
guided_noise_error,age+lambda_distance,interior,5,17,2,0.10385369509458542,0.11748654785942103
guided_noise_error,age+lambda_distance,interior,5,18,3,0.16692373156547546,0.16535447343867515
guided_noise_error,age+lambda_distance,interior,5,19,4,0.28594234585762024,0.2212758152322252
guided_noise_error,intercept,nature,2,1,1,0.08744973689317703,0.11333432464779895
guided_noise_error,intercept,nature,2,3,1,0.02727789804339409,0.11333432464779895
guided_noise_error,intercept,nature,2,5,1,0.032275401055812836,0.11333432464779895
guided_noise_error,intercept,nature,2,7,1,0.027101576328277588,0.11333432464779895
guided_noise_error,intercept,nature,2,9,1,0.025844072923064232,0.11333432464779895
guided_noise_error,intercept,nature,2,11,1,0.03092837892472744,0.11333432464779895
guided_noise_error,intercept,nature,2,13,1,0.028921762481331825,0.11333432464779895
guided_noise_error,intercept,nature,2,15,1,0.03444501757621765,0.11333432464779895
guided_noise_error,intercept,nature,2,17,1,0.04845855012536049,0.11333432464779895
guided_noise_error,intercept,nature,2,19,1,0.10089017450809479,0.11333432464779895
guided_noise_error,intercept,nature,2,1,1,0.0944826677441597,0.11333432464779895
guided_noise_error,intercept,nature,2,3,1,0.023989545181393623,0.11333432464779895
guided_noise_error,intercept,nature,2,5,1,0.0478777252137661,0.11333432464779895
guided_noise_error,intercept,nature,2,7,1,0.02693150006234646,0.11333432464779895
guided_noise_error,intercept,nature,2,9,1,0.026480449363589287,0.11333432464779895
guided_noise_error,intercept,nature,2,11,1,0.036899346858263016,0.11333432464779895
guided_noise_error,intercept,nature,2,13,1,0.0373508594930172,0.11333432464779895
guided_noise_error,intercept,nature,2,15,1,0.041781943291425705,0.11333432464779895
guided_noise_error,intercept,nature,2,17,1,0.05974044278264046,0.11333432464779895
guided_noise_error,intercept,nature,2,19,1,0.11944959312677383,0.11333432464779895
guided_noise_error,intercept,nature,3,1,1,0.08744973689317703,0.11333432464779895
guided_noise_error,intercept,nature,3,2,2,0.097195565700531,0.11333432464779895
guided_noise_error,intercept,nature,3,4,1,0.02855951339006424,0.11333432464779895
guided_noise_error,intercept,nature,3,5,2,0.05862625688314438,0.11333432464779895
guided_noise_error,intercept,nature,3,7,1,0.027101576328277588,0.11333432464779895
guided_noise_error,intercept,nature,3,8,2,0.04711827263236046,0.11333432464779895
guided_noise_error,intercept,nature,3,10,1,0.026045409962534904,0.11333432464779895
guided_noise_error,intercept,nature,3,11,2,0.052303463220596313,0.11333432464779895
guided_noise_error,intercept,nature,3,13,1,0.028921762481331825,0.11333432464779895
guided_noise_error,intercept,nature,3,14,2,0.061172693967819214,0.11333432464779895
guided_noise_error,intercept,nature,3,16,1,0.040329284965991974,0.11333432464779895
guided_noise_error,intercept,nature,3,17,2,0.09031067043542862,0.11333432464779895
guided_noise_error,intercept,nature,3,19,1,0.10089017450809479,0.11333432464779895
guided_noise_error,intercept,nature,3,1,1,0.0944826677441597,0.11333432464779895
guided_noise_error,intercept,nature,3,2,2,0.09306242316961288,0.11333432464779895
guided_noise_error,intercept,nature,3,4,1,0.033718742430210114,0.11333432464779895
guided_noise_error,intercept,nature,3,5,2,0.05159129574894905,0.11333432464779895
guided_noise_error,intercept,nature,3,7,1,0.02693150006234646,0.11333432464779895
guided_noise_error,intercept,nature,3,8,2,0.048707690089941025,0.11333432464779895
guided_noise_error,intercept,nature,3,10,1,0.029615018516778946,0.11333432464779895
guided_noise_error,intercept,nature,3,11,2,0.05700042098760605,0.11333432464779895
guided_noise_error,intercept,nature,3,13,1,0.0373508594930172,0.11333432464779895
guided_noise_error,intercept,nature,3,14,2,0.07495790719985962,0.11333432464779895
guided_noise_error,intercept,nature,3,16,1,0.04843182861804962,0.11333432464779895
guided_noise_error,intercept,nature,3,17,2,0.10843059420585632,0.11333432464779895
guided_noise_error,intercept,nature,3,19,1,0.11944959312677383,0.11333432464779895
guided_noise_error,intercept,nature,4,1,1,0.08744973689317703,0.11333432464779895
guided_noise_error,intercept,nature,4,2,2,0.097195565700531,0.11333432464779895
guided_noise_error,intercept,nature,4,3,3,0.10868708044290543,0.11333432464779895
guided_noise_error,intercept,nature,4,5,1,0.032275401055812836,0.11333432464779895
guided_noise_error,intercept,nature,4,6,2,0.045045796781778336,0.11333432464779895
guided_noise_error,intercept,nature,4,7,3,0.06314944475889206,0.11333432464779895
guided_noise_error,intercept,nature,4,9,1,0.025844072923064232,0.11333432464779895
guided_noise_error,intercept,nature,4,10,2,0.05053411051630974,0.11333432464779895
guided_noise_error,intercept,nature,4,11,3,0.07320604473352432,0.11333432464779895
guided_noise_error,intercept,nature,4,13,1,0.028921762481331825,0.11333432464779895
guided_noise_error,intercept,nature,4,14,2,0.061172693967819214,0.11333432464779895
guided_noise_error,intercept,nature,4,15,3,0.09528283029794693,0.11333432464779895
guided_noise_error,intercept,nature,4,17,1,0.04845855012536049,0.11333432464779895
guided_noise_error,intercept,nature,4,18,2,0.11561768501996994,0.11333432464779895
guided_noise_error,intercept,nature,4,19,3,0.2257920652627945,0.11333432464779895
guided_noise_error,intercept,nature,4,1,1,0.0944826677441597,0.11333432464779895
guided_noise_error,intercept,nature,4,2,2,0.09306242316961288,0.11333432464779895
guided_noise_error,intercept,nature,4,3,3,0.11619837582111359,0.11333432464779895
guided_noise_error,intercept,nature,4,5,1,0.0478777252137661,0.11333432464779895
guided_noise_error,intercept,nature,4,6,2,0.057709891349077225,0.11333432464779895
guided_noise_error,intercept,nature,4,7,3,0.0705757737159729,0.11333432464779895
guided_noise_error,intercept,nature,4,9,1,0.026480449363589287,0.11333432464779895
guided_noise_error,intercept,nature,4,10,2,0.05269922688603401,0.11333432464779895
guided_noise_error,intercept,nature,4,11,3,0.07792039215564728,0.11333432464779895
guided_noise_error,intercept,nature,4,13,1,0.0373508594930172,0.11333432464779895
guided_noise_error,intercept,nature,4,14,2,0.07495790719985962,0.11333432464779895
guided_noise_error,intercept,nature,4,15,3,0.11452894657850266,0.11333432464779895
guided_noise_error,intercept,nature,4,17,1,0.05974044278264046,0.11333432464779895
guided_noise_error,intercept,nature,4,18,2,0.13643896579742432,0.11333432464779895
guided_noise_error,intercept,nature,4,19,3,0.26312944293022156,0.11333432464779895
guided_noise_error,intercept,nature,5,1,1,0.08744973689317703,0.11333432464779895
guided_noise_error,intercept,nature,5,2,2,0.097195565700531,0.11333432464779895
guided_noise_error,intercept,nature,5,3,3,0.10868708044290543,0.11333432464779895
guided_noise_error,intercept,nature,5,4,4,0.12479415535926819,0.11333432464779895
guided_noise_error,intercept,nature,5,6,1,0.04196924343705177,0.11333432464779895
guided_noise_error,intercept,nature,5,7,2,0.0656658336520195,0.11333432464779895
guided_noise_error,intercept,nature,5,8,3,0.08258984237909317,0.11333432464779895
guided_noise_error,intercept,nature,5,9,4,0.09943939000368118,0.11333432464779895
guided_noise_error,intercept,nature,5,11,1,0.03092837892472744,0.11333432464779895
guided_noise_error,intercept,nature,5,12,2,0.056858863681554794,0.11333432464779895
guided_noise_error,intercept,nature,5,13,3,0.08405842632055283,0.11333432464779895
guided_noise_error,intercept,nature,5,14,4,0.11435957998037338,0.11333432464779895
guided_noise_error,intercept,nature,5,16,1,0.040329284965991974,0.11333432464779895
guided_noise_error,intercept,nature,5,17,2,0.09031067043542862,0.11333432464779895
guided_noise_error,intercept,nature,5,18,3,0.15850020945072174,0.11333432464779895
guided_noise_error,intercept,nature,5,19,4,0.2739335298538208,0.11333432464779895
guided_noise_error,intercept,nature,5,1,1,0.0944826677441597,0.11333432464779895
guided_noise_error,intercept,nature,5,2,2,0.09306242316961288,0.11333432464779895
guided_noise_error,intercept,nature,5,3,3,0.11619837582111359,0.11333432464779895
guided_noise_error,intercept,nature,5,4,4,0.13218069076538086,0.11333432464779895
guided_noise_error,intercept,nature,5,6,1,0.0206635482609272,0.11333432464779895
guided_noise_error,intercept,nature,5,7,2,0.04004526138305664,0.11333432464779895
guided_noise_error,intercept,nature,5,8,3,0.05683436244726181,0.11333432464779895
guided_noise_error,intercept,nature,5,9,4,0.0749906599521637,0.11333432464779895
guided_noise_error,intercept,nature,5,11,1,0.036899346858263016,0.11333432464779895
guided_noise_error,intercept,nature,5,12,2,0.06467912346124649,0.11333432464779895
guided_noise_error,intercept,nature,5,13,3,0.0975971445441246,0.11333432464779895
guided_noise_error,intercept,nature,5,14,4,0.13295051455497742,0.11333432464779895
guided_noise_error,intercept,nature,5,16,1,0.04843182861804962,0.11333432464779895
guided_noise_error,intercept,nature,5,17,2,0.10843059420585632,0.11333432464779895
guided_noise_error,intercept,nature,5,18,3,0.18783745169639587,0.11333432464779895
guided_noise_error,intercept,nature,5,19,4,0.31928980350494385,0.11333432464779895
guided_noise_error,age,nature,2,1,1,0.08744973689317703,0.07598079379900224
guided_noise_error,age,nature,2,3,1,0.02727789804339409,0.07598079379900224
guided_noise_error,age,nature,2,5,1,0.032275401055812836,0.07598079379900224
guided_noise_error,age,nature,2,7,1,0.027101576328277588,0.07598079379900224
guided_noise_error,age,nature,2,9,1,0.025844072923064232,0.07598079379900224
guided_noise_error,age,nature,2,11,1,0.03092837892472744,0.07598079379900224
guided_noise_error,age,nature,2,13,1,0.028921762481331825,0.07598079379900224
guided_noise_error,age,nature,2,15,1,0.03444501757621765,0.07598079379900224
guided_noise_error,age,nature,2,17,1,0.04845855012536049,0.07598079379900224
guided_noise_error,age,nature,2,19,1,0.10089017450809479,0.07598079379900224
guided_noise_error,age,nature,2,1,1,0.0944826677441597,0.07598079379900224
guided_noise_error,age,nature,2,3,1,0.023989545181393623,0.07598079379900224
guided_noise_error,age,nature,2,5,1,0.0478777252137661,0.07598079379900224
guided_noise_error,age,nature,2,7,1,0.02693150006234646,0.07598079379900224
guided_noise_error,age,nature,2,9,1,0.026480449363589287,0.07598079379900224
guided_noise_error,age,nature,2,11,1,0.036899346858263016,0.07598079379900224
guided_noise_error,age,nature,2,13,1,0.0373508594930172,0.07598079379900224
guided_noise_error,age,nature,2,15,1,0.041781943291425705,0.07598079379900224
guided_noise_error,age,nature,2,17,1,0.05974044278264046,0.07598079379900224
guided_noise_error,age,nature,2,19,1,0.11944959312677383,0.07598079379900224
guided_noise_error,age,nature,3,1,1,0.08744973689317703,0.07598079379900224
guided_noise_error,age,nature,3,2,2,0.097195565700531,0.12080503081755828
guided_noise_error,age,nature,3,4,1,0.02855951339006424,0.07598079379900224
guided_noise_error,age,nature,3,5,2,0.05862625688314438,0.12080503081755828
guided_noise_error,age,nature,3,7,1,0.027101576328277588,0.07598079379900224
guided_noise_error,age,nature,3,8,2,0.04711827263236046,0.12080503081755828
guided_noise_error,age,nature,3,10,1,0.026045409962534904,0.07598079379900224
guided_noise_error,age,nature,3,11,2,0.052303463220596313,0.12080503081755828
guided_noise_error,age,nature,3,13,1,0.028921762481331825,0.07598079379900224
guided_noise_error,age,nature,3,14,2,0.061172693967819214,0.12080503081755828
guided_noise_error,age,nature,3,16,1,0.040329284965991974,0.07598079379900224
guided_noise_error,age,nature,3,17,2,0.09031067043542862,0.12080503081755828
guided_noise_error,age,nature,3,19,1,0.10089017450809479,0.07598079379900224
guided_noise_error,age,nature,3,1,1,0.0944826677441597,0.07598079379900224
guided_noise_error,age,nature,3,2,2,0.09306242316961288,0.12080503081755828
guided_noise_error,age,nature,3,4,1,0.033718742430210114,0.07598079379900224
guided_noise_error,age,nature,3,5,2,0.05159129574894905,0.12080503081755828
guided_noise_error,age,nature,3,7,1,0.02693150006234646,0.07598079379900224
guided_noise_error,age,nature,3,8,2,0.048707690089941025,0.12080503081755828
guided_noise_error,age,nature,3,10,1,0.029615018516778946,0.07598079379900224
guided_noise_error,age,nature,3,11,2,0.05700042098760605,0.12080503081755828
guided_noise_error,age,nature,3,13,1,0.0373508594930172,0.07598079379900224
guided_noise_error,age,nature,3,14,2,0.07495790719985962,0.12080503081755828
guided_noise_error,age,nature,3,16,1,0.04843182861804962,0.07598079379900224
guided_noise_error,age,nature,3,17,2,0.10843059420585632,0.12080503081755828
guided_noise_error,age,nature,3,19,1,0.11944959312677383,0.07598079379900224
guided_noise_error,age,nature,4,1,1,0.08744973689317703,0.07598079379900224
guided_noise_error,age,nature,4,2,2,0.097195565700531,0.12080503081755828
guided_noise_error,age,nature,4,3,3,0.10868708044290543,0.1656292678361143
guided_noise_error,age,nature,4,5,1,0.032275401055812836,0.07598079379900224
guided_noise_error,age,nature,4,6,2,0.045045796781778336,0.12080503081755828
guided_noise_error,age,nature,4,7,3,0.06314944475889206,0.1656292678361143
guided_noise_error,age,nature,4,9,1,0.025844072923064232,0.07598079379900224
guided_noise_error,age,nature,4,10,2,0.05053411051630974,0.12080503081755828
guided_noise_error,age,nature,4,11,3,0.07320604473352432,0.1656292678361143
guided_noise_error,age,nature,4,13,1,0.028921762481331825,0.07598079379900224
guided_noise_error,age,nature,4,14,2,0.061172693967819214,0.12080503081755828
guided_noise_error,age,nature,4,15,3,0.09528283029794693,0.1656292678361143
guided_noise_error,age,nature,4,17,1,0.04845855012536049,0.07598079379900224
guided_noise_error,age,nature,4,18,2,0.11561768501996994,0.12080503081755828
guided_noise_error,age,nature,4,19,3,0.2257920652627945,0.1656292678361143
guided_noise_error,age,nature,4,1,1,0.0944826677441597,0.07598079379900224
guided_noise_error,age,nature,4,2,2,0.09306242316961288,0.12080503081755828
guided_noise_error,age,nature,4,3,3,0.11619837582111359,0.1656292678361143
guided_noise_error,age,nature,4,5,1,0.0478777252137661,0.07598079379900224
guided_noise_error,age,nature,4,6,2,0.057709891349077225,0.12080503081755828
guided_noise_error,age,nature,4,7,3,0.0705757737159729,0.1656292678361143
guided_noise_error,age,nature,4,9,1,0.026480449363589287,0.07598079379900224
guided_noise_error,age,nature,4,10,2,0.05269922688603401,0.12080503081755828
guided_noise_error,age,nature,4,11,3,0.07792039215564728,0.1656292678361143
guided_noise_error,age,nature,4,13,1,0.0373508594930172,0.07598079379900224
guided_noise_error,age,nature,4,14,2,0.07495790719985962,0.12080503081755828
guided_noise_error,age,nature,4,15,3,0.11452894657850266,0.1656292678361143
guided_noise_error,age,nature,4,17,1,0.05974044278264046,0.07598079379900224
guided_noise_error,age,nature,4,18,2,0.13643896579742432,0.12080503081755828
guided_noise_error,age,nature,4,19,3,0.26312944293022156,0.1656292678361143
guided_noise_error,age,nature,5,1,1,0.08744973689317703,0.07598079379900224
guided_noise_error,age,nature,5,2,2,0.097195565700531,0.12080503081755828
guided_noise_error,age,nature,5,3,3,0.10868708044290543,0.1656292678361143
guided_noise_error,age,nature,5,4,4,0.12479415535926819,0.21045350485467038
guided_noise_error,age,nature,5,6,1,0.04196924343705177,0.07598079379900224
guided_noise_error,age,nature,5,7,2,0.0656658336520195,0.12080503081755828
guided_noise_error,age,nature,5,8,3,0.08258984237909317,0.1656292678361143
guided_noise_error,age,nature,5,9,4,0.09943939000368118,0.21045350485467038
guided_noise_error,age,nature,5,11,1,0.03092837892472744,0.07598079379900224
guided_noise_error,age,nature,5,12,2,0.056858863681554794,0.12080503081755828
guided_noise_error,age,nature,5,13,3,0.08405842632055283,0.1656292678361143
guided_noise_error,age,nature,5,14,4,0.11435957998037338,0.21045350485467038
guided_noise_error,age,nature,5,16,1,0.040329284965991974,0.07598079379900224
guided_noise_error,age,nature,5,17,2,0.09031067043542862,0.12080503081755828
guided_noise_error,age,nature,5,18,3,0.15850020945072174,0.1656292678361143
guided_noise_error,age,nature,5,19,4,0.2739335298538208,0.21045350485467038
guided_noise_error,age,nature,5,1,1,0.0944826677441597,0.07598079379900224
guided_noise_error,age,nature,5,2,2,0.09306242316961288,0.12080503081755828
guided_noise_error,age,nature,5,3,3,0.11619837582111359,0.1656292678361143
guided_noise_error,age,nature,5,4,4,0.13218069076538086,0.21045350485467038
guided_noise_error,age,nature,5,6,1,0.0206635482609272,0.07598079379900224
guided_noise_error,age,nature,5,7,2,0.04004526138305664,0.12080503081755828
guided_noise_error,age,nature,5,8,3,0.05683436244726181,0.1656292678361143
guided_noise_error,age,nature,5,9,4,0.0749906599521637,0.21045350485467038
guided_noise_error,age,nature,5,11,1,0.036899346858263016,0.07598079379900224
guided_noise_error,age,nature,5,12,2,0.06467912346124649,0.12080503081755828
guided_noise_error,age,nature,5,13,3,0.0975971445441246,0.1656292678361143
guided_noise_error,age,nature,5,14,4,0.13295051455497742,0.21045350485467038
guided_noise_error,age,nature,5,16,1,0.04843182861804962,0.07598079379900224
guided_noise_error,age,nature,5,17,2,0.10843059420585632,0.12080503081755828
guided_noise_error,age,nature,5,18,3,0.18783745169639587,0.1656292678361143
guided_noise_error,age,nature,5,19,4,0.31928980350494385,0.21045350485467038
guided_noise_error,lambda_distance,nature,2,1,1,0.08744973689317703,0.0941984429860967
guided_noise_error,lambda_distance,nature,2,3,1,0.02727789804339409,0.087516031896787
guided_noise_error,lambda_distance,nature,2,5,1,0.032275401055812836,0.08185097561254814
guided_noise_error,lambda_distance,nature,2,7,1,0.027101576328277588,0.07737025681266024
guided_noise_error,lambda_distance,nature,2,9,1,0.025844072923064232,0.0742049501041976
guided_noise_error,lambda_distance,nature,2,11,1,0.03092837892472744,0.07249417897991117
guided_noise_error,lambda_distance,nature,2,13,1,0.028921762481331825,0.0724666240990787
guided_noise_error,lambda_distance,nature,2,15,1,0.03444501757621765,0.07493458894483884
guided_noise_error,lambda_distance,nature,2,17,1,0.04845855012536049,0.0828006122565891
guided_noise_error,lambda_distance,nature,2,19,1,0.10089017450809479,0.11613200640647649
guided_noise_error,lambda_distance,nature,2,1,1,0.0944826677441597,0.0941984429860967
guided_noise_error,lambda_distance,nature,2,3,1,0.023989545181393623,0.087516031896787
guided_noise_error,lambda_distance,nature,2,5,1,0.0478777252137661,0.08185097561254814
guided_noise_error,lambda_distance,nature,2,7,1,0.02693150006234646,0.07737025681266024
guided_noise_error,lambda_distance,nature,2,9,1,0.026480449363589287,0.0742049501041976
guided_noise_error,lambda_distance,nature,2,11,1,0.036899346858263016,0.07249417897991117
guided_noise_error,lambda_distance,nature,2,13,1,0.0373508594930172,0.0724666240990787
guided_noise_error,lambda_distance,nature,2,15,1,0.041781943291425705,0.07493458894483884
guided_noise_error,lambda_distance,nature,2,17,1,0.05974044278264046,0.0828006122565891
guided_noise_error,lambda_distance,nature,2,19,1,0.11944959312677383,0.11613200640647649
guided_noise_error,lambda_distance,nature,3,1,1,0.08744973689317703,0.0941984429860967
guided_noise_error,lambda_distance,nature,3,2,2,0.097195565700531,0.14058238080869184
guided_noise_error,lambda_distance,nature,3,4,1,0.02855951339006424,0.08454521710258243
guided_noise_error,lambda_distance,nature,3,5,2,0.05862625688314438,0.12203884371023424
guided_noise_error,lambda_distance,nature,3,7,1,0.027101576328277588,0.07737025681266024
guided_noise_error,lambda_distance,nature,3,8,2,0.04711827263236046,0.10862893357089319
guided_noise_error,lambda_distance,nature,3,10,1,0.026045409962534904,0.07258534389486865
guided_noise_error,lambda_distance,nature,3,11,2,0.052303463220596313,0.10072217386988348
guided_noise_error,lambda_distance,nature,3,13,1,0.028921762481331825,0.0724666240990787
guided_noise_error,lambda_distance,nature,3,14,2,0.061172693967819214,0.10140458446640321
guided_noise_error,lambda_distance,nature,3,16,1,0.040329284965991974,0.0777987547358876
guided_noise_error,lambda_distance,nature,3,17,2,0.09031067043542862,0.11624201798758038
guided_noise_error,lambda_distance,nature,3,19,1,0.10089017450809479,0.11613200640647649
guided_noise_error,lambda_distance,nature,3,1,1,0.0944826677441597,0.0941984429860967
guided_noise_error,lambda_distance,nature,3,2,2,0.09306242316961288,0.14058238080869184
guided_noise_error,lambda_distance,nature,3,4,1,0.033718742430210114,0.08454521710258243
guided_noise_error,lambda_distance,nature,3,5,2,0.05159129574894905,0.12203884371023424
guided_noise_error,lambda_distance,nature,3,7,1,0.02693150006234646,0.07737025681266024
guided_noise_error,lambda_distance,nature,3,8,2,0.048707690089941025,0.10862893357089319
guided_noise_error,lambda_distance,nature,3,10,1,0.029615018516778946,0.07258534389486865
guided_noise_error,lambda_distance,nature,3,11,2,0.05700042098760605,0.10072217386988348
guided_noise_error,lambda_distance,nature,3,13,1,0.0373508594930172,0.0724666240990787
guided_noise_error,lambda_distance,nature,3,14,2,0.07495790719985962,0.10140458446640321
guided_noise_error,lambda_distance,nature,3,16,1,0.04843182861804962,0.0777987547358876
guided_noise_error,lambda_distance,nature,3,17,2,0.10843059420585632,0.11624201798758038
guided_noise_error,lambda_distance,nature,3,19,1,0.11944959312677383,0.11613200640647649
guided_noise_error,lambda_distance,nature,4,1,1,0.08744973689317703,0.0941984429860967
guided_noise_error,lambda_distance,nature,4,2,2,0.097195565700531,0.14058238080869184
guided_noise_error,lambda_distance,nature,4,3,3,0.10868708044290543,0.18374106370058252
guided_noise_error,lambda_distance,nature,4,5,1,0.032275401055812836,0.08185097561254814
guided_noise_error,lambda_distance,nature,4,6,2,0.045045796781778336,0.11694718050668701
guided_noise_error,lambda_distance,nature,4,7,3,0.06314944475889206,0.1499600883144509
guided_noise_error,lambda_distance,nature,4,9,1,0.025844072923064232,0.0742049501041976
guided_noise_error,lambda_distance,nature,4,10,2,0.05053411051630974,0.10243294499416991
guided_noise_error,lambda_distance,nature,4,11,3,0.07320604473352432,0.13056977496918476
guided_noise_error,lambda_distance,nature,4,13,1,0.028921762481331825,0.0724666240990787
guided_noise_error,lambda_distance,nature,4,14,2,0.061172693967819214,0.10140458446640321
guided_noise_error,lambda_distance,nature,4,15,3,0.09528283029794693,0.13198182440634573
guided_noise_error,lambda_distance,nature,4,17,1,0.04845855012536049,0.0828006122565891
guided_noise_error,lambda_distance,nature,4,18,2,0.11561768501996994,0.13082790227637586
guided_noise_error,lambda_distance,nature,4,19,3,0.2257920652627945,0.20260255967795604
guided_noise_error,lambda_distance,nature,4,1,1,0.0944826677441597,0.0941984429860967
guided_noise_error,lambda_distance,nature,4,2,2,0.09306242316961288,0.14058238080869184
guided_noise_error,lambda_distance,nature,4,3,3,0.11619837582111359,0.18374106370058252
guided_noise_error,lambda_distance,nature,4,5,1,0.0478777252137661,0.08185097561254814
guided_noise_error,lambda_distance,nature,4,6,2,0.057709891349077225,0.11694718050668701
guided_noise_error,lambda_distance,nature,4,7,3,0.0705757737159729,0.1499600883144509
guided_noise_error,lambda_distance,nature,4,9,1,0.026480449363589287,0.0742049501041976
guided_noise_error,lambda_distance,nature,4,10,2,0.05269922688603401,0.10243294499416991
guided_noise_error,lambda_distance,nature,4,11,3,0.07792039215564728,0.13056977496918476
guided_noise_error,lambda_distance,nature,4,13,1,0.0373508594930172,0.0724666240990787
guided_noise_error,lambda_distance,nature,4,14,2,0.07495790719985962,0.10140458446640321
guided_noise_error,lambda_distance,nature,4,15,3,0.11452894657850266,0.13198182440634573
guided_noise_error,lambda_distance,nature,4,17,1,0.05974044278264046,0.0828006122565891
guided_noise_error,lambda_distance,nature,4,18,2,0.13643896579742432,0.13082790227637586
guided_noise_error,lambda_distance,nature,4,19,3,0.26312944293022156,0.20260255967795604
guided_noise_error,lambda_distance,nature,5,1,1,0.08744973689317703,0.0941984429860967
guided_noise_error,lambda_distance,nature,5,2,2,0.097195565700531,0.14058238080869184
guided_noise_error,lambda_distance,nature,5,3,3,0.10868708044290543,0.18374106370058252
guided_noise_error,lambda_distance,nature,5,4,4,0.12479415535926819,0.22392893179826862
guided_noise_error,lambda_distance,nature,5,6,1,0.04196924343705177,0.07945355389903519
guided_noise_error,lambda_distance,nature,5,7,2,0.0656658336520195,0.1124664617067991
guided_noise_error,lambda_distance,nature,5,8,3,0.08258984237909317,0.14372513846503204
guided_noise_error,lambda_distance,nature,5,9,4,0.09943939000368118,0.17357273956433333
guided_noise_error,lambda_distance,nature,5,11,1,0.03092837892472744,0.07249417897991117
guided_noise_error,lambda_distance,nature,5,12,2,0.056858863681554794,0.1003746415490139
guided_noise_error,lambda_distance,nature,5,13,3,0.08405842632055283,0.12848391664319625
guided_noise_error,lambda_distance,nature,5,14,4,0.11435957998037338,0.1574218770105208
guided_noise_error,lambda_distance,nature,5,16,1,0.040329284965991974,0.0777987547358876
guided_noise_error,lambda_distance,nature,5,17,2,0.09031067043542862,0.11624201798758038
guided_noise_error,lambda_distance,nature,5,18,3,0.15850020945072174,0.16426930800736714
guided_noise_error,lambda_distance,nature,5,19,4,0.2739335298538208,0.2360439654089473
guided_noise_error,lambda_distance,nature,5,1,1,0.0944826677441597,0.0941984429860967
guided_noise_error,lambda_distance,nature,5,2,2,0.09306242316961288,0.14058238080869184
guided_noise_error,lambda_distance,nature,5,3,3,0.11619837582111359,0.18374106370058252
guided_noise_error,lambda_distance,nature,5,4,4,0.13218069076538086,0.22392893179826862
guided_noise_error,lambda_distance,nature,5,6,1,0.0206635482609272,0.07945355389903519
guided_noise_error,lambda_distance,nature,5,7,2,0.04004526138305664,0.1124664617067991
guided_noise_error,lambda_distance,nature,5,8,3,0.05683436244726181,0.14372513846503204
guided_noise_error,lambda_distance,nature,5,9,4,0.0749906599521637,0.17357273956433333
guided_noise_error,lambda_distance,nature,5,11,1,0.036899346858263016,0.07249417897991117
guided_noise_error,lambda_distance,nature,5,12,2,0.06467912346124649,0.1003746415490139
guided_noise_error,lambda_distance,nature,5,13,3,0.0975971445441246,0.12848391664319625
guided_noise_error,lambda_distance,nature,5,14,4,0.13295051455497742,0.1574218770105208
guided_noise_error,lambda_distance,nature,5,16,1,0.04843182861804962,0.0777987547358876
guided_noise_error,lambda_distance,nature,5,17,2,0.10843059420585632,0.11624201798758038
guided_noise_error,lambda_distance,nature,5,18,3,0.18783745169639587,0.16426930800736714
guided_noise_error,lambda_distance,nature,5,19,4,0.31928980350494385,0.2360439654089473
guided_noise_error,age+lambda_distance,nature,2,1,1,0.08744973689317703,0.07879551603713313
guided_noise_error,age+lambda_distance,nature,2,3,1,0.02727789804339409,0.07725619586785298
guided_noise_error,age+lambda_distance,nature,2,5,1,0.032275401055812836,0.07595122745422356
guided_noise_error,age+lambda_distance,nature,2,7,1,0.027101576328277588,0.07491907592547756
guided_noise_error,age+lambda_distance,nature,2,9,1,0.025844072923064232,0.07418993484253984
guided_noise_error,age+lambda_distance,nature,2,11,1,0.03092837892472744,0.07379585185940085
guided_noise_error,age+lambda_distance,nature,2,13,1,0.028921762481331825,0.07378950448219514
guided_noise_error,age+lambda_distance,nature,2,15,1,0.03444501757621765,0.07435801007297366
guided_noise_error,age+lambda_distance,nature,2,17,1,0.04845855012536049,0.07616998006015023
guided_noise_error,age+lambda_distance,nature,2,19,1,0.10089017450809479,0.08384800025367416
guided_noise_error,age+lambda_distance,nature,2,1,1,0.0944826677441597,0.07879551603713313
guided_noise_error,age+lambda_distance,nature,2,3,1,0.023989545181393623,0.07725619586785298
guided_noise_error,age+lambda_distance,nature,2,5,1,0.0478777252137661,0.07595122745422356
guided_noise_error,age+lambda_distance,nature,2,7,1,0.02693150006234646,0.07491907592547756
guided_noise_error,age+lambda_distance,nature,2,9,1,0.026480449363589287,0.07418993484253984
guided_noise_error,age+lambda_distance,nature,2,11,1,0.036899346858263016,0.07379585185940085
guided_noise_error,age+lambda_distance,nature,2,13,1,0.0373508594930172,0.07378950448219514
guided_noise_error,age+lambda_distance,nature,2,15,1,0.041781943291425705,0.07435801007297366
guided_noise_error,age+lambda_distance,nature,2,17,1,0.05974044278264046,0.07616998006015023
guided_noise_error,age+lambda_distance,nature,2,19,1,0.11944959312677383,0.08384800025367416
guided_noise_error,age+lambda_distance,nature,3,1,1,0.08744973689317703,0.07879551603713313
guided_noise_error,age+lambda_distance,nature,3,2,2,0.097195565700531,0.12563717988042453
guided_noise_error,age+lambda_distance,nature,3,4,1,0.02855951339006424,0.0765718567766482
guided_noise_error,age+lambda_distance,nature,3,5,2,0.05862625688314438,0.12136560181018054
guided_noise_error,age+lambda_distance,nature,3,7,1,0.027101576328277588,0.07491907592547756
guided_noise_error,age+lambda_distance,nature,3,8,2,0.04711827263236046,0.11827657527921108
guided_noise_error,age+lambda_distance,nature,3,10,1,0.026045409962534904,0.07381685206283779
guided_noise_error,age+lambda_distance,nature,3,11,2,0.052303463220596313,0.11645522150154743
guided_noise_error,age+lambda_distance,nature,3,13,1,0.028921762481331825,0.07378950448219514
guided_noise_error,age+lambda_distance,nature,3,14,2,0.061172693967819214,0.11661241751671533
guided_noise_error,age+lambda_distance,nature,3,16,1,0.040329284965991974,0.0750177821389839
guided_noise_error,age+lambda_distance,nature,3,17,2,0.09031067043542862,0.1200302797784429
guided_noise_error,age+lambda_distance,nature,3,19,1,0.10089017450809479,0.08384800025367416
guided_noise_error,age+lambda_distance,nature,3,1,1,0.0944826677441597,0.07879551603713313
guided_noise_error,age+lambda_distance,nature,3,2,2,0.09306242316961288,0.12563717988042453
guided_noise_error,age+lambda_distance,nature,3,4,1,0.033718742430210114,0.0765718567766482
guided_noise_error,age+lambda_distance,nature,3,5,2,0.05159129574894905,0.12136560181018054
guided_noise_error,age+lambda_distance,nature,3,7,1,0.02693150006234646,0.07491907592547756
guided_noise_error,age+lambda_distance,nature,3,8,2,0.048707690089941025,0.11827657527921108
guided_noise_error,age+lambda_distance,nature,3,10,1,0.029615018516778946,0.07381685206283779
guided_noise_error,age+lambda_distance,nature,3,11,2,0.05700042098760605,0.11645522150154743
guided_noise_error,age+lambda_distance,nature,3,13,1,0.0373508594930172,0.07378950448219514
guided_noise_error,age+lambda_distance,nature,3,14,2,0.07495790719985962,0.11661241751671533
guided_noise_error,age+lambda_distance,nature,3,16,1,0.04843182861804962,0.0750177821389839
guided_noise_error,age+lambda_distance,nature,3,17,2,0.10843059420585632,0.1200302797784429
guided_noise_error,age+lambda_distance,nature,3,19,1,0.11944959312677383,0.08384800025367416
guided_noise_error,age+lambda_distance,nature,4,1,1,0.08744973689317703,0.07879551603713313
guided_noise_error,age+lambda_distance,nature,4,2,2,0.097195565700531,0.12563717988042453
guided_noise_error,age+lambda_distance,nature,4,3,3,0.10868708044290543,0.17173589332758626
guided_noise_error,age+lambda_distance,nature,4,5,1,0.032275401055812836,0.07595122745422356
guided_noise_error,age+lambda_distance,nature,4,6,2,0.045045796781778336,0.12019271679014033
guided_noise_error,age+lambda_distance,nature,4,7,3,0.06314944475889206,0.16395431029492666
guided_noise_error,age+lambda_distance,nature,4,9,1,0.025844072923064232,0.07418993484253984
guided_noise_error,age+lambda_distance,nature,4,10,2,0.05053411051630974,0.1168493044846864
guided_noise_error,age+lambda_distance,nature,4,11,3,0.07320604473352432,0.15948767392339602
guided_noise_error,age+lambda_distance,nature,4,13,1,0.028921762481331825,0.07378950448219514
guided_noise_error,age+lambda_distance,nature,4,14,2,0.061172693967819214,0.11661241751671533
guided_noise_error,age+lambda_distance,nature,4,15,3,0.09528283029794693,0.15981294516899774
guided_noise_error,age+lambda_distance,nature,4,17,1,0.04845855012536049,0.07616998006015023
guided_noise_error,age+lambda_distance,nature,4,18,2,0.11561768501996994,0.12339019666659244
guided_noise_error,age+lambda_distance,nature,4,19,3,0.2257920652627945,0.17608071449957535
guided_noise_error,age+lambda_distance,nature,4,1,1,0.0944826677441597,0.07879551603713313
guided_noise_error,age+lambda_distance,nature,4,2,2,0.09306242316961288,0.12563717988042453
guided_noise_error,age+lambda_distance,nature,4,3,3,0.11619837582111359,0.17173589332758626
guided_noise_error,age+lambda_distance,nature,4,5,1,0.0478777252137661,0.07595122745422356
guided_noise_error,age+lambda_distance,nature,4,6,2,0.057709891349077225,0.12019271679014033
guided_noise_error,age+lambda_distance,nature,4,7,3,0.0705757737159729,0.16395431029492666
guided_noise_error,age+lambda_distance,nature,4,9,1,0.026480449363589287,0.07418993484253984
guided_noise_error,age+lambda_distance,nature,4,10,2,0.05269922688603401,0.1168493044846864
guided_noise_error,age+lambda_distance,nature,4,11,3,0.07792039215564728,0.15948767392339602
guided_noise_error,age+lambda_distance,nature,4,13,1,0.0373508594930172,0.07378950448219514
guided_noise_error,age+lambda_distance,nature,4,14,2,0.07495790719985962,0.11661241751671533
guided_noise_error,age+lambda_distance,nature,4,15,3,0.11452894657850266,0.15981294516899774
guided_noise_error,age+lambda_distance,nature,4,17,1,0.05974044278264046,0.07616998006015023
guided_noise_error,age+lambda_distance,nature,4,18,2,0.13643896579742432,0.12339019666659244
guided_noise_error,age+lambda_distance,nature,4,19,3,0.26312944293022156,0.17608071449957535
guided_noise_error,age+lambda_distance,nature,5,1,1,0.08744973689317703,0.07879551603713313
guided_noise_error,age+lambda_distance,nature,5,2,2,0.097195565700531,0.12563717988042453
guided_noise_error,age+lambda_distance,nature,5,3,3,0.10868708044290543,0.17173589332758626
guided_noise_error,age+lambda_distance,nature,5,4,4,0.12479415535926819,0.21715026768354323
guided_noise_error,age+lambda_distance,nature,5,6,1,0.04196924343705177,0.075398971756608
guided_noise_error,age+lambda_distance,nature,5,7,2,0.0656658336520195,0.11916056526139433
guided_noise_error,age+lambda_distance,nature,5,8,3,0.08258984237909317,0.16251806461512786
guided_noise_error,age+lambda_distance,nature,5,9,4,0.09943939000368118,0.20555051703697644
guided_noise_error,age+lambda_distance,nature,5,11,1,0.03092837892472744,0.07379585185940085
guided_noise_error,age+lambda_distance,nature,5,12,2,0.056858863681554794,0.11637516603895443
guided_noise_error,age+lambda_distance,nature,5,13,3,0.08405842632055283,0.1590071881004583
guided_noise_error,age+lambda_distance,nature,5,14,4,0.11435957998037338,0.2018301011349785
guided_noise_error,age+lambda_distance,nature,5,16,1,0.040329284965991974,0.0750177821389839
guided_noise_error,age+lambda_distance,nature,5,17,2,0.09031067043542862,0.1200302797784429
guided_noise_error,age+lambda_distance,nature,5,18,3,0.15850020945072174,0.1672504963848851
guided_noise_error,age+lambda_distance,nature,5,19,4,0.2739335298538208,0.21994101421786802
guided_noise_error,age+lambda_distance,nature,5,1,1,0.0944826677441597,0.07879551603713313
guided_noise_error,age+lambda_distance,nature,5,2,2,0.09306242316961288,0.12563717988042453
guided_noise_error,age+lambda_distance,nature,5,3,3,0.11619837582111359,0.17173589332758626
guided_noise_error,age+lambda_distance,nature,5,4,4,0.13218069076538086,0.21715026768354323
guided_noise_error,age+lambda_distance,nature,5,6,1,0.0206635482609272,0.075398971756608
guided_noise_error,age+lambda_distance,nature,5,7,2,0.04004526138305664,0.11916056526139433
guided_noise_error,age+lambda_distance,nature,5,8,3,0.05683436244726181,0.16251806461512786
guided_noise_error,age+lambda_distance,nature,5,9,4,0.0749906599521637,0.20555051703697644
guided_noise_error,age+lambda_distance,nature,5,11,1,0.036899346858263016,0.07379585185940085
guided_noise_error,age+lambda_distance,nature,5,12,2,0.06467912346124649,0.11637516603895443
guided_noise_error,age+lambda_distance,nature,5,13,3,0.0975971445441246,0.1590071881004583
guided_noise_error,age+lambda_distance,nature,5,14,4,0.13295051455497742,0.2018301011349785
guided_noise_error,age+lambda_distance,nature,5,16,1,0.04843182861804962,0.0750177821389839
guided_noise_error,age+lambda_distance,nature,5,17,2,0.10843059420585632,0.1200302797784429
guided_noise_error,age+lambda_distance,nature,5,18,3,0.18783745169639587,0.1672504963848851
guided_noise_error,age+lambda_distance,nature,5,19,4,0.31928980350494385,0.21994101421786802
guided_noise_error,intercept,objects,2,1,1,0.04953770339488983,0.1108188958965058
guided_noise_error,intercept,objects,2,3,1,0.14207957684993744,0.1108188958965058
guided_noise_error,intercept,objects,2,5,1,0.1027737408876419,0.1108188958965058
guided_noise_error,intercept,objects,2,7,1,0.08164574950933456,0.1108188958965058
guided_noise_error,intercept,objects,2,9,1,0.038314882665872574,0.1108188958965058
guided_noise_error,intercept,objects,2,11,1,0.03947027027606964,0.1108188958965058
guided_noise_error,intercept,objects,2,13,1,0.03995964303612709,0.1108188958965058
guided_noise_error,intercept,objects,2,15,1,0.04350573569536209,0.1108188958965058
guided_noise_error,intercept,objects,2,17,1,0.05380241572856903,0.1108188958965058
guided_noise_error,intercept,objects,2,19,1,0.10923563688993454,0.1108188958965058
guided_noise_error,intercept,objects,2,1,1,0.03770638629794121,0.1108188958965058
guided_noise_error,intercept,objects,2,3,1,0.05546193942427635,0.1108188958965058
guided_noise_error,intercept,objects,2,5,1,0.12239902466535568,0.1108188958965058
guided_noise_error,intercept,objects,2,7,1,0.0975392758846283,0.1108188958965058
guided_noise_error,intercept,objects,2,9,1,0.06901886314153671,0.1108188958965058
guided_noise_error,intercept,objects,2,11,1,0.06104632839560509,0.1108188958965058
guided_noise_error,intercept,objects,2,13,1,0.055440422147512436,0.1108188958965058
guided_noise_error,intercept,objects,2,15,1,0.04898635298013687,0.1108188958965058
guided_noise_error,intercept,objects,2,17,1,0.06187048181891441,0.1108188958965058
guided_noise_error,intercept,objects,2,19,1,0.11235295981168747,0.1108188958965058
guided_noise_error,intercept,objects,3,1,1,0.04953770339488983,0.1108188958965058
guided_noise_error,intercept,objects,3,2,2,0.12280070781707764,0.1108188958965058
guided_noise_error,intercept,objects,3,4,1,0.0968165472149849,0.1108188958965058
guided_noise_error,intercept,objects,3,5,2,0.12836983799934387,0.1108188958965058
guided_noise_error,intercept,objects,3,7,1,0.08164574950933456,0.1108188958965058
guided_noise_error,intercept,objects,3,8,2,0.11160922795534134,0.1108188958965058
guided_noise_error,intercept,objects,3,10,1,0.035263895988464355,0.1108188958965058
guided_noise_error,intercept,objects,3,11,2,0.0707530528306961,0.1108188958965058
guided_noise_error,intercept,objects,3,13,1,0.03995964303612709,0.1108188958965058
guided_noise_error,intercept,objects,3,14,2,0.08010762184858322,0.1108188958965058
guided_noise_error,intercept,objects,3,16,1,0.04761728644371033,0.1108188958965058
guided_noise_error,intercept,objects,3,17,2,0.10312270373106003,0.1108188958965058
guided_noise_error,intercept,objects,3,19,1,0.10923563688993454,0.1108188958965058
guided_noise_error,intercept,objects,3,1,1,0.03770638629794121,0.1108188958965058
guided_noise_error,intercept,objects,3,2,2,0.05035804212093353,0.1108188958965058
guided_noise_error,intercept,objects,3,4,1,0.07516227662563324,0.1108188958965058
guided_noise_error,intercept,objects,3,5,2,0.11435107886791229,0.1108188958965058
guided_noise_error,intercept,objects,3,7,1,0.0975392758846283,0.1108188958965058
guided_noise_error,intercept,objects,3,8,2,0.11551663279533386,0.1108188958965058
guided_noise_error,intercept,objects,3,10,1,0.05867697671055794,0.1108188958965058
guided_noise_error,intercept,objects,3,11,2,0.09744512289762497,0.1108188958965058
guided_noise_error,intercept,objects,3,13,1,0.055440422147512436,0.1108188958965058
guided_noise_error,intercept,objects,3,14,2,0.0933753103017807,0.1108188958965058
guided_noise_error,intercept,objects,3,16,1,0.05271640419960022,0.1108188958965058
guided_noise_error,intercept,objects,3,17,2,0.11441037803888321,0.1108188958965058
guided_noise_error,intercept,objects,3,19,1,0.11235295981168747,0.1108188958965058
guided_noise_error,intercept,objects,4,1,1,0.04953770339488983,0.1108188958965058
guided_noise_error,intercept,objects,4,2,2,0.12280070781707764,0.1108188958965058
guided_noise_error,intercept,objects,4,3,3,0.11406020820140839,0.1108188958965058
guided_noise_error,intercept,objects,4,5,1,0.1027737408876419,0.1108188958965058
guided_noise_error,intercept,objects,4,6,2,0.1329658180475235,0.1108188958965058
guided_noise_error,intercept,objects,4,7,3,0.15379291772842407,0.1108188958965058
guided_noise_error,intercept,objects,4,9,1,0.038314882665872574,0.1108188958965058
guided_noise_error,intercept,objects,4,10,2,0.06971040368080139,0.1108188958965058
guided_noise_error,intercept,objects,4,11,3,0.10083456337451935,0.1108188958965058
guided_noise_error,intercept,objects,4,13,1,0.03995964303612709,0.1108188958965058
guided_noise_error,intercept,objects,4,14,2,0.08010762184858322,0.1108188958965058
guided_noise_error,intercept,objects,4,15,3,0.12071181833744049,0.1108188958965058
guided_noise_error,intercept,objects,4,17,1,0.05380241572856903,0.1108188958965058
guided_noise_error,intercept,objects,4,18,2,0.12690651416778564,0.1108188958965058
guided_noise_error,intercept,objects,4,19,3,0.24783359467983246,0.1108188958965058
guided_noise_error,intercept,objects,4,1,1,0.03770638629794121,0.1108188958965058
guided_noise_error,intercept,objects,4,2,2,0.05035804212093353,0.1108188958965058
guided_noise_error,intercept,objects,4,3,3,0.07890505343675613,0.1108188958965058
guided_noise_error,intercept,objects,4,5,1,0.12239902466535568,0.1108188958965058
guided_noise_error,intercept,objects,4,6,2,0.13246482610702515,0.1108188958965058
guided_noise_error,intercept,objects,4,7,3,0.17103075981140137,0.1108188958965058
guided_noise_error,intercept,objects,4,9,1,0.06901886314153671,0.1108188958965058
guided_noise_error,intercept,objects,4,10,2,0.09910579025745392,0.1108188958965058
guided_noise_error,intercept,objects,4,11,3,0.12671588361263275,0.1108188958965058
guided_noise_error,intercept,objects,4,13,1,0.055440422147512436,0.1108188958965058
guided_noise_error,intercept,objects,4,14,2,0.0933753103017807,0.1108188958965058
guided_noise_error,intercept,objects,4,15,3,0.13333939015865326,0.1108188958965058
guided_noise_error,intercept,objects,4,17,1,0.06187048181891441,0.1108188958965058
guided_noise_error,intercept,objects,4,18,2,0.13418836891651154,0.1108188958965058
guided_noise_error,intercept,objects,4,19,3,0.25373801589012146,0.1108188958965058
guided_noise_error,intercept,objects,5,1,1,0.04953770339488983,0.1108188958965058
guided_noise_error,intercept,objects,5,2,2,0.12280070781707764,0.1108188958965058
guided_noise_error,intercept,objects,5,3,3,0.11406020820140839,0.1108188958965058
guided_noise_error,intercept,objects,5,4,4,0.13105615973472595,0.1108188958965058
guided_noise_error,intercept,objects,5,6,1,0.07667762786149979,0.1108188958965058
guided_noise_error,intercept,objects,5,7,2,0.1131986752152443,0.1108188958965058
guided_noise_error,intercept,objects,5,8,3,0.1402292102575302,0.1108188958965058
guided_noise_error,intercept,objects,5,9,4,0.1582995057106018,0.1108188958965058
guided_noise_error,intercept,objects,5,11,1,0.03947027027606964,0.1108188958965058
guided_noise_error,intercept,objects,5,12,2,0.0792541429400444,0.1108188958965058
guided_noise_error,intercept,objects,5,13,3,0.1135999783873558,0.1108188958965058
guided_noise_error,intercept,objects,5,14,4,0.14939187467098236,0.1108188958965058
guided_noise_error,intercept,objects,5,16,1,0.04761728644371033,0.1108188958965058
guided_noise_error,intercept,objects,5,17,2,0.10312270373106003,0.1108188958965058
guided_noise_error,intercept,objects,5,18,3,0.17821913957595825,0.1108188958965058
guided_noise_error,intercept,objects,5,19,4,0.3082585334777832,0.1108188958965058
guided_noise_error,intercept,objects,5,1,1,0.03770638629794121,0.1108188958965058
guided_noise_error,intercept,objects,5,2,2,0.05035804212093353,0.1108188958965058
guided_noise_error,intercept,objects,5,3,3,0.07890505343675613,0.1108188958965058
guided_noise_error,intercept,objects,5,4,4,0.12282886356115341,0.1108188958965058
guided_noise_error,intercept,objects,5,6,1,0.09834294766187668,0.1108188958965058
guided_noise_error,intercept,objects,5,7,2,0.142456516623497,0.1108188958965058
guided_noise_error,intercept,objects,5,8,3,0.14342322945594788,0.1108188958965058
guided_noise_error,intercept,objects,5,9,4,0.16123516857624054,0.1108188958965058
guided_noise_error,intercept,objects,5,11,1,0.06104632839560509,0.1108188958965058
guided_noise_error,intercept,objects,5,12,2,0.0994471088051796,0.1108188958965058
guided_noise_error,intercept,objects,5,13,3,0.1319236159324646,0.1108188958965058
guided_noise_error,intercept,objects,5,14,4,0.16499535739421844,0.1108188958965058
guided_noise_error,intercept,objects,5,16,1,0.05271640419960022,0.1108188958965058
guided_noise_error,intercept,objects,5,17,2,0.11441037803888321,0.1108188958965058
guided_noise_error,intercept,objects,5,18,3,0.1863560676574707,0.1108188958965058
guided_noise_error,intercept,objects,5,19,4,0.31800559163093567,0.1108188958965058
guided_noise_error,age,objects,2,1,1,0.04953770339488983,0.0739244029077109
guided_noise_error,age,objects,2,3,1,0.14207957684993744,0.0739244029077109
guided_noise_error,age,objects,2,5,1,0.1027737408876419,0.0739244029077109
guided_noise_error,age,objects,2,7,1,0.08164574950933456,0.0739244029077109
guided_noise_error,age,objects,2,9,1,0.038314882665872574,0.0739244029077109
guided_noise_error,age,objects,2,11,1,0.03947027027606964,0.0739244029077109
guided_noise_error,age,objects,2,13,1,0.03995964303612709,0.0739244029077109
guided_noise_error,age,objects,2,15,1,0.04350573569536209,0.0739244029077109
guided_noise_error,age,objects,2,17,1,0.05380241572856903,0.0739244029077109
guided_noise_error,age,objects,2,19,1,0.10923563688993454,0.0739244029077109
guided_noise_error,age,objects,2,1,1,0.03770638629794121,0.0739244029077109
guided_noise_error,age,objects,2,3,1,0.05546193942427635,0.0739244029077109
guided_noise_error,age,objects,2,5,1,0.12239902466535568,0.0739244029077109
guided_noise_error,age,objects,2,7,1,0.0975392758846283,0.0739244029077109
guided_noise_error,age,objects,2,9,1,0.06901886314153671,0.0739244029077109
guided_noise_error,age,objects,2,11,1,0.06104632839560509,0.0739244029077109
guided_noise_error,age,objects,2,13,1,0.055440422147512436,0.0739244029077109
guided_noise_error,age,objects,2,15,1,0.04898635298013687,0.0739244029077109
guided_noise_error,age,objects,2,17,1,0.06187048181891441,0.0739244029077109
guided_noise_error,age,objects,2,19,1,0.11235295981168747,0.0739244029077109
guided_noise_error,age,objects,3,1,1,0.04953770339488983,0.0739244029077109
guided_noise_error,age,objects,3,2,2,0.12280070781707764,0.11819779449426475
guided_noise_error,age,objects,3,4,1,0.0968165472149849,0.0739244029077109
guided_noise_error,age,objects,3,5,2,0.12836983799934387,0.11819779449426475
guided_noise_error,age,objects,3,7,1,0.08164574950933456,0.0739244029077109
guided_noise_error,age,objects,3,8,2,0.11160922795534134,0.11819779449426475
guided_noise_error,age,objects,3,10,1,0.035263895988464355,0.0739244029077109
guided_noise_error,age,objects,3,11,2,0.0707530528306961,0.11819779449426475
guided_noise_error,age,objects,3,13,1,0.03995964303612709,0.0739244029077109
guided_noise_error,age,objects,3,14,2,0.08010762184858322,0.11819779449426475
guided_noise_error,age,objects,3,16,1,0.04761728644371033,0.0739244029077109
guided_noise_error,age,objects,3,17,2,0.10312270373106003,0.11819779449426475
guided_noise_error,age,objects,3,19,1,0.10923563688993454,0.0739244029077109
guided_noise_error,age,objects,3,1,1,0.03770638629794121,0.0739244029077109
guided_noise_error,age,objects,3,2,2,0.05035804212093353,0.11819779449426475
guided_noise_error,age,objects,3,4,1,0.07516227662563324,0.0739244029077109
guided_noise_error,age,objects,3,5,2,0.11435107886791229,0.11819779449426475
guided_noise_error,age,objects,3,7,1,0.0975392758846283,0.0739244029077109
guided_noise_error,age,objects,3,8,2,0.11551663279533386,0.11819779449426475
guided_noise_error,age,objects,3,10,1,0.05867697671055794,0.0739244029077109
guided_noise_error,age,objects,3,11,2,0.09744512289762497,0.11819779449426475
guided_noise_error,age,objects,3,13,1,0.055440422147512436,0.0739244029077109
guided_noise_error,age,objects,3,14,2,0.0933753103017807,0.11819779449426475
guided_noise_error,age,objects,3,16,1,0.05271640419960022,0.0739244029077109
guided_noise_error,age,objects,3,17,2,0.11441037803888321,0.11819779449426475
guided_noise_error,age,objects,3,19,1,0.11235295981168747,0.0739244029077109
guided_noise_error,age,objects,4,1,1,0.04953770339488983,0.0739244029077109
guided_noise_error,age,objects,4,2,2,0.12280070781707764,0.11819779449426475
guided_noise_error,age,objects,4,3,3,0.11406020820140839,0.1624711860808186
guided_noise_error,age,objects,4,5,1,0.1027737408876419,0.0739244029077109
guided_noise_error,age,objects,4,6,2,0.1329658180475235,0.11819779449426475
guided_noise_error,age,objects,4,7,3,0.15379291772842407,0.1624711860808186
guided_noise_error,age,objects,4,9,1,0.038314882665872574,0.0739244029077109
guided_noise_error,age,objects,4,10,2,0.06971040368080139,0.11819779449426475
guided_noise_error,age,objects,4,11,3,0.10083456337451935,0.1624711860808186
guided_noise_error,age,objects,4,13,1,0.03995964303612709,0.0739244029077109
guided_noise_error,age,objects,4,14,2,0.08010762184858322,0.11819779449426475
guided_noise_error,age,objects,4,15,3,0.12071181833744049,0.1624711860808186
guided_noise_error,age,objects,4,17,1,0.05380241572856903,0.0739244029077109
guided_noise_error,age,objects,4,18,2,0.12690651416778564,0.11819779449426475
guided_noise_error,age,objects,4,19,3,0.24783359467983246,0.1624711860808186
guided_noise_error,age,objects,4,1,1,0.03770638629794121,0.0739244029077109
guided_noise_error,age,objects,4,2,2,0.05035804212093353,0.11819779449426475
guided_noise_error,age,objects,4,3,3,0.07890505343675613,0.1624711860808186
guided_noise_error,age,objects,4,5,1,0.12239902466535568,0.0739244029077109
guided_noise_error,age,objects,4,6,2,0.13246482610702515,0.11819779449426475
guided_noise_error,age,objects,4,7,3,0.17103075981140137,0.1624711860808186
guided_noise_error,age,objects,4,9,1,0.06901886314153671,0.0739244029077109
guided_noise_error,age,objects,4,10,2,0.09910579025745392,0.11819779449426475
guided_noise_error,age,objects,4,11,3,0.12671588361263275,0.1624711860808186
guided_noise_error,age,objects,4,13,1,0.055440422147512436,0.0739244029077109
guided_noise_error,age,objects,4,14,2,0.0933753103017807,0.11819779449426475
guided_noise_error,age,objects,4,15,3,0.13333939015865326,0.1624711860808186
guided_noise_error,age,objects,4,17,1,0.06187048181891441,0.0739244029077109
guided_noise_error,age,objects,4,18,2,0.13418836891651154,0.11819779449426475
guided_noise_error,age,objects,4,19,3,0.25373801589012146,0.1624711860808186
guided_noise_error,age,objects,5,1,1,0.04953770339488983,0.0739244029077109
guided_noise_error,age,objects,5,2,2,0.12280070781707764,0.11819779449426475
guided_noise_error,age,objects,5,3,3,0.11406020820140839,0.1624711860808186
guided_noise_error,age,objects,5,4,4,0.13105615973472595,0.20674457766737245
guided_noise_error,age,objects,5,6,1,0.07667762786149979,0.0739244029077109
guided_noise_error,age,objects,5,7,2,0.1131986752152443,0.11819779449426475
guided_noise_error,age,objects,5,8,3,0.1402292102575302,0.1624711860808186
guided_noise_error,age,objects,5,9,4,0.1582995057106018,0.20674457766737245
guided_noise_error,age,objects,5,11,1,0.03947027027606964,0.0739244029077109
guided_noise_error,age,objects,5,12,2,0.0792541429400444,0.11819779449426475
guided_noise_error,age,objects,5,13,3,0.1135999783873558,0.1624711860808186
guided_noise_error,age,objects,5,14,4,0.14939187467098236,0.20674457766737245
guided_noise_error,age,objects,5,16,1,0.04761728644371033,0.0739244029077109
guided_noise_error,age,objects,5,17,2,0.10312270373106003,0.11819779449426475
guided_noise_error,age,objects,5,18,3,0.17821913957595825,0.1624711860808186
guided_noise_error,age,objects,5,19,4,0.3082585334777832,0.20674457766737245
guided_noise_error,age,objects,5,1,1,0.03770638629794121,0.0739244029077109
guided_noise_error,age,objects,5,2,2,0.05035804212093353,0.11819779449426475
guided_noise_error,age,objects,5,3,3,0.07890505343675613,0.1624711860808186
guided_noise_error,age,objects,5,4,4,0.12282886356115341,0.20674457766737245
guided_noise_error,age,objects,5,6,1,0.09834294766187668,0.0739244029077109
guided_noise_error,age,objects,5,7,2,0.142456516623497,0.11819779449426475
guided_noise_error,age,objects,5,8,3,0.14342322945594788,0.1624711860808186
guided_noise_error,age,objects,5,9,4,0.16123516857624054,0.20674457766737245
guided_noise_error,age,objects,5,11,1,0.06104632839560509,0.0739244029077109
guided_noise_error,age,objects,5,12,2,0.0994471088051796,0.11819779449426475
guided_noise_error,age,objects,5,13,3,0.1319236159324646,0.1624711860808186
guided_noise_error,age,objects,5,14,4,0.16499535739421844,0.20674457766737245
guided_noise_error,age,objects,5,16,1,0.05271640419960022,0.0739244029077109
guided_noise_error,age,objects,5,17,2,0.11441037803888321,0.11819779449426475
guided_noise_error,age,objects,5,18,3,0.1863560676574707,0.1624711860808186
guided_noise_error,age,objects,5,19,4,0.31800559163093567,0.20674457766737245
guided_noise_error,lambda_distance,objects,2,1,1,0.04953770339488983,0.09154460895850221
guided_noise_error,lambda_distance,objects,2,3,1,0.14207957684993744,0.08481386558069252
guided_noise_error,lambda_distance,objects,2,5,1,0.1027737408876419,0.07910783529305294
guided_noise_error,lambda_distance,objects,2,7,1,0.08164574950933456,0.07459470852082853
guided_noise_error,lambda_distance,objects,2,9,1,0.038314882665872574,0.07140650790252112
guided_noise_error,lambda_distance,objects,2,11,1,0.03947027027606964,0.06968336317798302
guided_noise_error,lambda_distance,objects,2,13,1,0.03995964303612709,0.06965560899925757
guided_noise_error,lambda_distance,objects,2,15,1,0.04350573569536209,0.07214142404718862
guided_noise_error,lambda_distance,objects,2,17,1,0.05380241572856903,0.08006434043285637
guided_noise_error,lambda_distance,objects,2,19,1,0.10923563688993454,0.11363681262128827
guided_noise_error,lambda_distance,objects,2,1,1,0.03770638629794121,0.09154460895850221
guided_noise_error,lambda_distance,objects,2,3,1,0.05546193942427635,0.08481386558069252
guided_noise_error,lambda_distance,objects,2,5,1,0.12239902466535568,0.07910783529305294
guided_noise_error,lambda_distance,objects,2,7,1,0.0975392758846283,0.07459470852082853
guided_noise_error,lambda_distance,objects,2,9,1,0.06901886314153671,0.07140650790252112
guided_noise_error,lambda_distance,objects,2,11,1,0.06104632839560509,0.06968336317798302
guided_noise_error,lambda_distance,objects,2,13,1,0.055440422147512436,0.06965560899925757
guided_noise_error,lambda_distance,objects,2,15,1,0.04898635298013687,0.07214142404718862
guided_noise_error,lambda_distance,objects,2,17,1,0.06187048181891441,0.08006434043285637
guided_noise_error,lambda_distance,objects,2,19,1,0.11235295981168747,0.11363681262128827
guided_noise_error,lambda_distance,objects,3,1,1,0.04953770339488983,0.09154460895850221
guided_noise_error,lambda_distance,objects,3,2,2,0.12280070781707764,0.13826403076055402
guided_noise_error,lambda_distance,objects,3,4,1,0.0968165472149849,0.08182156359035553
guided_noise_error,lambda_distance,objects,3,5,2,0.12836983799934387,0.11958637267299915
guided_noise_error,lambda_distance,objects,3,7,1,0.08164574950933456,0.07459470852082853
guided_noise_error,lambda_distance,objects,3,8,2,0.11160922795534134,0.1060794718461725
guided_noise_error,lambda_distance,objects,3,10,1,0.035263895988464355,0.06977518746706637
guided_noise_error,lambda_distance,objects,3,11,2,0.0707530528306961,0.09811552443464007
guided_noise_error,lambda_distance,objects,3,13,1,0.03995964303612709,0.06965560899925757
guided_noise_error,lambda_distance,objects,3,14,2,0.08010762184858322,0.09880287074454015
guided_noise_error,lambda_distance,objects,3,16,1,0.04761728644371033,0.07502630566752033
guided_noise_error,lambda_distance,objects,3,17,2,0.10312270373106003,0.11374761988996739
guided_noise_error,lambda_distance,objects,3,19,1,0.10923563688993454,0.11363681262128827
guided_noise_error,lambda_distance,objects,3,1,1,0.03770638629794121,0.09154460895850221
guided_noise_error,lambda_distance,objects,3,2,2,0.05035804212093353,0.13826403076055402
guided_noise_error,lambda_distance,objects,3,4,1,0.07516227662563324,0.08182156359035553
guided_noise_error,lambda_distance,objects,3,5,2,0.11435107886791229,0.11958637267299915
guided_noise_error,lambda_distance,objects,3,7,1,0.0975392758846283,0.07459470852082853
guided_noise_error,lambda_distance,objects,3,8,2,0.11551663279533386,0.1060794718461725
guided_noise_error,lambda_distance,objects,3,10,1,0.05867697671055794,0.06977518746706637
guided_noise_error,lambda_distance,objects,3,11,2,0.09744512289762497,0.09811552443464007
guided_noise_error,lambda_distance,objects,3,13,1,0.055440422147512436,0.06965560899925757
guided_noise_error,lambda_distance,objects,3,14,2,0.0933753103017807,0.09880287074454015
guided_noise_error,lambda_distance,objects,3,16,1,0.05271640419960022,0.07502630566752033
guided_noise_error,lambda_distance,objects,3,17,2,0.11441037803888321,0.11374761988996739
guided_noise_error,lambda_distance,objects,3,19,1,0.11235295981168747,0.11363681262128827
guided_noise_error,lambda_distance,objects,4,1,1,0.04953770339488983,0.09154460895850221
guided_noise_error,lambda_distance,objects,4,2,2,0.12280070781707764,0.13826403076055402
guided_noise_error,lambda_distance,objects,4,3,3,0.11406020820140839,0.18173487013083722
guided_noise_error,lambda_distance,objects,4,5,1,0.1027737408876419,0.07910783529305294
guided_noise_error,lambda_distance,objects,4,6,2,0.1329658180475235,0.11445788268169377
guided_noise_error,lambda_distance,objects,4,7,3,0.15379291772842407,0.147709564992113
guided_noise_error,lambda_distance,objects,4,9,1,0.038314882665872574,0.07140650790252112
guided_noise_error,lambda_distance,objects,4,10,2,0.06971040368080139,0.09983866915917818
guided_noise_error,lambda_distance,objects,4,11,3,0.10083456337451935,0.12817900612675187
guided_noise_error,lambda_distance,objects,4,13,1,0.03995964303612709,0.06965560899925757
guided_noise_error,lambda_distance,objects,4,14,2,0.08010762184858322,0.09880287074454015
guided_noise_error,lambda_distance,objects,4,15,3,0.12071181833744049,0.12960126858131943
guided_noise_error,lambda_distance,objects,4,17,1,0.05380241572856903,0.08006434043285637
guided_noise_error,lambda_distance,objects,4,18,2,0.12690651416778564,0.12843900040730247
guided_noise_error,lambda_distance,objects,4,19,3,0.24783359467983246,0.2007327868181814
guided_noise_error,lambda_distance,objects,4,1,1,0.03770638629794121,0.09154460895850221
guided_noise_error,lambda_distance,objects,4,2,2,0.05035804212093353,0.13826403076055402
guided_noise_error,lambda_distance,objects,4,3,3,0.07890505343675613,0.18173487013083722
guided_noise_error,lambda_distance,objects,4,5,1,0.12239902466535568,0.07910783529305294
guided_noise_error,lambda_distance,objects,4,6,2,0.13246482610702515,0.11445788268169377
guided_noise_error,lambda_distance,objects,4,7,3,0.17103075981140137,0.147709564992113
guided_noise_error,lambda_distance,objects,4,9,1,0.06901886314153671,0.07140650790252112
guided_noise_error,lambda_distance,objects,4,10,2,0.09910579025745392,0.09983866915917818
guided_noise_error,lambda_distance,objects,4,11,3,0.12671588361263275,0.12817900612675187
guided_noise_error,lambda_distance,objects,4,13,1,0.055440422147512436,0.06965560899925757
guided_noise_error,lambda_distance,objects,4,14,2,0.0933753103017807,0.09880287074454015
guided_noise_error,lambda_distance,objects,4,15,3,0.13333939015865326,0.12960126858131943
guided_noise_error,lambda_distance,objects,4,17,1,0.06187048181891441,0.08006434043285637
guided_noise_error,lambda_distance,objects,4,18,2,0.13418836891651154,0.12843900040730247
guided_noise_error,lambda_distance,objects,4,19,3,0.25373801589012146,0.2007327868181814
guided_noise_error,lambda_distance,objects,5,1,1,0.04953770339488983,0.09154460895850221
guided_noise_error,lambda_distance,objects,5,2,2,0.12280070781707764,0.13826403076055402
guided_noise_error,lambda_distance,objects,5,3,3,0.11406020820140839,0.18173487013083722
guided_noise_error,lambda_distance,objects,5,4,4,0.13105615973472595,0.22221340751078344
guided_noise_error,lambda_distance,objects,5,6,1,0.07667762786149979,0.07669307359905016
guided_noise_error,lambda_distance,objects,5,7,2,0.1131986752152443,0.10994475590946937
guided_noise_error,lambda_distance,objects,5,8,3,0.1402292102575302,0.14142951923481334
guided_noise_error,lambda_distance,objects,5,9,4,0.1582995057106018,0.17149300092692513
guided_noise_error,lambda_distance,objects,5,11,1,0.03947027027606964,0.06968336317798302
guided_noise_error,lambda_distance,objects,5,12,2,0.0792541429400444,0.0977654784952321
guided_noise_error,lambda_distance,objects,5,13,3,0.1135999783873558,0.12607806128408033
guided_noise_error,lambda_distance,objects,5,14,4,0.14939187467098236,0.15522532302936293
guided_noise_error,lambda_distance,objects,5,16,1,0.04761728644371033,0.07502630566752033
guided_noise_error,lambda_distance,objects,5,17,2,0.10312270373106003,0.11374761988996739
guided_noise_error,lambda_distance,objects,5,18,3,0.17821913957595825,0.1621222798644135
guided_noise_error,lambda_distance,objects,5,19,4,0.3082585334777832,0.23441606627529243
guided_noise_error,lambda_distance,objects,5,1,1,0.03770638629794121,0.09154460895850221
guided_noise_error,lambda_distance,objects,5,2,2,0.05035804212093353,0.13826403076055402
guided_noise_error,lambda_distance,objects,5,3,3,0.07890505343675613,0.18173487013083722
guided_noise_error,lambda_distance,objects,5,4,4,0.12282886356115341,0.22221340751078344
guided_noise_error,lambda_distance,objects,5,6,1,0.09834294766187668,0.07669307359905016
guided_noise_error,lambda_distance,objects,5,7,2,0.142456516623497,0.10994475590946937
guided_noise_error,lambda_distance,objects,5,8,3,0.14342322945594788,0.14142951923481334
guided_noise_error,lambda_distance,objects,5,9,4,0.16123516857624054,0.17149300092692513
guided_noise_error,lambda_distance,objects,5,11,1,0.06104632839560509,0.06968336317798302
guided_noise_error,lambda_distance,objects,5,12,2,0.0994471088051796,0.0977654784952321
guided_noise_error,lambda_distance,objects,5,13,3,0.1319236159324646,0.12607806128408033
guided_noise_error,lambda_distance,objects,5,14,4,0.16499535739421844,0.15522532302936293
guided_noise_error,lambda_distance,objects,5,16,1,0.05271640419960022,0.07502630566752033
guided_noise_error,lambda_distance,objects,5,17,2,0.11441037803888321,0.11374761988996739
guided_noise_error,lambda_distance,objects,5,18,3,0.1863560676574707,0.1621222798644135
guided_noise_error,lambda_distance,objects,5,19,4,0.31800559163093567,0.23441606627529243
guided_noise_error,age+lambda_distance,objects,2,1,1,0.04953770339488983,0.07790272110454247
guided_noise_error,age+lambda_distance,objects,2,3,1,0.14207957684993744,0.07572705156342865
guided_noise_error,age+lambda_distance,objects,2,5,1,0.1027737408876419,0.0738826139432961
guided_noise_error,age+lambda_distance,objects,2,7,1,0.08164574950933456,0.07242377471821346
guided_noise_error,age+lambda_distance,objects,2,9,1,0.038314882665872574,0.07139320935762042
guided_noise_error,age+lambda_distance,objects,2,11,1,0.03947027027606964,0.07083621389936712
guided_noise_error,age+lambda_distance,objects,2,13,1,0.03995964303612709,0.07082724253945899
guided_noise_error,age+lambda_distance,objects,2,15,1,0.04350573569536209,0.07163076627837561
guided_noise_error,age+lambda_distance,objects,2,17,1,0.05380241572856903,0.0741917980826662
guided_noise_error,age+lambda_distance,objects,2,19,1,0.10923563688993454,0.08504388396088775
guided_noise_error,age+lambda_distance,objects,2,1,1,0.03770638629794121,0.07790272110454247
guided_noise_error,age+lambda_distance,objects,2,3,1,0.05546193942427635,0.07572705156342865
guided_noise_error,age+lambda_distance,objects,2,5,1,0.12239902466535568,0.0738826139432961
guided_noise_error,age+lambda_distance,objects,2,7,1,0.0975392758846283,0.07242377471821346
guided_noise_error,age+lambda_distance,objects,2,9,1,0.06901886314153671,0.07139320935762042
guided_noise_error,age+lambda_distance,objects,2,11,1,0.06104632839560509,0.07083621389936712
guided_noise_error,age+lambda_distance,objects,2,13,1,0.055440422147512436,0.07082724253945899
guided_noise_error,age+lambda_distance,objects,2,15,1,0.04898635298013687,0.07163076627837561
guided_noise_error,age+lambda_distance,objects,2,17,1,0.06187048181891441,0.0741917980826662
guided_noise_error,age+lambda_distance,objects,2,19,1,0.11235295981168747,0.08504388396088775
guided_noise_error,age+lambda_distance,objects,3,1,1,0.04953770339488983,0.07790272110454247
guided_noise_error,age+lambda_distance,objects,3,2,2,0.12280070781707764,0.12502753644399578
guided_noise_error,age+lambda_distance,objects,3,4,1,0.0968165472149849,0.07475980917536587
guided_noise_error,age+lambda_distance,objects,3,5,2,0.12836983799934387,0.11899010350094172
guided_noise_error,age+lambda_distance,objects,3,7,1,0.08164574950933456,0.07242377471821346
guided_noise_error,age+lambda_distance,objects,3,8,2,0.11160922795534134,0.1146240846120542
guided_noise_error,age+lambda_distance,objects,3,10,1,0.035263895988464355,0.07086589551069578
guided_noise_error,age+lambda_distance,objects,3,11,2,0.0707530528306961,0.11204978979234265
guided_noise_error,age+lambda_distance,objects,3,13,1,0.03995964303612709,0.07082724253945899
guided_noise_error,age+lambda_distance,objects,3,14,2,0.08010762184858322,0.11227197006972135
guided_noise_error,age+lambda_distance,objects,3,16,1,0.04761728644371033,0.07256328572218143
guided_noise_error,age+lambda_distance,objects,3,17,2,0.10312270373106003,0.11710276418712738
guided_noise_error,age+lambda_distance,objects,3,19,1,0.10923563688993454,0.08504388396088775
guided_noise_error,age+lambda_distance,objects,3,1,1,0.03770638629794121,0.07790272110454247
guided_noise_error,age+lambda_distance,objects,3,2,2,0.05035804212093353,0.12502753644399578
guided_noise_error,age+lambda_distance,objects,3,4,1,0.07516227662563324,0.07475980917536587
guided_noise_error,age+lambda_distance,objects,3,5,2,0.11435107886791229,0.11899010350094172
guided_noise_error,age+lambda_distance,objects,3,7,1,0.0975392758846283,0.07242377471821346
guided_noise_error,age+lambda_distance,objects,3,8,2,0.11551663279533386,0.1146240846120542
guided_noise_error,age+lambda_distance,objects,3,10,1,0.05867697671055794,0.07086589551069578
guided_noise_error,age+lambda_distance,objects,3,11,2,0.09744512289762497,0.11204978979234265
guided_noise_error,age+lambda_distance,objects,3,13,1,0.055440422147512436,0.07082724253945899
guided_noise_error,age+lambda_distance,objects,3,14,2,0.0933753103017807,0.11227197006972135
guided_noise_error,age+lambda_distance,objects,3,16,1,0.05271640419960022,0.07256328572218143
guided_noise_error,age+lambda_distance,objects,3,17,2,0.11441037803888321,0.11710276418712738
guided_noise_error,age+lambda_distance,objects,3,19,1,0.11235295981168747,0.08504388396088775
guided_noise_error,age+lambda_distance,objects,4,1,1,0.04953770339488983,0.07790272110454247
guided_noise_error,age+lambda_distance,objects,4,2,2,0.12280070781707764,0.12502753644399578
guided_noise_error,age+lambda_distance,objects,4,3,3,0.11406020820140839,0.17110226838970416
guided_noise_error,age+lambda_distance,objects,4,5,1,0.1027737408876419,0.0738826139432961
guided_noise_error,age+lambda_distance,objects,4,6,2,0.1329658180475235,0.11733235206998148
guided_noise_error,age+lambda_distance,objects,4,7,3,0.15379291772842407,0.16010380717047468
guided_noise_error,age+lambda_distance,objects,4,9,1,0.038314882665872574,0.07139320935762042
guided_noise_error,age+lambda_distance,objects,4,10,2,0.06971040368080139,0.11260678525059596
guided_noise_error,age+lambda_distance,objects,4,11,3,0.10083456337451935,0.15379067953224282
guided_noise_error,age+lambda_distance,objects,4,13,1,0.03995964303612709,0.07082724253945899
guided_noise_error,age+lambda_distance,objects,4,14,2,0.08010762184858322,0.11227197006972135
guided_noise_error,age+lambda_distance,objects,4,15,3,0.12071181833744049,0.1542504167303767
guided_noise_error,age+lambda_distance,objects,4,17,1,0.05380241572856903,0.0741917980826662
guided_noise_error,age+lambda_distance,objects,4,18,2,0.12690651416778564,0.12185165852380024
guided_noise_error,age+lambda_distance,objects,4,19,3,0.24783359467983246,0.17724322286696775
guided_noise_error,age+lambda_distance,objects,4,1,1,0.03770638629794121,0.07790272110454247
guided_noise_error,age+lambda_distance,objects,4,2,2,0.05035804212093353,0.12502753644399578
guided_noise_error,age+lambda_distance,objects,4,3,3,0.07890505343675613,0.17110226838970416
guided_noise_error,age+lambda_distance,objects,4,5,1,0.12239902466535568,0.0738826139432961
guided_noise_error,age+lambda_distance,objects,4,6,2,0.13246482610702515,0.11733235206998148
guided_noise_error,age+lambda_distance,objects,4,7,3,0.17103075981140137,0.16010380717047468
guided_noise_error,age+lambda_distance,objects,4,9,1,0.06901886314153671,0.07139320935762042
guided_noise_error,age+lambda_distance,objects,4,10,2,0.09910579025745392,0.11260678525059596
guided_noise_error,age+lambda_distance,objects,4,11,3,0.12671588361263275,0.15379067953224282
guided_noise_error,age+lambda_distance,objects,4,13,1,0.055440422147512436,0.07082724253945899
guided_noise_error,age+lambda_distance,objects,4,14,2,0.0933753103017807,0.11227197006972135
guided_noise_error,age+lambda_distance,objects,4,15,3,0.13333939015865326,0.1542504167303767
guided_noise_error,age+lambda_distance,objects,4,17,1,0.06187048181891441,0.0741917980826662
guided_noise_error,age+lambda_distance,objects,4,18,2,0.13418836891651154,0.12185165852380024
guided_noise_error,age+lambda_distance,objects,4,19,3,0.25373801589012146,0.17724322286696775
guided_noise_error,age+lambda_distance,objects,5,1,1,0.04953770339488983,0.07790272110454247
guided_noise_error,age+lambda_distance,objects,5,2,2,0.12280070781707764,0.12502753644399578
guided_noise_error,age+lambda_distance,objects,5,3,3,0.11406020820140839,0.17110226838970416
guided_noise_error,age+lambda_distance,objects,5,4,4,0.13105615973472595,0.2162097579473498
guided_noise_error,age+lambda_distance,objects,5,6,1,0.07667762786149979,0.07310205774440563
guided_noise_error,age+lambda_distance,objects,5,7,2,0.1131986752152443,0.11587351284489886
guided_noise_error,age+lambda_distance,objects,5,8,3,0.1402292102575302,0.15807382273873957
guided_noise_error,age+lambda_distance,objects,5,9,4,0.1582995057106018,0.19981471247863977
guided_noise_error,age+lambda_distance,objects,5,11,1,0.03947027027606964,0.07083621389936712
guided_noise_error,age+lambda_distance,objects,5,12,2,0.0792541429400444,0.11193663969203257
guided_noise_error,age+lambda_distance,objects,5,13,3,0.1135999783873558,0.15311156261377132
guided_noise_error,age+lambda_distance,objects,5,14,4,0.14939187467098236,0.1945562901440337
guided_noise_error,age+lambda_distance,objects,5,16,1,0.04761728644371033,0.07256328572218143
guided_noise_error,age+lambda_distance,objects,5,17,2,0.10312270373106003,0.11710276418712738
guided_noise_error,age+lambda_distance,objects,5,18,3,0.17821913957595825,0.1647626246282614
guided_noise_error,age+lambda_distance,objects,5,19,4,0.3082585334777832,0.22015418897142894
guided_noise_error,age+lambda_distance,objects,5,1,1,0.03770638629794121,0.07790272110454247
guided_noise_error,age+lambda_distance,objects,5,2,2,0.05035804212093353,0.12502753644399578
guided_noise_error,age+lambda_distance,objects,5,3,3,0.07890505343675613,0.17110226838970416
guided_noise_error,age+lambda_distance,objects,5,4,4,0.12282886356115341,0.2162097579473498
guided_noise_error,age+lambda_distance,objects,5,6,1,0.09834294766187668,0.07310205774440563
guided_noise_error,age+lambda_distance,objects,5,7,2,0.142456516623497,0.11587351284489886
guided_noise_error,age+lambda_distance,objects,5,8,3,0.14342322945594788,0.15807382273873957
guided_noise_error,age+lambda_distance,objects,5,9,4,0.16123516857624054,0.19981471247863977
guided_noise_error,age+lambda_distance,objects,5,11,1,0.06104632839560509,0.07083621389936712
guided_noise_error,age+lambda_distance,objects,5,12,2,0.0994471088051796,0.11193663969203257
guided_noise_error,age+lambda_distance,objects,5,13,3,0.1319236159324646,0.15311156261377132
guided_noise_error,age+lambda_distance,objects,5,14,4,0.16499535739421844,0.1945562901440337
guided_noise_error,age+lambda_distance,objects,5,16,1,0.05271640419960022,0.07256328572218143
guided_noise_error,age+lambda_distance,objects,5,17,2,0.11441037803888321,0.11710276418712738
guided_noise_error,age+lambda_distance,objects,5,18,3,0.1863560676574707,0.1647626246282614
guided_noise_error,age+lambda_distance,objects,5,19,4,0.31800559163093567,0.22015418897142894
guided_noise_error,intercept,people,2,1,1,0.014067727141082287,0.10851610145520096
guided_noise_error,intercept,people,2,3,1,0.03896664083003998,0.10851610145520096
guided_noise_error,intercept,people,2,5,1,0.11103086173534393,0.10851610145520096
guided_noise_error,intercept,people,2,7,1,0.12920165061950684,0.10851610145520096
guided_noise_error,intercept,people,2,9,1,0.15117913484573364,0.10851610145520096
guided_noise_error,intercept,people,2,11,1,0.1373983919620514,0.10851610145520096
guided_noise_error,intercept,people,2,13,1,0.08534043282270432,0.10851610145520096
guided_noise_error,intercept,people,2,15,1,0.06985381245613098,0.10851610145520096
guided_noise_error,intercept,people,2,17,1,0.08309429883956909,0.10851610145520096
guided_noise_error,intercept,people,2,19,1,0.13723675906658173,0.10851610145520096
guided_noise_error,intercept,people,2,1,1,0.02535836771130562,0.10851610145520096
guided_noise_error,intercept,people,2,3,1,0.11690115928649902,0.10851610145520096
guided_noise_error,intercept,people,2,5,1,0.08030355721712112,0.10851610145520096
guided_noise_error,intercept,people,2,7,1,0.0886627659201622,0.10851610145520096
guided_noise_error,intercept,people,2,9,1,0.06932786852121353,0.10851610145520096
guided_noise_error,intercept,people,2,11,1,0.06073324382305145,0.10851610145520096
guided_noise_error,intercept,people,2,13,1,0.04779835417866707,0.10851610145520096
guided_noise_error,intercept,people,2,15,1,0.05551373213529587,0.10851610145520096
guided_noise_error,intercept,people,2,17,1,0.07086266577243805,0.10851610145520096
guided_noise_error,intercept,people,2,19,1,0.1319975107908249,0.10851610145520096
guided_noise_error,intercept,people,3,1,1,0.014067727141082287,0.10851610145520096
guided_noise_error,intercept,people,3,2,2,0.03187454864382744,0.10851610145520096
guided_noise_error,intercept,people,3,4,1,0.08087144047021866,0.10851610145520096
guided_noise_error,intercept,people,3,5,2,0.11876314133405685,0.10851610145520096
guided_noise_error,intercept,people,3,7,1,0.12920165061950684,0.10851610145520096
guided_noise_error,intercept,people,3,8,2,0.17421813309192657,0.10851610145520096
guided_noise_error,intercept,people,3,10,1,0.145664244890213,0.10851610145520096
guided_noise_error,intercept,people,3,11,2,0.19846954941749573,0.10851610145520096
guided_noise_error,intercept,people,3,13,1,0.08534043282270432,0.10851610145520096
guided_noise_error,intercept,people,3,14,2,0.14111991226673126,0.10851610145520096
guided_noise_error,intercept,people,3,16,1,0.0743662416934967,0.10851610145520096
guided_noise_error,intercept,people,3,17,2,0.1549633890390396,0.10851610145520096
guided_noise_error,intercept,people,3,19,1,0.13723675906658173,0.10851610145520096
guided_noise_error,intercept,people,3,1,1,0.02535836771130562,0.10851610145520096
guided_noise_error,intercept,people,3,2,2,0.07960675656795502,0.10851610145520096
guided_noise_error,intercept,people,3,4,1,0.07746539264917374,0.10851610145520096
guided_noise_error,intercept,people,3,5,2,0.11600329726934433,0.10851610145520096
guided_noise_error,intercept,people,3,7,1,0.0886627659201622,0.10851610145520096
guided_noise_error,intercept,people,3,8,2,0.12731124460697174,0.10851610145520096
guided_noise_error,intercept,people,3,10,1,0.06962089240550995,0.10851610145520096
guided_noise_error,intercept,people,3,11,2,0.11281342804431915,0.10851610145520096
guided_noise_error,intercept,people,3,13,1,0.04779835417866707,0.10851610145520096
guided_noise_error,intercept,people,3,14,2,0.0942898541688919,0.10851610145520096
guided_noise_error,intercept,people,3,16,1,0.06677556037902832,0.10851610145520096
guided_noise_error,intercept,people,3,17,2,0.13383185863494873,0.10851610145520096
guided_noise_error,intercept,people,3,19,1,0.1319975107908249,0.10851610145520096
guided_noise_error,intercept,people,4,1,1,0.014067727141082287,0.10851610145520096
guided_noise_error,intercept,people,4,2,2,0.03187454864382744,0.10851610145520096
guided_noise_error,intercept,people,4,3,3,0.06420591473579407,0.10851610145520096
guided_noise_error,intercept,people,4,5,1,0.11103086173534393,0.10851610145520096
guided_noise_error,intercept,people,4,6,2,0.14527055621147156,0.10851610145520096
guided_noise_error,intercept,people,4,7,3,0.18299606442451477,0.10851610145520096
guided_noise_error,intercept,people,4,9,1,0.15117913484573364,0.10851610145520096
guided_noise_error,intercept,people,4,10,2,0.19894303381443024,0.10851610145520096
guided_noise_error,intercept,people,4,11,3,0.22689732909202576,0.10851610145520096
guided_noise_error,intercept,people,4,13,1,0.08534043282270432,0.10851610145520096
guided_noise_error,intercept,people,4,14,2,0.14111991226673126,0.10851610145520096
guided_noise_error,intercept,people,4,15,3,0.19691692292690277,0.10851610145520096
guided_noise_error,intercept,people,4,17,1,0.08309429883956909,0.10851610145520096
guided_noise_error,intercept,people,4,18,2,0.18060250580310822,0.10851610145520096
guided_noise_error,intercept,people,4,19,3,0.32386916875839233,0.10851610145520096
guided_noise_error,intercept,people,4,1,1,0.02535836771130562,0.10851610145520096
guided_noise_error,intercept,people,4,2,2,0.07960675656795502,0.10851610145520096
guided_noise_error,intercept,people,4,3,3,0.07962069660425186,0.10851610145520096
guided_noise_error,intercept,people,4,5,1,0.08030355721712112,0.10851610145520096
guided_noise_error,intercept,people,4,6,2,0.11670561134815216,0.10851610145520096
guided_noise_error,intercept,people,4,7,3,0.12624339759349823,0.10851610145520096
guided_noise_error,intercept,people,4,9,1,0.06932786852121353,0.10851610145520096
guided_noise_error,intercept,people,4,10,2,0.10741367936134338,0.10851610145520096
guided_noise_error,intercept,people,4,11,3,0.14106614887714386,0.10851610145520096
guided_noise_error,intercept,people,4,13,1,0.04779835417866707,0.10851610145520096
guided_noise_error,intercept,people,4,14,2,0.0942898541688919,0.10851610145520096
guided_noise_error,intercept,people,4,15,3,0.14518919587135315,0.10851610145520096
guided_noise_error,intercept,people,4,17,1,0.07086266577243805,0.10851610145520096
guided_noise_error,intercept,people,4,18,2,0.16006815433502197,0.10851610145520096
guided_noise_error,intercept,people,4,19,3,0.2993864417076111,0.10851610145520096
guided_noise_error,intercept,people,5,1,1,0.014067727141082287,0.10851610145520096
guided_noise_error,intercept,people,5,2,2,0.03187454864382744,0.10851610145520096
guided_noise_error,intercept,people,5,3,3,0.06420591473579407,0.10851610145520096
guided_noise_error,intercept,people,5,4,4,0.09922537952661514,0.10851610145520096
guided_noise_error,intercept,people,5,6,1,0.12487608194351196,0.10851610145520096
guided_noise_error,intercept,people,5,7,2,0.17404206097126007,0.10851610145520096
guided_noise_error,intercept,people,5,8,3,0.2039041817188263,0.10851610145520096
guided_noise_error,intercept,people,5,9,4,0.2376582771539688,0.10851610145520096
guided_noise_error,intercept,people,5,11,1,0.1373983919620514,0.10851610145520096
guided_noise_error,intercept,people,5,12,2,0.188351571559906,0.10851610145520096
guided_noise_error,intercept,people,5,13,3,0.22840562462806702,0.10851610145520096
guided_noise_error,intercept,people,5,14,4,0.2728807032108307,0.10851610145520096
guided_noise_error,intercept,people,5,16,1,0.0743662416934967,0.10851610145520096
guided_noise_error,intercept,people,5,17,2,0.1549633890390396,0.10851610145520096
guided_noise_error,intercept,people,5,18,3,0.25105929374694824,0.10851610145520096
guided_noise_error,intercept,people,5,19,4,0.4067592918872833,0.10851610145520096
guided_noise_error,intercept,people,5,1,1,0.02535836771130562,0.10851610145520096
guided_noise_error,intercept,people,5,2,2,0.07960675656795502,0.10851610145520096
guided_noise_error,intercept,people,5,3,3,0.07962069660425186,0.10851610145520096
guided_noise_error,intercept,people,5,4,4,0.09241320937871933,0.10851610145520096
guided_noise_error,intercept,people,5,6,1,0.09180571883916855,0.10851610145520096
guided_noise_error,intercept,people,5,7,2,0.12027519941329956,0.10851610145520096
guided_noise_error,intercept,people,5,8,3,0.14247721433639526,0.10851610145520096
guided_noise_error,intercept,people,5,9,4,0.1669585108757019,0.10851610145520096
guided_noise_error,intercept,people,5,11,1,0.06073324382305145,0.10851610145520096
guided_noise_error,intercept,people,5,12,2,0.10054997354745865,0.10851610145520096
guided_noise_error,intercept,people,5,13,3,0.13536930084228516,0.10851610145520096
guided_noise_error,intercept,people,5,14,4,0.1753707230091095,0.10851610145520096
guided_noise_error,intercept,people,5,16,1,0.06677556037902832,0.10851610145520096
guided_noise_error,intercept,people,5,17,2,0.13383185863494873,0.10851610145520096
guided_noise_error,intercept,people,5,18,3,0.22223825752735138,0.10851610145520096
guided_noise_error,intercept,people,5,19,4,0.37448060512542725,0.10851610145520096
guided_noise_error,age,people,2,1,1,0.014067727141082287,0.0723465927913116
guided_noise_error,age,people,2,3,1,0.03896664083003998,0.0723465927913116
guided_noise_error,age,people,2,5,1,0.11103086173534393,0.0723465927913116
guided_noise_error,age,people,2,7,1,0.12920165061950684,0.0723465927913116
guided_noise_error,age,people,2,9,1,0.15117913484573364,0.0723465927913116
guided_noise_error,age,people,2,11,1,0.1373983919620514,0.0723465927913116
guided_noise_error,age,people,2,13,1,0.08534043282270432,0.0723465927913116
guided_noise_error,age,people,2,15,1,0.06985381245613098,0.0723465927913116
guided_noise_error,age,people,2,17,1,0.08309429883956909,0.0723465927913116
guided_noise_error,age,people,2,19,1,0.13723675906658173,0.0723465927913116
guided_noise_error,age,people,2,1,1,0.02535836771130562,0.0723465927913116
guided_noise_error,age,people,2,3,1,0.11690115928649902,0.0723465927913116
guided_noise_error,age,people,2,5,1,0.08030355721712112,0.0723465927913116
guided_noise_error,age,people,2,7,1,0.0886627659201622,0.0723465927913116
guided_noise_error,age,people,2,9,1,0.06932786852121353,0.0723465927913116
guided_noise_error,age,people,2,11,1,0.06073324382305145,0.0723465927913116
guided_noise_error,age,people,2,13,1,0.04779835417866707,0.0723465927913116
guided_noise_error,age,people,2,15,1,0.05551373213529587,0.0723465927913116
guided_noise_error,age,people,2,17,1,0.07086266577243805,0.0723465927913116
guided_noise_error,age,people,2,19,1,0.1319975107908249,0.0723465927913116
guided_noise_error,age,people,3,1,1,0.014067727141082287,0.0723465927913116
guided_noise_error,age,people,3,2,2,0.03187454864382744,0.11575000318797884
guided_noise_error,age,people,3,4,1,0.08087144047021866,0.0723465927913116
guided_noise_error,age,people,3,5,2,0.11876314133405685,0.11575000318797884
guided_noise_error,age,people,3,7,1,0.12920165061950684,0.0723465927913116
guided_noise_error,age,people,3,8,2,0.17421813309192657,0.11575000318797884
guided_noise_error,age,people,3,10,1,0.145664244890213,0.0723465927913116
guided_noise_error,age,people,3,11,2,0.19846954941749573,0.11575000318797884
guided_noise_error,age,people,3,13,1,0.08534043282270432,0.0723465927913116
guided_noise_error,age,people,3,14,2,0.14111991226673126,0.11575000318797884
guided_noise_error,age,people,3,16,1,0.0743662416934967,0.0723465927913116
guided_noise_error,age,people,3,17,2,0.1549633890390396,0.11575000318797884
guided_noise_error,age,people,3,19,1,0.13723675906658173,0.0723465927913116
guided_noise_error,age,people,3,1,1,0.02535836771130562,0.0723465927913116
guided_noise_error,age,people,3,2,2,0.07960675656795502,0.11575000318797884
guided_noise_error,age,people,3,4,1,0.07746539264917374,0.0723465927913116
guided_noise_error,age,people,3,5,2,0.11600329726934433,0.11575000318797884
guided_noise_error,age,people,3,7,1,0.0886627659201622,0.0723465927913116
guided_noise_error,age,people,3,8,2,0.12731124460697174,0.11575000318797884
guided_noise_error,age,people,3,10,1,0.06962089240550995,0.0723465927913116
guided_noise_error,age,people,3,11,2,0.11281342804431915,0.11575000318797884
guided_noise_error,age,people,3,13,1,0.04779835417866707,0.0723465927913116
guided_noise_error,age,people,3,14,2,0.0942898541688919,0.11575000318797884
guided_noise_error,age,people,3,16,1,0.06677556037902832,0.0723465927913116
guided_noise_error,age,people,3,17,2,0.13383185863494873,0.11575000318797884
guided_noise_error,age,people,3,19,1,0.1319975107908249,0.0723465927913116
guided_noise_error,age,people,4,1,1,0.014067727141082287,0.0723465927913116
guided_noise_error,age,people,4,2,2,0.03187454864382744,0.11575000318797884
guided_noise_error,age,people,4,3,3,0.06420591473579407,0.15915341358464608
guided_noise_error,age,people,4,5,1,0.11103086173534393,0.0723465927913116
guided_noise_error,age,people,4,6,2,0.14527055621147156,0.11575000318797884
guided_noise_error,age,people,4,7,3,0.18299606442451477,0.15915341358464608
guided_noise_error,age,people,4,9,1,0.15117913484573364,0.0723465927913116
guided_noise_error,age,people,4,10,2,0.19894303381443024,0.11575000318797884
guided_noise_error,age,people,4,11,3,0.22689732909202576,0.15915341358464608
guided_noise_error,age,people,4,13,1,0.08534043282270432,0.0723465927913116
guided_noise_error,age,people,4,14,2,0.14111991226673126,0.11575000318797884
guided_noise_error,age,people,4,15,3,0.19691692292690277,0.15915341358464608
guided_noise_error,age,people,4,17,1,0.08309429883956909,0.0723465927913116
guided_noise_error,age,people,4,18,2,0.18060250580310822,0.11575000318797884
guided_noise_error,age,people,4,19,3,0.32386916875839233,0.15915341358464608
guided_noise_error,age,people,4,1,1,0.02535836771130562,0.0723465927913116
guided_noise_error,age,people,4,2,2,0.07960675656795502,0.11575000318797884
guided_noise_error,age,people,4,3,3,0.07962069660425186,0.15915341358464608
guided_noise_error,age,people,4,5,1,0.08030355721712112,0.0723465927913116
guided_noise_error,age,people,4,6,2,0.11670561134815216,0.11575000318797884
guided_noise_error,age,people,4,7,3,0.12624339759349823,0.15915341358464608
guided_noise_error,age,people,4,9,1,0.06932786852121353,0.0723465927913116
guided_noise_error,age,people,4,10,2,0.10741367936134338,0.11575000318797884
guided_noise_error,age,people,4,11,3,0.14106614887714386,0.15915341358464608
guided_noise_error,age,people,4,13,1,0.04779835417866707,0.0723465927913116
guided_noise_error,age,people,4,14,2,0.0942898541688919,0.11575000318797884
guided_noise_error,age,people,4,15,3,0.14518919587135315,0.15915341358464608
guided_noise_error,age,people,4,17,1,0.07086266577243805,0.0723465927913116
guided_noise_error,age,people,4,18,2,0.16006815433502197,0.11575000318797884
guided_noise_error,age,people,4,19,3,0.2993864417076111,0.15915341358464608
guided_noise_error,age,people,5,1,1,0.014067727141082287,0.0723465927913116
guided_noise_error,age,people,5,2,2,0.03187454864382744,0.11575000318797884
guided_noise_error,age,people,5,3,3,0.06420591473579407,0.15915341358464608
guided_noise_error,age,people,5,4,4,0.09922537952661514,0.2025568239813133
guided_noise_error,age,people,5,6,1,0.12487608194351196,0.0723465927913116
guided_noise_error,age,people,5,7,2,0.17404206097126007,0.11575000318797884
guided_noise_error,age,people,5,8,3,0.2039041817188263,0.15915341358464608
guided_noise_error,age,people,5,9,4,0.2376582771539688,0.2025568239813133
guided_noise_error,age,people,5,11,1,0.1373983919620514,0.0723465927913116
guided_noise_error,age,people,5,12,2,0.188351571559906,0.11575000318797884
guided_noise_error,age,people,5,13,3,0.22840562462806702,0.15915341358464608
guided_noise_error,age,people,5,14,4,0.2728807032108307,0.2025568239813133
guided_noise_error,age,people,5,16,1,0.0743662416934967,0.0723465927913116
guided_noise_error,age,people,5,17,2,0.1549633890390396,0.11575000318797884
guided_noise_error,age,people,5,18,3,0.25105929374694824,0.15915341358464608
guided_noise_error,age,people,5,19,4,0.4067592918872833,0.2025568239813133
guided_noise_error,age,people,5,1,1,0.02535836771130562,0.0723465927913116
guided_noise_error,age,people,5,2,2,0.07960675656795502,0.11575000318797884
guided_noise_error,age,people,5,3,3,0.07962069660425186,0.15915341358464608
guided_noise_error,age,people,5,4,4,0.09241320937871933,0.2025568239813133
guided_noise_error,age,people,5,6,1,0.09180571883916855,0.0723465927913116
guided_noise_error,age,people,5,7,2,0.12027519941329956,0.11575000318797884
guided_noise_error,age,people,5,8,3,0.14247721433639526,0.15915341358464608
guided_noise_error,age,people,5,9,4,0.1669585108757019,0.2025568239813133
guided_noise_error,age,people,5,11,1,0.06073324382305145,0.0723465927913116
guided_noise_error,age,people,5,12,2,0.10054997354745865,0.11575000318797884
guided_noise_error,age,people,5,13,3,0.13536930084228516,0.15915341358464608
guided_noise_error,age,people,5,14,4,0.1753707230091095,0.2025568239813133
guided_noise_error,age,people,5,16,1,0.06677556037902832,0.0723465927913116
guided_noise_error,age,people,5,17,2,0.13383185863494873,0.11575000318797884
guided_noise_error,age,people,5,18,3,0.22223825752735138,0.15915341358464608
guided_noise_error,age,people,5,19,4,0.37448060512542725,0.2025568239813133
guided_noise_error,lambda_distance,people,2,1,1,0.014067727141082287,0.08924606549667329
guided_noise_error,lambda_distance,people,2,3,1,0.03896664083003998,0.08251680659670958
guided_noise_error,lambda_distance,people,2,5,1,0.11103086173534393,0.07681203478455703
guided_noise_error,lambda_distance,people,2,7,1,0.12920165061950684,0.07229990339075272
guided_noise_error,lambda_distance,people,2,9,1,0.15117913484573364,0.06911240593596243
guided_noise_error,lambda_distance,people,2,11,1,0.1373983919620514,0.06738964125416633
guided_noise_error,lambda_distance,people,2,13,1,0.08534043282270432,0.06736189319667613
guided_noise_error,lambda_distance,people,2,15,1,0.06985381245613098,0.06984715999352095
guided_noise_error,lambda_distance,people,2,17,1,0.08309429883956909,0.07776832896539057
guided_noise_error,lambda_distance,people,2,19,1,0.13723675906658173,0.1113333966832609
guided_noise_error,lambda_distance,people,2,1,1,0.02535836771130562,0.08924606549667329
guided_noise_error,lambda_distance,people,2,3,1,0.11690115928649902,0.08251680659670958
guided_noise_error,lambda_distance,people,2,5,1,0.08030355721712112,0.07681203478455703
guided_noise_error,lambda_distance,people,2,7,1,0.0886627659201622,0.07229990339075272
guided_noise_error,lambda_distance,people,2,9,1,0.06932786852121353,0.06911240593596243
guided_noise_error,lambda_distance,people,2,11,1,0.06073324382305145,0.06738964125416633
guided_noise_error,lambda_distance,people,2,13,1,0.04779835417866707,0.06736189319667613
guided_noise_error,lambda_distance,people,2,15,1,0.05551373213529587,0.06984715999352095
guided_noise_error,lambda_distance,people,2,17,1,0.07086266577243805,0.07776832896539057
guided_noise_error,lambda_distance,people,2,19,1,0.1319975107908249,0.1113333966832609
guided_noise_error,lambda_distance,people,3,1,1,0.014067727141082287,0.08924606549667329
guided_noise_error,lambda_distance,people,3,2,2,0.03187454864382744,0.1359551832442174
guided_noise_error,lambda_distance,people,3,4,1,0.08087144047021866,0.07952516456408659
guided_noise_error,lambda_distance,people,3,5,2,0.11876314133405685,0.11728164454854684
guided_noise_error,lambda_distance,people,3,7,1,0.12920165061950684,0.07229990339075272
guided_noise_error,lambda_distance,people,3,8,2,0.17421813309192657,0.10377772269356918
guided_noise_error,lambda_distance,people,3,10,1,0.145664244890213,0.06748144529123365
guided_noise_error,lambda_distance,people,3,11,2,0.19846954941749573,0.09581553174530319
guided_noise_error,lambda_distance,people,3,13,1,0.08534043282270432,0.06736189319667613
guided_noise_error,lambda_distance,people,3,14,2,0.14111991226673126,0.09650272645970895
guided_noise_error,lambda_distance,people,3,16,1,0.0743662416934967,0.07273140534789907
guided_noise_error,lambda_distance,people,3,17,2,0.1549633890390396,0.11144417951319285
guided_noise_error,lambda_distance,people,3,19,1,0.13723675906658173,0.1113333966832609
guided_noise_error,lambda_distance,people,3,1,1,0.02535836771130562,0.08924606549667329
guided_noise_error,lambda_distance,people,3,2,2,0.07960675656795502,0.1359551832442174
guided_noise_error,lambda_distance,people,3,4,1,0.07746539264917374,0.07952516456408659
guided_noise_error,lambda_distance,people,3,5,2,0.11600329726934433,0.11728164454854684
guided_noise_error,lambda_distance,people,3,7,1,0.0886627659201622,0.07229990339075272
guided_noise_error,lambda_distance,people,3,8,2,0.12731124460697174,0.10377772269356918
guided_noise_error,lambda_distance,people,3,10,1,0.06962089240550995,0.06748144529123365
guided_noise_error,lambda_distance,people,3,11,2,0.11281342804431915,0.09581553174530319
guided_noise_error,lambda_distance,people,3,13,1,0.04779835417866707,0.06736189319667613
guided_noise_error,lambda_distance,people,3,14,2,0.0942898541688919,0.09650272645970895
guided_noise_error,lambda_distance,people,3,16,1,0.06677556037902832,0.07273140534789907
guided_noise_error,lambda_distance,people,3,17,2,0.13383185863494873,0.11144417951319285
guided_noise_error,lambda_distance,people,3,19,1,0.1319975107908249,0.1113333966832609
guided_noise_error,lambda_distance,people,4,1,1,0.014067727141082287,0.08924606549667329
guided_noise_error,lambda_distance,people,4,2,2,0.03187454864382744,0.1359551832442174
guided_noise_error,lambda_distance,people,4,3,3,0.06420591473579407,0.1794164350408302
guided_noise_error,lambda_distance,people,4,5,1,0.11103086173534393,0.07681203478455703
guided_noise_error,lambda_distance,people,4,6,2,0.14527055621147156,0.11215428565515265
guided_noise_error,lambda_distance,people,4,7,3,0.18299606442451477,0.1453986342458086
guided_noise_error,lambda_distance,people,4,9,1,0.15117913484573364,0.06911240593596243
guided_noise_error,lambda_distance,people,4,10,2,0.19894303381443024,0.0975382964270993
guided_noise_error,lambda_distance,people,4,11,3,0.22689732909202576,0.12587238288116884
guided_noise_error,lambda_distance,people,4,13,1,0.08534043282270432,0.06736189319667613
guided_noise_error,lambda_distance,people,4,14,2,0.14111991226673126,0.09650272645970895
guided_noise_error,lambda_distance,people,4,15,3,0.19691692292690277,0.1272943316531331
guided_noise_error,lambda_distance,people,4,17,1,0.08309429883956909,0.07776832896539057
guided_noise_error,lambda_distance,people,4,18,2,0.18060250580310822,0.12613231981950213
guided_noise_error,lambda_distance,people,4,19,3,0.32386916875839233,0.19841016170266623
guided_noise_error,lambda_distance,people,4,1,1,0.02535836771130562,0.08924606549667329
guided_noise_error,lambda_distance,people,4,2,2,0.07960675656795502,0.1359551832442174
guided_noise_error,lambda_distance,people,4,3,3,0.07962069660425186,0.1794164350408302
guided_noise_error,lambda_distance,people,4,5,1,0.08030355721712112,0.07681203478455703
guided_noise_error,lambda_distance,people,4,6,2,0.11670561134815216,0.11215428565515265
guided_noise_error,lambda_distance,people,4,7,3,0.12624339759349823,0.1453986342458086
guided_noise_error,lambda_distance,people,4,9,1,0.06932786852121353,0.06911240593596243
guided_noise_error,lambda_distance,people,4,10,2,0.10741367936134338,0.0975382964270993
guided_noise_error,lambda_distance,people,4,11,3,0.14106614887714386,0.12587238288116884
guided_noise_error,lambda_distance,people,4,13,1,0.04779835417866707,0.06736189319667613
guided_noise_error,lambda_distance,people,4,14,2,0.0942898541688919,0.09650272645970895
guided_noise_error,lambda_distance,people,4,15,3,0.14518919587135315,0.1272943316531331
guided_noise_error,lambda_distance,people,4,17,1,0.07086266577243805,0.07776832896539057
guided_noise_error,lambda_distance,people,4,18,2,0.16006815433502197,0.12613231981950213
guided_noise_error,lambda_distance,people,4,19,3,0.2993864417076111,0.19841016170266623
guided_noise_error,lambda_distance,people,5,1,1,0.014067727141082287,0.08924606549667329
guided_noise_error,lambda_distance,people,5,2,2,0.03187454864382744,0.1359551832442174
guided_noise_error,lambda_distance,people,5,3,3,0.06420591473579407,0.1794164350408302
guided_noise_error,lambda_distance,people,5,4,4,0.09922537952661514,0.21988604480482002
guided_noise_error,lambda_distance,people,5,6,1,0.12487608194351196,0.0743978056706924
guided_noise_error,lambda_distance,people,5,7,2,0.17404206097126007,0.10764215426134835
guided_noise_error,lambda_distance,people,5,8,3,0.2039041817188263,0.1391199735641648
guided_noise_error,lambda_distance,people,5,9,4,0.2376582771539688,0.16917682470003045
guided_noise_error,lambda_distance,people,5,11,1,0.1373983919620514,0.06738964125416633
guided_noise_error,lambda_distance,people,5,12,2,0.188351571559906,0.09546556300917172
guided_noise_error,lambda_distance,people,5,13,3,0.22840562462806702,0.12377190140575105
guided_noise_error,lambda_distance,people,5,14,4,0.2728807032108307,0.15291273466878388
guided_noise_error,lambda_distance,people,5,16,1,0.0743662416934967,0.07273140534789907
guided_noise_error,lambda_distance,people,5,17,2,0.1549633890390396,0.11144417951319285
guided_noise_error,lambda_distance,people,5,18,3,0.25105929374694824,0.1598081703673044
guided_noise_error,lambda_distance,people,5,19,4,0.4067592918872833,0.23208601225046852
guided_noise_error,lambda_distance,people,5,1,1,0.02535836771130562,0.08924606549667329
guided_noise_error,lambda_distance,people,5,2,2,0.07960675656795502,0.1359551832442174
guided_noise_error,lambda_distance,people,5,3,3,0.07962069660425186,0.1794164350408302
guided_noise_error,lambda_distance,people,5,4,4,0.09241320937871933,0.21988604480482002
guided_noise_error,lambda_distance,people,5,6,1,0.09180571883916855,0.0743978056706924
guided_noise_error,lambda_distance,people,5,7,2,0.12027519941329956,0.10764215426134835
guided_noise_error,lambda_distance,people,5,8,3,0.14247721433639526,0.1391199735641648
guided_noise_error,lambda_distance,people,5,9,4,0.1669585108757019,0.16917682470003045
guided_noise_error,lambda_distance,people,5,11,1,0.06073324382305145,0.06738964125416633
guided_noise_error,lambda_distance,people,5,12,2,0.10054997354745865,0.09546556300917172
guided_noise_error,lambda_distance,people,5,13,3,0.13536930084228516,0.12377190140575105
guided_noise_error,lambda_distance,people,5,14,4,0.1753707230091095,0.15291273466878388
guided_noise_error,lambda_distance,people,5,16,1,0.06677556037902832,0.07273140534789907
guided_noise_error,lambda_distance,people,5,17,2,0.13383185863494873,0.11144417951319285
guided_noise_error,lambda_distance,people,5,18,3,0.22223825752735138,0.1598081703673044
guided_noise_error,lambda_distance,people,5,19,4,0.37448060512542725,0.23208601225046852
guided_noise_error,age+lambda_distance,people,2,1,1,0.014067727141082287,0.07744789370870708
guided_noise_error,age+lambda_distance,people,2,3,1,0.03896664083003998,0.0746580854337248
guided_noise_error,age+lambda_distance,people,2,5,1,0.11103086173534393,0.07229300781596297
guided_noise_error,age+lambda_distance,people,2,7,1,0.12920165061950684,0.07042237366629302
guided_noise_error,age+lambda_distance,people,2,9,1,0.15117913484573364,0.06910090470395204
guided_noise_error,age+lambda_distance,people,2,11,1,0.1373983919620514,0.06838668293947989
guided_noise_error,age+lambda_distance,people,2,13,1,0.08534043282270432,0.06837517918229775
guided_noise_error,age+lambda_distance,people,2,15,1,0.06985381245613098,0.0694055181807592
guided_noise_error,age+lambda_distance,people,2,17,1,0.08309429883956909,0.07268946713766052
guided_noise_error,age+lambda_distance,people,2,19,1,0.13723675906658173,0.08660483360842598
guided_noise_error,age+lambda_distance,people,2,1,1,0.02535836771130562,0.07744789370870708
guided_noise_error,age+lambda_distance,people,2,3,1,0.11690115928649902,0.0746580854337248
guided_noise_error,age+lambda_distance,people,2,5,1,0.08030355721712112,0.07229300781596297
guided_noise_error,age+lambda_distance,people,2,7,1,0.0886627659201622,0.07042237366629302
guided_noise_error,age+lambda_distance,people,2,9,1,0.06932786852121353,0.06910090470395204
guided_noise_error,age+lambda_distance,people,2,11,1,0.06073324382305145,0.06838668293947989
guided_noise_error,age+lambda_distance,people,2,13,1,0.04779835417866707,0.06837517918229775
guided_noise_error,age+lambda_distance,people,2,15,1,0.05551373213529587,0.0694055181807592
guided_noise_error,age+lambda_distance,people,2,17,1,0.07086266577243805,0.07268946713766052
guided_noise_error,age+lambda_distance,people,2,19,1,0.1319975107908249,0.08660483360842598
guided_noise_error,age+lambda_distance,people,3,1,1,0.014067727141082287,0.07744789370870708
guided_noise_error,age+lambda_distance,people,3,2,2,0.03187454864382744,0.12450761561362271
guided_noise_error,age+lambda_distance,people,3,4,1,0.08087144047021866,0.07341781398296499
guided_noise_error,age+lambda_distance,people,3,5,2,0.11876314133405685,0.11676596180733738
guided_noise_error,age+lambda_distance,people,3,7,1,0.12920165061950684,0.07042237366629302
guided_noise_error,age+lambda_distance,people,3,8,2,0.17421813309192657,0.11116752169739692
guided_noise_error,age+lambda_distance,people,3,10,1,0.145664244890213,0.06842474294966742
guided_noise_error,age+lambda_distance,people,3,11,2,0.19846954941749573,0.10786656589755673
guided_noise_error,age+lambda_distance,people,3,13,1,0.08534043282270432,0.06837517918229775
guided_noise_error,age+lambda_distance,people,3,14,2,0.14111991226673126,0.10815146227757022
guided_noise_error,age+lambda_distance,people,3,16,1,0.0743662416934967,0.07060126524241063
guided_noise_error,age+lambda_distance,people,3,17,2,0.1549633890390396,0.11434587238848057
guided_noise_error,age+lambda_distance,people,3,19,1,0.13723675906658173,0.08660483360842598
guided_noise_error,age+lambda_distance,people,3,1,1,0.02535836771130562,0.07744789370870708
guided_noise_error,age+lambda_distance,people,3,2,2,0.07960675656795502,0.12450761561362271
guided_noise_error,age+lambda_distance,people,3,4,1,0.07746539264917374,0.07341781398296499
guided_noise_error,age+lambda_distance,people,3,5,2,0.11600329726934433,0.11676596180733738
guided_noise_error,age+lambda_distance,people,3,7,1,0.0886627659201622,0.07042237366629302
guided_noise_error,age+lambda_distance,people,3,8,2,0.12731124460697174,0.11116752169739692
guided_noise_error,age+lambda_distance,people,3,10,1,0.06962089240550995,0.06842474294966742
guided_noise_error,age+lambda_distance,people,3,11,2,0.11281342804431915,0.10786656589755673
guided_noise_error,age+lambda_distance,people,3,13,1,0.04779835417866707,0.06837517918229775
guided_noise_error,age+lambda_distance,people,3,14,2,0.0942898541688919,0.10815146227757022
guided_noise_error,age+lambda_distance,people,3,16,1,0.06677556037902832,0.07060126524241063
guided_noise_error,age+lambda_distance,people,3,17,2,0.13383185863494873,0.11434587238848057
guided_noise_error,age+lambda_distance,people,3,19,1,0.1319975107908249,0.08660483360842598
guided_noise_error,age+lambda_distance,people,4,1,1,0.014067727141082287,0.07744789370870708
guided_noise_error,age+lambda_distance,people,4,2,2,0.03187454864382744,0.12450761561362271
guided_noise_error,age+lambda_distance,people,4,3,3,0.06420591473579407,0.17022084105575694
guided_noise_error,age+lambda_distance,people,4,5,1,0.11103086173534393,0.07229300781596297
guided_noise_error,age+lambda_distance,people,4,6,2,0.14527055621147156,0.1146402673613008
guided_noise_error,age+lambda_distance,people,4,7,3,0.18299606442451477,0.15611778103600324
guided_noise_error,age+lambda_distance,people,4,9,1,0.15117913484573364,0.06910090470395204
guided_noise_error,age+lambda_distance,people,4,10,2,0.19894303381443024,0.10858078766202887
guided_noise_error,age+lambda_distance,people,4,11,3,0.22689732909202576,0.14802261060991817
guided_noise_error,age+lambda_distance,people,4,13,1,0.08534043282270432,0.06837517918229775
guided_noise_error,age+lambda_distance,people,4,14,2,0.14111991226673126,0.10815146227757022
guided_noise_error,age+lambda_distance,people,4,15,3,0.19691692292690277,0.14861212046673886
guided_noise_error,age+lambda_distance,people,4,17,1,0.08309429883956909,0.07268946713766052
guided_noise_error,age+lambda_distance,people,4,18,2,0.18060250580310822,0.12043526439728904
guided_noise_error,age+lambda_distance,people,4,19,3,0.32386916875839233,0.17809523801412444
guided_noise_error,age+lambda_distance,people,4,1,1,0.02535836771130562,0.07744789370870708
guided_noise_error,age+lambda_distance,people,4,2,2,0.07960675656795502,0.12450761561362271
guided_noise_error,age+lambda_distance,people,4,3,3,0.07962069660425186,0.17022084105575694
guided_noise_error,age+lambda_distance,people,4,5,1,0.08030355721712112,0.07229300781596297
guided_noise_error,age+lambda_distance,people,4,6,2,0.11670561134815216,0.1146402673613008
guided_noise_error,age+lambda_distance,people,4,7,3,0.12624339759349823,0.15611778103600324
guided_noise_error,age+lambda_distance,people,4,9,1,0.06932786852121353,0.06910090470395204
guided_noise_error,age+lambda_distance,people,4,10,2,0.10741367936134338,0.10858078766202887
guided_noise_error,age+lambda_distance,people,4,11,3,0.14106614887714386,0.14802261060991817
guided_noise_error,age+lambda_distance,people,4,13,1,0.04779835417866707,0.06837517918229775
guided_noise_error,age+lambda_distance,people,4,14,2,0.0942898541688919,0.10815146227757022
guided_noise_error,age+lambda_distance,people,4,15,3,0.14518919587135315,0.14861212046673886
guided_noise_error,age+lambda_distance,people,4,17,1,0.07086266577243805,0.07268946713766052
guided_noise_error,age+lambda_distance,people,4,18,2,0.16006815433502197,0.12043526439728904
guided_noise_error,age+lambda_distance,people,4,19,3,0.2993864417076111,0.17809523801412444
guided_noise_error,age+lambda_distance,people,5,1,1,0.014067727141082287,0.07744789370870708
guided_noise_error,age+lambda_distance,people,5,2,2,0.03187454864382744,0.12450761561362271
guided_noise_error,age+lambda_distance,people,5,3,3,0.06420591473579407,0.17022084105575694
guided_noise_error,age+lambda_distance,people,5,4,4,0.09922537952661514,0.21469379504713135
guided_noise_error,age+lambda_distance,people,5,6,1,0.12487608194351196,0.07129211953692842
guided_noise_error,age+lambda_distance,people,5,7,2,0.17404206097126007,0.11276963321163085
guided_noise_error,age+lambda_distance,people,5,8,3,0.2039041817188263,0.15351478124273474
guided_noise_error,age+lambda_distance,people,5,9,4,0.2376582771539688,0.1936708259550962
guided_noise_error,age+lambda_distance,people,5,11,1,0.1373983919620514,0.06838668293947989
guided_noise_error,age+lambda_distance,people,5,12,2,0.188351571559906,0.10772147626873446
guided_noise_error,age+lambda_distance,people,5,13,3,0.22840562462806702,0.14715179545944163
guided_noise_error,age+lambda_distance,people,5,14,4,0.2728807032108307,0.1869280785547141
guided_noise_error,age+lambda_distance,people,5,16,1,0.0743662416934967,0.07060126524241063
guided_noise_error,age+lambda_distance,people,5,17,2,0.1549633890390396,0.11434587238848057
guided_noise_error,age+lambda_distance,people,5,18,3,0.25105929374694824,0.16209166964810906
guided_noise_error,age+lambda_distance,people,5,19,4,0.4067592918872833,0.21975164326494448
guided_noise_error,age+lambda_distance,people,5,1,1,0.02535836771130562,0.07744789370870708
guided_noise_error,age+lambda_distance,people,5,2,2,0.07960675656795502,0.12450761561362271
guided_noise_error,age+lambda_distance,people,5,3,3,0.07962069660425186,0.17022084105575694
guided_noise_error,age+lambda_distance,people,5,4,4,0.09241320937871933,0.21469379504713135
guided_noise_error,age+lambda_distance,people,5,6,1,0.09180571883916855,0.07129211953692842
guided_noise_error,age+lambda_distance,people,5,7,2,0.12027519941329956,0.11276963321163085
guided_noise_error,age+lambda_distance,people,5,8,3,0.14247721433639526,0.15351478124273474
guided_noise_error,age+lambda_distance,people,5,9,4,0.1669585108757019,0.1936708259550962
guided_noise_error,age+lambda_distance,people,5,11,1,0.06073324382305145,0.06838668293947989
guided_noise_error,age+lambda_distance,people,5,12,2,0.10054997354745865,0.10772147626873446
guided_noise_error,age+lambda_distance,people,5,13,3,0.13536930084228516,0.14715179545944163
guided_noise_error,age+lambda_distance,people,5,14,4,0.1753707230091095,0.1869280785547141
guided_noise_error,age+lambda_distance,people,5,16,1,0.06677556037902832,0.07060126524241063
guided_noise_error,age+lambda_distance,people,5,17,2,0.13383185863494873,0.11434587238848057
guided_noise_error,age+lambda_distance,people,5,18,3,0.22223825752735138,0.16209166964810906
guided_noise_error,age+lambda_distance,people,5,19,4,0.37448060512542725,0.21975164326494448
guided_noise_error,intercept,portrait,2,1,1,0.039779625833034515,0.11277784656449662
guided_noise_error,intercept,portrait,2,3,1,0.08039102703332901,0.11277784656449662
guided_noise_error,intercept,portrait,2,5,1,0.03254372254014015,0.11277784656449662
guided_noise_error,intercept,portrait,2,7,1,0.03224737569689751,0.11277784656449662
guided_noise_error,intercept,portrait,2,9,1,0.020515205338597298,0.11277784656449662
guided_noise_error,intercept,portrait,2,11,1,0.024366462603211403,0.11277784656449662
guided_noise_error,intercept,portrait,2,13,1,0.03848322853446007,0.11277784656449662
guided_noise_error,intercept,portrait,2,15,1,0.040610648691654205,0.11277784656449662
guided_noise_error,intercept,portrait,2,17,1,0.05651313066482544,0.11277784656449662
guided_noise_error,intercept,portrait,2,19,1,0.11293349415063858,0.11277784656449662
guided_noise_error,intercept,portrait,2,1,1,0.06081409752368927,0.11277784656449662
guided_noise_error,intercept,portrait,2,3,1,0.07526101917028427,0.11277784656449662
guided_noise_error,intercept,portrait,2,5,1,0.05747195705771446,0.11277784656449662
guided_noise_error,intercept,portrait,2,7,1,0.040592122822999954,0.11277784656449662
guided_noise_error,intercept,portrait,2,9,1,0.03433207795023918,0.11277784656449662
guided_noise_error,intercept,portrait,2,11,1,0.03837921470403671,0.11277784656449662
guided_noise_error,intercept,portrait,2,13,1,0.04718872532248497,0.11277784656449662
guided_noise_error,intercept,portrait,2,15,1,0.058269307017326355,0.11277784656449662
guided_noise_error,intercept,portrait,2,17,1,0.0683511272072792,0.11277784656449662
guided_noise_error,intercept,portrait,2,19,1,0.12007659673690796,0.11277784656449662
guided_noise_error,intercept,portrait,3,1,1,0.039779625833034515,0.11277784656449662
guided_noise_error,intercept,portrait,3,2,2,0.08110732585191727,0.11277784656449662
guided_noise_error,intercept,portrait,3,4,1,0.11350320279598236,0.11277784656449662
guided_noise_error,intercept,portrait,3,5,2,0.12145772576332092,0.11277784656449662
guided_noise_error,intercept,portrait,3,7,1,0.03224737569689751,0.11277784656449662
guided_noise_error,intercept,portrait,3,8,2,0.05017271637916565,0.11277784656449662
guided_noise_error,intercept,portrait,3,10,1,0.02091928943991661,0.11277784656449662
guided_noise_error,intercept,portrait,3,11,2,0.04524035006761551,0.11277784656449662
guided_noise_error,intercept,portrait,3,13,1,0.03848322853446007,0.11277784656449662
guided_noise_error,intercept,portrait,3,14,2,0.07282096892595291,0.11277784656449662
guided_noise_error,intercept,portrait,3,16,1,0.04658123478293419,0.11277784656449662
guided_noise_error,intercept,portrait,3,17,2,0.10243243724107742,0.11277784656449662
guided_noise_error,intercept,portrait,3,19,1,0.11293349415063858,0.11277784656449662
guided_noise_error,intercept,portrait,3,1,1,0.06081409752368927,0.11277784656449662
guided_noise_error,intercept,portrait,3,2,2,0.0878773108124733,0.11277784656449662
guided_noise_error,intercept,portrait,3,4,1,0.08272841572761536,0.11277784656449662
guided_noise_error,intercept,portrait,3,5,2,0.09509731829166412,0.11277784656449662
guided_noise_error,intercept,portrait,3,7,1,0.040592122822999954,0.11277784656449662
guided_noise_error,intercept,portrait,3,8,2,0.05925413593649864,0.11277784656449662
guided_noise_error,intercept,portrait,3,10,1,0.03232674300670624,0.11277784656449662
guided_noise_error,intercept,portrait,3,11,2,0.06674342602491379,0.11277784656449662
guided_noise_error,intercept,portrait,3,13,1,0.04718872532248497,0.11277784656449662
guided_noise_error,intercept,portrait,3,14,2,0.09067076444625854,0.11277784656449662
guided_noise_error,intercept,portrait,3,16,1,0.061809882521629333,0.11277784656449662
guided_noise_error,intercept,portrait,3,17,2,0.12248367071151733,0.11277784656449662
guided_noise_error,intercept,portrait,3,19,1,0.12007659673690796,0.11277784656449662
guided_noise_error,intercept,portrait,4,1,1,0.039779625833034515,0.11277784656449662
guided_noise_error,intercept,portrait,4,2,2,0.08110732585191727,0.11277784656449662
guided_noise_error,intercept,portrait,4,3,3,0.11146029084920883,0.11277784656449662
guided_noise_error,intercept,portrait,4,5,1,0.03254372254014015,0.11277784656449662
guided_noise_error,intercept,portrait,4,6,2,0.062367066740989685,0.11277784656449662
guided_noise_error,intercept,portrait,4,7,3,0.07631023973226547,0.11277784656449662
guided_noise_error,intercept,portrait,4,9,1,0.020515205338597298,0.11277784656449662
guided_noise_error,intercept,portrait,4,10,2,0.04148776829242706,0.11277784656449662
guided_noise_error,intercept,portrait,4,11,3,0.06576138734817505,0.11277784656449662
guided_noise_error,intercept,portrait,4,13,1,0.03848322853446007,0.11277784656449662
guided_noise_error,intercept,portrait,4,14,2,0.07282096892595291,0.11277784656449662
guided_noise_error,intercept,portrait,4,15,3,0.11002825200557709,0.11277784656449662
guided_noise_error,intercept,portrait,4,17,1,0.05651313066482544,0.11277784656449662
guided_noise_error,intercept,portrait,4,18,2,0.1298809051513672,0.11277784656449662
guided_noise_error,intercept,portrait,4,19,3,0.2528427243232727,0.11277784656449662
guided_noise_error,intercept,portrait,4,1,1,0.06081409752368927,0.11277784656449662
guided_noise_error,intercept,portrait,4,2,2,0.0878773108124733,0.11277784656449662
guided_noise_error,intercept,portrait,4,3,3,0.1085200160741806,0.11277784656449662
guided_noise_error,intercept,portrait,4,5,1,0.05747195705771446,0.11277784656449662
guided_noise_error,intercept,portrait,4,6,2,0.062494855374097824,0.11277784656449662
guided_noise_error,intercept,portrait,4,7,3,0.09015917778015137,0.11277784656449662
guided_noise_error,intercept,portrait,4,9,1,0.03433207795023918,0.11277784656449662
guided_noise_error,intercept,portrait,4,10,2,0.05982717126607895,0.11277784656449662
guided_noise_error,intercept,portrait,4,11,3,0.0900031104683876,0.11277784656449662
guided_noise_error,intercept,portrait,4,13,1,0.04718872532248497,0.11277784656449662
guided_noise_error,intercept,portrait,4,14,2,0.09067076444625854,0.11277784656449662
guided_noise_error,intercept,portrait,4,15,3,0.1362643837928772,0.11277784656449662
guided_noise_error,intercept,portrait,4,17,1,0.0683511272072792,0.11277784656449662
guided_noise_error,intercept,portrait,4,18,2,0.14284402132034302,0.11277784656449662
guided_noise_error,intercept,portrait,4,19,3,0.260789692401886,0.11277784656449662
guided_noise_error,intercept,portrait,5,1,1,0.039779625833034515,0.11277784656449662
guided_noise_error,intercept,portrait,5,2,2,0.08110732585191727,0.11277784656449662
guided_noise_error,intercept,portrait,5,3,3,0.11146029084920883,0.11277784656449662
guided_noise_error,intercept,portrait,5,4,4,0.09452133625745773,0.11277784656449662
guided_noise_error,intercept,portrait,5,6,1,0.03641432523727417,0.11277784656449662
guided_noise_error,intercept,portrait,5,7,2,0.05432563275098801,0.11277784656449662
guided_noise_error,intercept,portrait,5,8,3,0.06988975405693054,0.11277784656449662
guided_noise_error,intercept,portrait,5,9,4,0.0868920311331749,0.11277784656449662
guided_noise_error,intercept,portrait,5,11,1,0.024366462603211403,0.11277784656449662
guided_noise_error,intercept,portrait,5,12,2,0.05689717084169388,0.11277784656449662
guided_noise_error,intercept,portrait,5,13,3,0.0873706191778183,0.11277784656449662
guided_noise_error,intercept,portrait,5,14,4,0.1227540373802185,0.11277784656449662
guided_noise_error,intercept,portrait,5,16,1,0.04658123478293419,0.11277784656449662
guided_noise_error,intercept,portrait,5,17,2,0.10243243724107742,0.11277784656449662
guided_noise_error,intercept,portrait,5,18,3,0.17865170538425446,0.11277784656449662
guided_noise_error,intercept,portrait,5,19,4,0.3130981922149658,0.11277784656449662
guided_noise_error,intercept,portrait,5,1,1,0.06081409752368927,0.11277784656449662
guided_noise_error,intercept,portrait,5,2,2,0.0878773108124733,0.11277784656449662
guided_noise_error,intercept,portrait,5,3,3,0.1085200160741806,0.11277784656449662
guided_noise_error,intercept,portrait,5,4,4,0.08988285809755325,0.11277784656449662
guided_noise_error,intercept,portrait,5,6,1,0.04539749026298523,0.11277784656449662
guided_noise_error,intercept,portrait,5,7,2,0.06306948512792587,0.11277784656449662
guided_noise_error,intercept,portrait,5,8,3,0.0853855237364769,0.11277784656449662
guided_noise_error,intercept,portrait,5,9,4,0.10322680324316025,0.11277784656449662
guided_noise_error,intercept,portrait,5,11,1,0.03837921470403671,0.11277784656449662
guided_noise_error,intercept,portrait,5,12,2,0.07528825849294662,0.11277784656449662
guided_noise_error,intercept,portrait,5,13,3,0.11404504626989365,0.11277784656449662
guided_noise_error,intercept,portrait,5,14,4,0.15004697442054749,0.11277784656449662
guided_noise_error,intercept,portrait,5,16,1,0.061809882521629333,0.11277784656449662
guided_noise_error,intercept,portrait,5,17,2,0.12248367071151733,0.11277784656449662
guided_noise_error,intercept,portrait,5,18,3,0.19300344586372375,0.11277784656449662
guided_noise_error,intercept,portrait,5,19,4,0.3129132390022278,0.11277784656449662
guided_noise_error,age,portrait,2,1,1,0.039779625833034515,0.07550090261503786
guided_noise_error,age,portrait,2,3,1,0.08039102703332901,0.07550090261503786
guided_noise_error,age,portrait,2,5,1,0.03254372254014015,0.07550090261503786
guided_noise_error,age,portrait,2,7,1,0.03224737569689751,0.07550090261503786
guided_noise_error,age,portrait,2,9,1,0.020515205338597298,0.07550090261503786
guided_noise_error,age,portrait,2,11,1,0.024366462603211403,0.07550090261503786
guided_noise_error,age,portrait,2,13,1,0.03848322853446007,0.07550090261503786
guided_noise_error,age,portrait,2,15,1,0.040610648691654205,0.07550090261503786
guided_noise_error,age,portrait,2,17,1,0.05651313066482544,0.07550090261503786
guided_noise_error,age,portrait,2,19,1,0.11293349415063858,0.07550090261503786
guided_noise_error,age,portrait,2,1,1,0.06081409752368927,0.07550090261503786
guided_noise_error,age,portrait,2,3,1,0.07526101917028427,0.07550090261503786
guided_noise_error,age,portrait,2,5,1,0.05747195705771446,0.07550090261503786
guided_noise_error,age,portrait,2,7,1,0.040592122822999954,0.07550090261503786
guided_noise_error,age,portrait,2,9,1,0.03433207795023918,0.07550090261503786
guided_noise_error,age,portrait,2,11,1,0.03837921470403671,0.07550090261503786
guided_noise_error,age,portrait,2,13,1,0.04718872532248497,0.07550090261503786
guided_noise_error,age,portrait,2,15,1,0.058269307017326355,0.07550090261503786
guided_noise_error,age,portrait,2,17,1,0.0683511272072792,0.07550090261503786
guided_noise_error,age,portrait,2,19,1,0.12007659673690796,0.07550090261503786
guided_noise_error,age,portrait,3,1,1,0.039779625833034515,0.07550090261503786
guided_noise_error,age,portrait,3,2,2,0.08110732585191727,0.12023323535438833
guided_noise_error,age,portrait,3,4,1,0.11350320279598236,0.07550090261503786
guided_noise_error,age,portrait,3,5,2,0.12145772576332092,0.12023323535438833
guided_noise_error,age,portrait,3,7,1,0.03224737569689751,0.07550090261503786
guided_noise_error,age,portrait,3,8,2,0.05017271637916565,0.12023323535438833
guided_noise_error,age,portrait,3,10,1,0.02091928943991661,0.07550090261503786
guided_noise_error,age,portrait,3,11,2,0.04524035006761551,0.12023323535438833
guided_noise_error,age,portrait,3,13,1,0.03848322853446007,0.07550090261503786
guided_noise_error,age,portrait,3,14,2,0.07282096892595291,0.12023323535438833
guided_noise_error,age,portrait,3,16,1,0.04658123478293419,0.07550090261503786
guided_noise_error,age,portrait,3,17,2,0.10243243724107742,0.12023323535438833
guided_noise_error,age,portrait,3,19,1,0.11293349415063858,0.07550090261503786
guided_noise_error,age,portrait,3,1,1,0.06081409752368927,0.07550090261503786
guided_noise_error,age,portrait,3,2,2,0.0878773108124733,0.12023323535438833
guided_noise_error,age,portrait,3,4,1,0.08272841572761536,0.07550090261503786
guided_noise_error,age,portrait,3,5,2,0.09509731829166412,0.12023323535438833
guided_noise_error,age,portrait,3,7,1,0.040592122822999954,0.07550090261503786
guided_noise_error,age,portrait,3,8,2,0.05925413593649864,0.12023323535438833
guided_noise_error,age,portrait,3,10,1,0.03232674300670624,0.07550090261503786
guided_noise_error,age,portrait,3,11,2,0.06674342602491379,0.12023323535438833
guided_noise_error,age,portrait,3,13,1,0.04718872532248497,0.07550090261503786
guided_noise_error,age,portrait,3,14,2,0.09067076444625854,0.12023323535438833
guided_noise_error,age,portrait,3,16,1,0.061809882521629333,0.07550090261503786
guided_noise_error,age,portrait,3,17,2,0.12248367071151733,0.12023323535438833
guided_noise_error,age,portrait,3,19,1,0.12007659673690796,0.07550090261503786
guided_noise_error,age,portrait,4,1,1,0.039779625833034515,0.07550090261503786
guided_noise_error,age,portrait,4,2,2,0.08110732585191727,0.12023323535438833
guided_noise_error,age,portrait,4,3,3,0.11146029084920883,0.1649655680937388
guided_noise_error,age,portrait,4,5,1,0.03254372254014015,0.07550090261503786
guided_noise_error,age,portrait,4,6,2,0.062367066740989685,0.12023323535438833
guided_noise_error,age,portrait,4,7,3,0.07631023973226547,0.1649655680937388
guided_noise_error,age,portrait,4,9,1,0.020515205338597298,0.07550090261503786
guided_noise_error,age,portrait,4,10,2,0.04148776829242706,0.12023323535438833
guided_noise_error,age,portrait,4,11,3,0.06576138734817505,0.1649655680937388
guided_noise_error,age,portrait,4,13,1,0.03848322853446007,0.07550090261503786
guided_noise_error,age,portrait,4,14,2,0.07282096892595291,0.12023323535438833
guided_noise_error,age,portrait,4,15,3,0.11002825200557709,0.1649655680937388
guided_noise_error,age,portrait,4,17,1,0.05651313066482544,0.07550090261503786
guided_noise_error,age,portrait,4,18,2,0.1298809051513672,0.12023323535438833
guided_noise_error,age,portrait,4,19,3,0.2528427243232727,0.1649655680937388
guided_noise_error,age,portrait,4,1,1,0.06081409752368927,0.07550090261503786
guided_noise_error,age,portrait,4,2,2,0.0878773108124733,0.12023323535438833
guided_noise_error,age,portrait,4,3,3,0.1085200160741806,0.1649655680937388
guided_noise_error,age,portrait,4,5,1,0.05747195705771446,0.07550090261503786
guided_noise_error,age,portrait,4,6,2,0.062494855374097824,0.12023323535438833
guided_noise_error,age,portrait,4,7,3,0.09015917778015137,0.1649655680937388
guided_noise_error,age,portrait,4,9,1,0.03433207795023918,0.07550090261503786
guided_noise_error,age,portrait,4,10,2,0.05982717126607895,0.12023323535438833
guided_noise_error,age,portrait,4,11,3,0.0900031104683876,0.1649655680937388
guided_noise_error,age,portrait,4,13,1,0.04718872532248497,0.07550090261503786
guided_noise_error,age,portrait,4,14,2,0.09067076444625854,0.12023323535438833
guided_noise_error,age,portrait,4,15,3,0.1362643837928772,0.1649655680937388
guided_noise_error,age,portrait,4,17,1,0.0683511272072792,0.07550090261503786
guided_noise_error,age,portrait,4,18,2,0.14284402132034302,0.12023323535438833
guided_noise_error,age,portrait,4,19,3,0.260789692401886,0.1649655680937388
guided_noise_error,age,portrait,5,1,1,0.039779625833034515,0.07550090261503786
guided_noise_error,age,portrait,5,2,2,0.08110732585191727,0.12023323535438833
guided_noise_error,age,portrait,5,3,3,0.11146029084920883,0.1649655680937388
guided_noise_error,age,portrait,5,4,4,0.09452133625745773,0.2096979008330893
guided_noise_error,age,portrait,5,6,1,0.03641432523727417,0.07550090261503786
guided_noise_error,age,portrait,5,7,2,0.05432563275098801,0.12023323535438833
guided_noise_error,age,portrait,5,8,3,0.06988975405693054,0.1649655680937388
guided_noise_error,age,portrait,5,9,4,0.0868920311331749,0.2096979008330893
guided_noise_error,age,portrait,5,11,1,0.024366462603211403,0.07550090261503786
guided_noise_error,age,portrait,5,12,2,0.05689717084169388,0.12023323535438833
guided_noise_error,age,portrait,5,13,3,0.0873706191778183,0.1649655680937388
guided_noise_error,age,portrait,5,14,4,0.1227540373802185,0.2096979008330893
guided_noise_error,age,portrait,5,16,1,0.04658123478293419,0.07550090261503786
guided_noise_error,age,portrait,5,17,2,0.10243243724107742,0.12023323535438833
guided_noise_error,age,portrait,5,18,3,0.17865170538425446,0.1649655680937388
guided_noise_error,age,portrait,5,19,4,0.3130981922149658,0.2096979008330893
guided_noise_error,age,portrait,5,1,1,0.06081409752368927,0.07550090261503786
guided_noise_error,age,portrait,5,2,2,0.0878773108124733,0.12023323535438833
guided_noise_error,age,portrait,5,3,3,0.1085200160741806,0.1649655680937388
guided_noise_error,age,portrait,5,4,4,0.08988285809755325,0.2096979008330893
guided_noise_error,age,portrait,5,6,1,0.04539749026298523,0.07550090261503786
guided_noise_error,age,portrait,5,7,2,0.06306948512792587,0.12023323535438833
guided_noise_error,age,portrait,5,8,3,0.0853855237364769,0.1649655680937388
guided_noise_error,age,portrait,5,9,4,0.10322680324316025,0.2096979008330893
guided_noise_error,age,portrait,5,11,1,0.03837921470403671,0.07550090261503786
guided_noise_error,age,portrait,5,12,2,0.07528825849294662,0.12023323535438833
guided_noise_error,age,portrait,5,13,3,0.11404504626989365,0.1649655680937388
guided_noise_error,age,portrait,5,14,4,0.15004697442054749,0.2096979008330893
guided_noise_error,age,portrait,5,16,1,0.061809882521629333,0.07550090261503786
guided_noise_error,age,portrait,5,17,2,0.12248367071151733,0.12023323535438833
guided_noise_error,age,portrait,5,18,3,0.19300344586372375,0.1649655680937388
guided_noise_error,age,portrait,5,19,4,0.3129132390022278,0.2096979008330893
guided_noise_error,lambda_distance,portrait,2,1,1,0.039779625833034515,0.09357259957030216
guided_noise_error,lambda_distance,portrait,2,3,1,0.08039102703332901,0.08686596552250778
guided_noise_error,lambda_distance,portrait,2,5,1,0.03254372254014015,0.08118037407194159
guided_noise_error,lambda_distance,portrait,2,7,1,0.03224737569689751,0.07668341319056235
guided_noise_error,lambda_distance,portrait,2,9,1,0.020515205338597298,0.07350663261556176
guided_noise_error,lambda_distance,portrait,2,11,1,0.024366462603211403,0.07178966014607722
guided_noise_error,lambda_distance,portrait,2,13,1,0.03848322853446007,0.07176200538202512
guided_noise_error,lambda_distance,portrait,2,15,1,0.040610648691654205,0.07423891631164656
guided_noise_error,lambda_distance,portrait,2,17,1,0.05651313066482544,0.08213345303772793
guided_noise_error,lambda_distance,portrait,2,19,1,0.11293349415063858,0.11558566959227419
guided_noise_error,lambda_distance,portrait,2,1,1,0.06081409752368927,0.09357259957030216
guided_noise_error,lambda_distance,portrait,2,3,1,0.07526101917028427,0.08686596552250778
guided_noise_error,lambda_distance,portrait,2,5,1,0.05747195705771446,0.08118037407194159
guided_noise_error,lambda_distance,portrait,2,7,1,0.040592122822999954,0.07668341319056235
guided_noise_error,lambda_distance,portrait,2,9,1,0.03433207795023918,0.07350663261556176
guided_noise_error,lambda_distance,portrait,2,11,1,0.03837921470403671,0.07178966014607722
guided_noise_error,lambda_distance,portrait,2,13,1,0.04718872532248497,0.07176200538202512
guided_noise_error,lambda_distance,portrait,2,15,1,0.058269307017326355,0.07423891631164656
guided_noise_error,lambda_distance,portrait,2,17,1,0.0683511272072792,0.08213345303772793
guided_noise_error,lambda_distance,portrait,2,19,1,0.12007659673690796,0.11558566959227419
guided_noise_error,lambda_distance,portrait,3,1,1,0.039779625833034515,0.09357259957030216
guided_noise_error,lambda_distance,portrait,3,2,2,0.08110732585191727,0.14012467374147225
guided_noise_error,lambda_distance,portrait,3,4,1,0.11350320279598236,0.08388438187220262
guided_noise_error,lambda_distance,portrait,3,5,2,0.12145772576332092,0.12151391849027128
guided_noise_error,lambda_distance,portrait,3,7,1,0.03224737569689751,0.07668341319056235
guided_noise_error,lambda_distance,portrait,3,8,2,0.05017271637916565,0.10805539899537765
guided_noise_error,lambda_distance,portrait,3,10,1,0.02091928943991661,0.07188115552318687
guided_noise_error,lambda_distance,portrait,3,11,2,0.04524035006761551,0.10011997821539116
guided_noise_error,lambda_distance,portrait,3,13,1,0.03848322853446007,0.07176200538202512
guided_noise_error,lambda_distance,portrait,3,14,2,0.07282096892595291,0.10080486247049432
guided_noise_error,lambda_distance,portrait,3,16,1,0.04658123478293419,0.07711346436863534
guided_noise_error,lambda_distance,portrait,3,17,2,0.10243243724107742,0.11569607995249033
guided_noise_error,lambda_distance,portrait,3,19,1,0.11293349415063858,0.11558566959227419
guided_noise_error,lambda_distance,portrait,3,1,1,0.06081409752368927,0.09357259957030216
guided_noise_error,lambda_distance,portrait,3,2,2,0.0878773108124733,0.14012467374147225
guided_noise_error,lambda_distance,portrait,3,4,1,0.08272841572761536,0.08388438187220262
guided_noise_error,lambda_distance,portrait,3,5,2,0.09509731829166412,0.12151391849027128
guided_noise_error,lambda_distance,portrait,3,7,1,0.040592122822999954,0.07668341319056235
guided_noise_error,lambda_distance,portrait,3,8,2,0.05925413593649864,0.10805539899537765
guided_noise_error,lambda_distance,portrait,3,10,1,0.03232674300670624,0.07188115552318687
guided_noise_error,lambda_distance,portrait,3,11,2,0.06674342602491379,0.10011997821539116
guided_noise_error,lambda_distance,portrait,3,13,1,0.04718872532248497,0.07176200538202512
guided_noise_error,lambda_distance,portrait,3,14,2,0.09067076444625854,0.10080486247049432
guided_noise_error,lambda_distance,portrait,3,16,1,0.061809882521629333,0.07711346436863534
guided_noise_error,lambda_distance,portrait,3,17,2,0.12248367071151733,0.11569607995249033
guided_noise_error,lambda_distance,portrait,3,19,1,0.12007659673690796,0.11558566959227419
guided_noise_error,lambda_distance,portrait,4,1,1,0.039779625833034515,0.09357259957030216
guided_noise_error,lambda_distance,portrait,4,2,2,0.08110732585191727,0.14012467374147225
guided_noise_error,lambda_distance,portrait,4,3,3,0.11146029084920883,0.1834398018101071
guided_noise_error,lambda_distance,portrait,4,5,1,0.03254372254014015,0.08118037407194159
guided_noise_error,lambda_distance,portrait,4,6,2,0.062367066740989685,0.11640379860323821
guided_noise_error,lambda_distance,portrait,4,7,3,0.07631023973226547,0.1495363743399276
guided_noise_error,lambda_distance,portrait,4,9,1,0.020515205338597298,0.07350663261556176
guided_noise_error,lambda_distance,portrait,4,10,2,0.04148776829242706,0.1018369506848757
guided_noise_error,lambda_distance,portrait,4,11,3,0.06576138734817505,0.13007577337707998
guided_noise_error,lambda_distance,portrait,4,13,1,0.03848322853446007,0.07176200538202512
guided_noise_error,lambda_distance,portrait,4,14,2,0.07282096892595291,0.10080486247049432
guided_noise_error,lambda_distance,portrait,4,15,3,0.11002825200557709,0.13149294132826794
guided_noise_error,lambda_distance,portrait,4,17,1,0.05651313066482544,0.08213345303772793
guided_noise_error,lambda_distance,portrait,4,18,2,0.1298809051513672,0.13033483636556373
guided_noise_error,lambda_distance,portrait,4,19,3,0.2528427243232727,0.20236966850396498
guided_noise_error,lambda_distance,portrait,4,1,1,0.06081409752368927,0.09357259957030216
guided_noise_error,lambda_distance,portrait,4,2,2,0.0878773108124733,0.14012467374147225
guided_noise_error,lambda_distance,portrait,4,3,3,0.1085200160741806,0.1834398018101071
guided_noise_error,lambda_distance,portrait,4,5,1,0.05747195705771446,0.08118037407194159
guided_noise_error,lambda_distance,portrait,4,6,2,0.062494855374097824,0.11640379860323821
guided_noise_error,lambda_distance,portrait,4,7,3,0.09015917778015137,0.1495363743399276
guided_noise_error,lambda_distance,portrait,4,9,1,0.03433207795023918,0.07350663261556176
guided_noise_error,lambda_distance,portrait,4,10,2,0.05982717126607895,0.1018369506848757
guided_noise_error,lambda_distance,portrait,4,11,3,0.0900031104683876,0.13007577337707998
guided_noise_error,lambda_distance,portrait,4,13,1,0.04718872532248497,0.07176200538202512
guided_noise_error,lambda_distance,portrait,4,14,2,0.09067076444625854,0.10080486247049432
guided_noise_error,lambda_distance,portrait,4,15,3,0.1362643837928772,0.13149294132826794
guided_noise_error,lambda_distance,portrait,4,17,1,0.0683511272072792,0.08213345303772793
guided_noise_error,lambda_distance,portrait,4,18,2,0.14284402132034302,0.13033483636556373
guided_noise_error,lambda_distance,portrait,4,19,3,0.260789692401886,0.20236966850396498
guided_noise_error,lambda_distance,portrait,5,1,1,0.039779625833034515,0.09357259957030216
guided_noise_error,lambda_distance,portrait,5,2,2,0.08110732585191727,0.14012467374147225
guided_noise_error,lambda_distance,portrait,5,3,3,0.11146029084920883,0.1834398018101071
guided_noise_error,lambda_distance,portrait,5,4,4,0.09452133625745773,0.2237733462284368
guided_noise_error,lambda_distance,portrait,5,6,1,0.03641432523727417,0.07877426198516956
guided_noise_error,lambda_distance,portrait,5,7,2,0.05432563275098801,0.11190683772185896
guided_noise_error,lambda_distance,portrait,5,8,3,0.06988975405693054,0.14327882352667426
guided_noise_error,lambda_distance,portrait,5,9,4,0.0868920311331749,0.1732346186883631
guided_noise_error,lambda_distance,portrait,5,11,1,0.024366462603211403,0.07178966014607722
guided_noise_error,lambda_distance,portrait,5,12,2,0.05689717084169388,0.09977118613051306
guided_noise_error,lambda_distance,portrait,5,13,3,0.0873706191778183,0.12798235405866523
guided_noise_error,lambda_distance,portrait,5,14,4,0.1227540373802185,0.15702521114713444
guided_noise_error,lambda_distance,portrait,5,16,1,0.04658123478293419,0.07711346436863534
guided_noise_error,lambda_distance,portrait,5,17,2,0.10243243724107742,0.11569607995249033
guided_noise_error,lambda_distance,portrait,5,18,3,0.17865170538425446,0.16389746328032612
guided_noise_error,lambda_distance,portrait,5,19,4,0.3130981922149658,0.2359322954187274
guided_noise_error,lambda_distance,portrait,5,1,1,0.06081409752368927,0.09357259957030216
guided_noise_error,lambda_distance,portrait,5,2,2,0.0878773108124733,0.14012467374147225
guided_noise_error,lambda_distance,portrait,5,3,3,0.1085200160741806,0.1834398018101071
guided_noise_error,lambda_distance,portrait,5,4,4,0.08988285809755325,0.2237733462284368
guided_noise_error,lambda_distance,portrait,5,6,1,0.04539749026298523,0.07877426198516956
guided_noise_error,lambda_distance,portrait,5,7,2,0.06306948512792587,0.11190683772185896
guided_noise_error,lambda_distance,portrait,5,8,3,0.0853855237364769,0.14327882352667426
guided_noise_error,lambda_distance,portrait,5,9,4,0.10322680324316025,0.1732346186883631
guided_noise_error,lambda_distance,portrait,5,11,1,0.03837921470403671,0.07178966014607722
guided_noise_error,lambda_distance,portrait,5,12,2,0.07528825849294662,0.09977118613051306
guided_noise_error,lambda_distance,portrait,5,13,3,0.11404504626989365,0.12798235405866523
guided_noise_error,lambda_distance,portrait,5,14,4,0.15004697442054749,0.15702521114713444
guided_noise_error,lambda_distance,portrait,5,16,1,0.061809882521629333,0.07711346436863534
guided_noise_error,lambda_distance,portrait,5,17,2,0.12248367071151733,0.11569607995249033
guided_noise_error,lambda_distance,portrait,5,18,3,0.19300344586372375,0.16389746328032612
guided_noise_error,lambda_distance,portrait,5,19,4,0.3129132390022278,0.2359322954187274
guided_noise_error,age+lambda_distance,portrait,2,1,1,0.039779625833034515,0.07865818056784928
guided_noise_error,age+lambda_distance,portrait,2,3,1,0.08039102703332901,0.07693152293643288
guided_noise_error,age+lambda_distance,portrait,2,5,1,0.03254372254014015,0.07546773800389069
guided_noise_error,age+lambda_distance,portrait,2,7,1,0.03224737569689751,0.07430997216059586
guided_noise_error,age+lambda_distance,portrait,2,9,1,0.020515205338597298,0.07349209356694215
guided_noise_error,age+lambda_distance,portrait,2,11,1,0.024366462603211403,0.07305005012216195
guided_noise_error,age+lambda_distance,portrait,2,13,1,0.03848322853446007,0.07304293026008876
guided_noise_error,age+lambda_distance,portrait,2,15,1,0.040610648691654205,0.07368062379286412
guided_noise_error,age+lambda_distance,portrait,2,17,1,0.05651313066482544,0.07571311311425005
guided_noise_error,age+lambda_distance,portrait,2,19,1,0.11293349415063858,0.0843255593264743
guided_noise_error,age+lambda_distance,portrait,2,1,1,0.06081409752368927,0.07865818056784928
guided_noise_error,age+lambda_distance,portrait,2,3,1,0.07526101917028427,0.07693152293643288
guided_noise_error,age+lambda_distance,portrait,2,5,1,0.05747195705771446,0.07546773800389069
guided_noise_error,age+lambda_distance,portrait,2,7,1,0.040592122822999954,0.07430997216059586
guided_noise_error,age+lambda_distance,portrait,2,9,1,0.03433207795023918,0.07349209356694215
guided_noise_error,age+lambda_distance,portrait,2,11,1,0.03837921470403671,0.07305005012216195
guided_noise_error,age+lambda_distance,portrait,2,13,1,0.04718872532248497,0.07304293026008876
guided_noise_error,age+lambda_distance,portrait,2,15,1,0.058269307017326355,0.07368062379286412
guided_noise_error,age+lambda_distance,portrait,2,17,1,0.0683511272072792,0.07571311311425005
guided_noise_error,age+lambda_distance,portrait,2,19,1,0.12007659673690796,0.0843255593264743
guided_noise_error,age+lambda_distance,portrait,3,1,1,0.039779625833034515,0.07865818056784928
guided_noise_error,age+lambda_distance,portrait,3,2,2,0.08110732585191727,0.1256534638565857
guided_noise_error,age+lambda_distance,portrait,3,4,1,0.11350320279598236,0.07616389880086538
guided_noise_error,age+lambda_distance,portrait,3,5,2,0.12145772576332092,0.12086202863708437
guided_noise_error,age+lambda_distance,portrait,3,7,1,0.03224737569689751,0.07430997216059586
guided_noise_error,age+lambda_distance,portrait,3,8,2,0.05017271637916565,0.11739706316739892
guided_noise_error,age+lambda_distance,portrait,3,10,1,0.02091928943991661,0.07307360608033707
guided_noise_error,age+lambda_distance,portrait,3,11,2,0.04524035006761551,0.11535404803482731
guided_noise_error,age+lambda_distance,portrait,3,13,1,0.03848322853446007,0.07304293026008876
guided_noise_error,age+lambda_distance,portrait,3,14,2,0.07282096892595291,0.11553037502945433
guided_noise_error,age+lambda_distance,portrait,3,16,1,0.04658123478293419,0.074420691061199
guided_noise_error,age+lambda_distance,portrait,3,17,2,0.10243243724107742,0.11936419600777735
guided_noise_error,age+lambda_distance,portrait,3,19,1,0.11293349415063858,0.0843255593264743
guided_noise_error,age+lambda_distance,portrait,3,1,1,0.06081409752368927,0.07865818056784928
guided_noise_error,age+lambda_distance,portrait,3,2,2,0.0878773108124733,0.1256534638565857
guided_noise_error,age+lambda_distance,portrait,3,4,1,0.08272841572761536,0.07616389880086538
guided_noise_error,age+lambda_distance,portrait,3,5,2,0.09509731829166412,0.12086202863708437
guided_noise_error,age+lambda_distance,portrait,3,7,1,0.040592122822999954,0.07430997216059586
guided_noise_error,age+lambda_distance,portrait,3,8,2,0.05925413593649864,0.11739706316739892
guided_noise_error,age+lambda_distance,portrait,3,10,1,0.03232674300670624,0.07307360608033707
guided_noise_error,age+lambda_distance,portrait,3,11,2,0.06674342602491379,0.11535404803482731
guided_noise_error,age+lambda_distance,portrait,3,13,1,0.04718872532248497,0.07304293026008876
guided_noise_error,age+lambda_distance,portrait,3,14,2,0.09067076444625854,0.11553037502945433
guided_noise_error,age+lambda_distance,portrait,3,16,1,0.061809882521629333,0.074420691061199
guided_noise_error,age+lambda_distance,portrait,3,17,2,0.12248367071151733,0.11936419600777735
guided_noise_error,age+lambda_distance,portrait,3,19,1,0.12007659673690796,0.0843255593264743
guided_noise_error,age+lambda_distance,portrait,4,1,1,0.039779625833034515,0.07865818056784928
guided_noise_error,age+lambda_distance,portrait,4,2,2,0.08110732585191727,0.1256534638565857
guided_noise_error,age+lambda_distance,portrait,4,3,3,0.11146029084920883,0.17181537862534688
guided_noise_error,age+lambda_distance,portrait,4,5,1,0.03254372254014015,0.07546773800389069
guided_noise_error,age+lambda_distance,portrait,4,6,2,0.062367066740989685,0.11954640183569358
guided_noise_error,age+lambda_distance,portrait,4,7,3,0.07631023973226547,0.16308676582861772
guided_noise_error,age+lambda_distance,portrait,4,9,1,0.020515205338597298,0.07349209356694215
guided_noise_error,age+lambda_distance,portrait,4,10,2,0.04148776829242706,0.11579609147960752
guided_noise_error,age+lambda_distance,portrait,4,11,3,0.06576138734817505,0.15807653343409778
guided_noise_error,age+lambda_distance,portrait,4,13,1,0.03848322853446007,0.07304293026008876
guided_noise_error,age+lambda_distance,portrait,4,14,2,0.07282096892595291,0.11553037502945433
guided_noise_error,age+lambda_distance,portrait,4,15,3,0.11002825200557709,0.15844139065464674
guided_noise_error,age+lambda_distance,portrait,4,17,1,0.05651313066482544,0.07571311311425005
guided_noise_error,age+lambda_distance,portrait,4,18,2,0.1298809051513672,0.12313301957783503
guided_noise_error,age+lambda_distance,portrait,4,19,3,0.2528427243232727,0.1766889707366376
guided_noise_error,age+lambda_distance,portrait,4,1,1,0.06081409752368927,0.07865818056784928
guided_noise_error,age+lambda_distance,portrait,4,2,2,0.0878773108124733,0.1256534638565857
guided_noise_error,age+lambda_distance,portrait,4,3,3,0.1085200160741806,0.17181537862534688
guided_noise_error,age+lambda_distance,portrait,4,5,1,0.05747195705771446,0.07546773800389069
guided_noise_error,age+lambda_distance,portrait,4,6,2,0.062494855374097824,0.11954640183569358
guided_noise_error,age+lambda_distance,portrait,4,7,3,0.09015917778015137,0.16308676582861772
guided_noise_error,age+lambda_distance,portrait,4,9,1,0.03433207795023918,0.07349209356694215
guided_noise_error,age+lambda_distance,portrait,4,10,2,0.05982717126607895,0.11579609147960752
guided_noise_error,age+lambda_distance,portrait,4,11,3,0.0900031104683876,0.15807653343409778
guided_noise_error,age+lambda_distance,portrait,4,13,1,0.04718872532248497,0.07304293026008876
guided_noise_error,age+lambda_distance,portrait,4,14,2,0.09067076444625854,0.11553037502945433
guided_noise_error,age+lambda_distance,portrait,4,15,3,0.1362643837928772,0.15844139065464674
guided_noise_error,age+lambda_distance,portrait,4,17,1,0.0683511272072792,0.07571311311425005
guided_noise_error,age+lambda_distance,portrait,4,18,2,0.14284402132034302,0.12313301957783503
guided_noise_error,age+lambda_distance,portrait,4,19,3,0.260789692401886,0.1766889707366376
guided_noise_error,age+lambda_distance,portrait,5,1,1,0.039779625833034515,0.07865818056784928
guided_noise_error,age+lambda_distance,portrait,5,2,2,0.08110732585191727,0.1256534638565857
guided_noise_error,age+lambda_distance,portrait,5,3,3,0.11146029084920883,0.17181537862534688
guided_noise_error,age+lambda_distance,portrait,5,4,4,0.09452133625745773,0.21720966925854057
guided_noise_error,age+lambda_distance,portrait,5,6,1,0.03641432523727417,0.0748482719994746
guided_noise_error,age+lambda_distance,portrait,5,7,2,0.05432563275098801,0.11838863599239875
guided_noise_error,age+lambda_distance,portrait,5,8,3,0.06988975405693054,0.1614757269992018
guided_noise_error,age+lambda_distance,portrait,5,9,4,0.0868920311331749,0.20419821239847227
guided_noise_error,age+lambda_distance,portrait,5,11,1,0.024366462603211403,0.07305005012216195
guided_noise_error,age+lambda_distance,portrait,5,12,2,0.05689717084169388,0.1152642497081495
guided_noise_error,age+lambda_distance,portrait,5,13,3,0.0873706191778183,0.15753757180056654
guided_noise_error,age+lambda_distance,portrait,5,14,4,0.1227540373802185,0.20002501656993213
guided_noise_error,age+lambda_distance,portrait,5,16,1,0.04658123478293419,0.074420691061199
guided_noise_error,age+lambda_distance,portrait,5,17,2,0.10243243724107742,0.11936419600777735
guided_noise_error,age+lambda_distance,portrait,5,18,3,0.17865170538425446,0.16678410247136233
guided_noise_error,age+lambda_distance,portrait,5,19,4,0.3130981922149658,0.22034005363016493
guided_noise_error,age+lambda_distance,portrait,5,1,1,0.06081409752368927,0.07865818056784928
guided_noise_error,age+lambda_distance,portrait,5,2,2,0.0878773108124733,0.1256534638565857
guided_noise_error,age+lambda_distance,portrait,5,3,3,0.1085200160741806,0.17181537862534688
guided_noise_error,age+lambda_distance,portrait,5,4,4,0.08988285809755325,0.21720966925854057
guided_noise_error,age+lambda_distance,portrait,5,6,1,0.04539749026298523,0.0748482719994746
guided_noise_error,age+lambda_distance,portrait,5,7,2,0.06306948512792587,0.11838863599239875
guided_noise_error,age+lambda_distance,portrait,5,8,3,0.0853855237364769,0.1614757269992018
guided_noise_error,age+lambda_distance,portrait,5,9,4,0.10322680324316025,0.20419821239847227
guided_noise_error,age+lambda_distance,portrait,5,11,1,0.03837921470403671,0.07305005012216195
guided_noise_error,age+lambda_distance,portrait,5,12,2,0.07528825849294662,0.1152642497081495
guided_noise_error,age+lambda_distance,portrait,5,13,3,0.11404504626989365,0.15753757180056654
guided_noise_error,age+lambda_distance,portrait,5,14,4,0.15004697442054749,0.20002501656993213
guided_noise_error,age+lambda_distance,portrait,5,16,1,0.061809882521629333,0.074420691061199
guided_noise_error,age+lambda_distance,portrait,5,17,2,0.12248367071151733,0.11936419600777735
guided_noise_error,age+lambda_distance,portrait,5,18,3,0.19300344586372375,0.16678410247136233
guided_noise_error,age+lambda_distance,portrait,5,19,4,0.3129132390022278,0.22034005363016493
guided_noise_error,intercept,text,2,1,1,0.021395137533545494,0.11085914448478523
guided_noise_error,intercept,text,2,3,1,0.05570431426167488,0.11085914448478523
guided_noise_error,intercept,text,2,5,1,0.11360199749469757,0.11085914448478523
guided_noise_error,intercept,text,2,7,1,0.10458022356033325,0.11085914448478523
guided_noise_error,intercept,text,2,9,1,0.06308981031179428,0.11085914448478523
guided_noise_error,intercept,text,2,11,1,0.05436871573328972,0.11085914448478523
guided_noise_error,intercept,text,2,13,1,0.05178188532590866,0.11085914448478523
guided_noise_error,intercept,text,2,15,1,0.06084412708878517,0.11085914448478523
guided_noise_error,intercept,text,2,17,1,0.07340595871210098,0.11085914448478523
guided_noise_error,intercept,text,2,19,1,0.12569399178028107,0.11085914448478523
guided_noise_error,intercept,text,2,1,1,0.03528694435954094,0.11085914448478523
guided_noise_error,intercept,text,2,3,1,0.05192361772060394,0.11085914448478523
guided_noise_error,intercept,text,2,5,1,0.04465160146355629,0.11085914448478523
guided_noise_error,intercept,text,2,7,1,0.03842083737254143,0.11085914448478523
guided_noise_error,intercept,text,2,9,1,0.04603208601474762,0.11085914448478523
guided_noise_error,intercept,text,2,11,1,0.04798419773578644,0.11085914448478523
guided_noise_error,intercept,text,2,13,1,0.054241571575403214,0.11085914448478523
guided_noise_error,intercept,text,2,15,1,0.07059817761182785,0.11085914448478523
guided_noise_error,intercept,text,2,17,1,0.09064881503582001,0.11085914448478523
guided_noise_error,intercept,text,2,19,1,0.1330052763223648,0.11085914448478523
guided_noise_error,intercept,text,3,1,1,0.021395137533545494,0.11085914448478523
guided_noise_error,intercept,text,3,2,2,0.03747892379760742,0.11085914448478523
guided_noise_error,intercept,text,3,4,1,0.13010983169078827,0.11085914448478523
guided_noise_error,intercept,text,3,5,2,0.09816771745681763,0.11085914448478523
guided_noise_error,intercept,text,3,7,1,0.10458022356033325,0.11085914448478523
guided_noise_error,intercept,text,3,8,2,0.1274399310350418,0.11085914448478523
guided_noise_error,intercept,text,3,10,1,0.05309237167239189,0.11085914448478523
guided_noise_error,intercept,text,3,11,2,0.09162579476833344,0.11085914448478523
guided_noise_error,intercept,text,3,13,1,0.05178188532590866,0.11085914448478523
guided_noise_error,intercept,text,3,14,2,0.10110124200582504,0.11085914448478523
guided_noise_error,intercept,text,3,16,1,0.06667973101139069,0.11085914448478523
guided_noise_error,intercept,text,3,17,2,0.1371316760778427,0.11085914448478523
guided_noise_error,intercept,text,3,19,1,0.12569399178028107,0.11085914448478523
guided_noise_error,intercept,text,3,1,1,0.03528694435954094,0.11085914448478523
guided_noise_error,intercept,text,3,2,2,0.047099653631448746,0.11085914448478523
guided_noise_error,intercept,text,3,4,1,0.04808293282985687,0.11085914448478523
guided_noise_error,intercept,text,3,5,2,0.06408470124006271,0.11085914448478523
guided_noise_error,intercept,text,3,7,1,0.03842083737254143,0.11085914448478523
guided_noise_error,intercept,text,3,8,2,0.06291805952787399,0.11085914448478523
guided_noise_error,intercept,text,3,10,1,0.0523553229868412,0.11085914448478523
guided_noise_error,intercept,text,3,11,2,0.08687957376241684,0.11085914448478523
guided_noise_error,intercept,text,3,13,1,0.054241571575403214,0.11085914448478523
guided_noise_error,intercept,text,3,14,2,0.11034070700407028,0.11085914448478523
guided_noise_error,intercept,text,3,16,1,0.08156372606754303,0.11085914448478523
guided_noise_error,intercept,text,3,17,2,0.1566951721906662,0.11085914448478523
guided_noise_error,intercept,text,3,19,1,0.1330052763223648,0.11085914448478523
guided_noise_error,intercept,text,4,1,1,0.021395137533545494,0.11085914448478523
guided_noise_error,intercept,text,4,2,2,0.03747892379760742,0.11085914448478523
guided_noise_error,intercept,text,4,3,3,0.08101367950439453,0.11085914448478523
guided_noise_error,intercept,text,4,5,1,0.11360199749469757,0.11085914448478523
guided_noise_error,intercept,text,4,6,2,0.1223599836230278,0.11085914448478523
guided_noise_error,intercept,text,4,7,3,0.16740985214710236,0.11085914448478523
guided_noise_error,intercept,text,4,9,1,0.06308981031179428,0.11085914448478523
guided_noise_error,intercept,text,4,10,2,0.09910927712917328,0.11085914448478523
guided_noise_error,intercept,text,4,11,3,0.1279144585132599,0.11085914448478523
guided_noise_error,intercept,text,4,13,1,0.05178188532590866,0.11085914448478523
guided_noise_error,intercept,text,4,14,2,0.10110124200582504,0.11085914448478523
guided_noise_error,intercept,text,4,15,3,0.15445300936698914,0.11085914448478523
guided_noise_error,intercept,text,4,17,1,0.07340595871210098,0.11085914448478523
guided_noise_error,intercept,text,4,18,2,0.16349513828754425,0.11085914448478523
guided_noise_error,intercept,text,4,19,3,0.2979537844657898,0.11085914448478523
guided_noise_error,intercept,text,4,1,1,0.03528694435954094,0.11085914448478523
guided_noise_error,intercept,text,4,2,2,0.047099653631448746,0.11085914448478523
guided_noise_error,intercept,text,4,3,3,0.06970202922821045,0.11085914448478523
guided_noise_error,intercept,text,4,5,1,0.04465160146355629,0.11085914448478523
guided_noise_error,intercept,text,4,6,2,0.0743393674492836,0.11085914448478523
guided_noise_error,intercept,text,4,7,3,0.08904745429754257,0.11085914448478523
guided_noise_error,intercept,text,4,9,1,0.04603208601474762,0.11085914448478523
guided_noise_error,intercept,text,4,10,2,0.08151920884847641,0.11085914448478523
guided_noise_error,intercept,text,4,11,3,0.11569106578826904,0.11085914448478523
guided_noise_error,intercept,text,4,13,1,0.054241571575403214,0.11085914448478523
guided_noise_error,intercept,text,4,14,2,0.11034070700407028,0.11085914448478523
guided_noise_error,intercept,text,4,15,3,0.16982924938201904,0.11085914448478523
guided_noise_error,intercept,text,4,17,1,0.09064881503582001,0.11085914448478523
guided_noise_error,intercept,text,4,18,2,0.1845271736383438,0.11085914448478523
guided_noise_error,intercept,text,4,19,3,0.32257169485092163,0.11085914448478523
guided_noise_error,intercept,text,5,1,1,0.021395137533545494,0.11085914448478523
guided_noise_error,intercept,text,5,2,2,0.03747892379760742,0.11085914448478523
guided_noise_error,intercept,text,5,3,3,0.08101367950439453,0.11085914448478523
guided_noise_error,intercept,text,5,4,4,0.1071518063545227,0.11085914448478523
guided_noise_error,intercept,text,5,6,1,0.10364387929439545,0.11085914448478523
guided_noise_error,intercept,text,5,7,2,0.13504377007484436,0.11085914448478523
guided_noise_error,intercept,text,5,8,3,0.14569444954395294,0.11085914448478523
guided_noise_error,intercept,text,5,9,4,0.158990740776062,0.11085914448478523
guided_noise_error,intercept,text,5,11,1,0.05436871573328972,0.11085914448478523
guided_noise_error,intercept,text,5,12,2,0.0963512733578682,0.11085914448478523
guided_noise_error,intercept,text,5,13,3,0.13966558873653412,0.11085914448478523
guided_noise_error,intercept,text,5,14,4,0.18645153939723969,0.11085914448478523
guided_noise_error,intercept,text,5,16,1,0.06667973101139069,0.11085914448478523
guided_noise_error,intercept,text,5,17,2,0.1371316760778427,0.11085914448478523
guided_noise_error,intercept,text,5,18,3,0.22841326892375946,0.11085914448478523
guided_noise_error,intercept,text,5,19,4,0.3816174566745758,0.11085914448478523
guided_noise_error,intercept,text,5,1,1,0.03528694435954094,0.11085914448478523
guided_noise_error,intercept,text,5,2,2,0.047099653631448746,0.11085914448478523
guided_noise_error,intercept,text,5,3,3,0.06970202922821045,0.11085914448478523
guided_noise_error,intercept,text,5,4,4,0.08828994631767273,0.11085914448478523
guided_noise_error,intercept,text,5,6,1,0.03541851043701172,0.11085914448478523
guided_noise_error,intercept,text,5,7,2,0.060017094016075134,0.11085914448478523
guided_noise_error,intercept,text,5,8,3,0.07800725102424622,0.11085914448478523
guided_noise_error,intercept,text,5,9,4,0.10653002560138702,0.11085914448478523
guided_noise_error,intercept,text,5,11,1,0.04798419773578644,0.11085914448478523
guided_noise_error,intercept,text,5,12,2,0.09098894149065018,0.11085914448478523
guided_noise_error,intercept,text,5,13,3,0.13417410850524902,0.11085914448478523
guided_noise_error,intercept,text,5,14,4,0.1825726330280304,0.11085914448478523
guided_noise_error,intercept,text,5,16,1,0.08156372606754303,0.11085914448478523
guided_noise_error,intercept,text,5,17,2,0.1566951721906662,0.11085914448478523
guided_noise_error,intercept,text,5,18,3,0.24361322820186615,0.11085914448478523
guided_noise_error,intercept,text,5,19,4,0.39299651980400085,0.11085914448478523
guided_noise_error,age,text,2,1,1,0.021395137533545494,0.07433358292045536
guided_noise_error,age,text,2,3,1,0.05570431426167488,0.07433358292045536
guided_noise_error,age,text,2,5,1,0.11360199749469757,0.07433358292045536
guided_noise_error,age,text,2,7,1,0.10458022356033325,0.07433358292045536
guided_noise_error,age,text,2,9,1,0.06308981031179428,0.07433358292045536
guided_noise_error,age,text,2,11,1,0.05436871573328972,0.07433358292045536
guided_noise_error,age,text,2,13,1,0.05178188532590866,0.07433358292045536
guided_noise_error,age,text,2,15,1,0.06084412708878517,0.07433358292045536
guided_noise_error,age,text,2,17,1,0.07340595871210098,0.07433358292045536
guided_noise_error,age,text,2,19,1,0.12569399178028107,0.07433358292045536
guided_noise_error,age,text,2,1,1,0.03528694435954094,0.07433358292045536
guided_noise_error,age,text,2,3,1,0.05192361772060394,0.07433358292045536
guided_noise_error,age,text,2,5,1,0.04465160146355629,0.07433358292045536
guided_noise_error,age,text,2,7,1,0.03842083737254143,0.07433358292045536
guided_noise_error,age,text,2,9,1,0.04603208601474762,0.07433358292045536
guided_noise_error,age,text,2,11,1,0.04798419773578644,0.07433358292045536
guided_noise_error,age,text,2,13,1,0.054241571575403214,0.07433358292045536
guided_noise_error,age,text,2,15,1,0.07059817761182785,0.07433358292045536
guided_noise_error,age,text,2,17,1,0.09064881503582001,0.07433358292045536
guided_noise_error,age,text,2,19,1,0.1330052763223648,0.07433358292045536
guided_noise_error,age,text,3,1,1,0.021395137533545494,0.07433358292045536
guided_noise_error,age,text,3,2,2,0.03747892379760742,0.11816425679765118
guided_noise_error,age,text,3,4,1,0.13010983169078827,0.07433358292045536
guided_noise_error,age,text,3,5,2,0.09816771745681763,0.11816425679765118
guided_noise_error,age,text,3,7,1,0.10458022356033325,0.07433358292045536
guided_noise_error,age,text,3,8,2,0.1274399310350418,0.11816425679765118
guided_noise_error,age,text,3,10,1,0.05309237167239189,0.07433358292045536
guided_noise_error,age,text,3,11,2,0.09162579476833344,0.11816425679765118
guided_noise_error,age,text,3,13,1,0.05178188532590866,0.07433358292045536
guided_noise_error,age,text,3,14,2,0.10110124200582504,0.11816425679765118
guided_noise_error,age,text,3,16,1,0.06667973101139069,0.07433358292045536
guided_noise_error,age,text,3,17,2,0.1371316760778427,0.11816425679765118
guided_noise_error,age,text,3,19,1,0.12569399178028107,0.07433358292045536
guided_noise_error,age,text,3,1,1,0.03528694435954094,0.07433358292045536
guided_noise_error,age,text,3,2,2,0.047099653631448746,0.11816425679765118
guided_noise_error,age,text,3,4,1,0.04808293282985687,0.07433358292045536
guided_noise_error,age,text,3,5,2,0.06408470124006271,0.11816425679765118
guided_noise_error,age,text,3,7,1,0.03842083737254143,0.07433358292045536
guided_noise_error,age,text,3,8,2,0.06291805952787399,0.11816425679765118
guided_noise_error,age,text,3,10,1,0.0523553229868412,0.07433358292045536
guided_noise_error,age,text,3,11,2,0.08687957376241684,0.11816425679765118
guided_noise_error,age,text,3,13,1,0.054241571575403214,0.07433358292045536
guided_noise_error,age,text,3,14,2,0.11034070700407028,0.11816425679765118
guided_noise_error,age,text,3,16,1,0.08156372606754303,0.07433358292045536
guided_noise_error,age,text,3,17,2,0.1566951721906662,0.11816425679765118
guided_noise_error,age,text,3,19,1,0.1330052763223648,0.07433358292045536
guided_noise_error,age,text,4,1,1,0.021395137533545494,0.07433358292045536
guided_noise_error,age,text,4,2,2,0.03747892379760742,0.11816425679765118
guided_noise_error,age,text,4,3,3,0.08101367950439453,0.161994930674847
guided_noise_error,age,text,4,5,1,0.11360199749469757,0.07433358292045536
guided_noise_error,age,text,4,6,2,0.1223599836230278,0.11816425679765118
guided_noise_error,age,text,4,7,3,0.16740985214710236,0.161994930674847
guided_noise_error,age,text,4,9,1,0.06308981031179428,0.07433358292045536
guided_noise_error,age,text,4,10,2,0.09910927712917328,0.11816425679765118
guided_noise_error,age,text,4,11,3,0.1279144585132599,0.161994930674847
guided_noise_error,age,text,4,13,1,0.05178188532590866,0.07433358292045536
guided_noise_error,age,text,4,14,2,0.10110124200582504,0.11816425679765118
guided_noise_error,age,text,4,15,3,0.15445300936698914,0.161994930674847
guided_noise_error,age,text,4,17,1,0.07340595871210098,0.07433358292045536
guided_noise_error,age,text,4,18,2,0.16349513828754425,0.11816425679765118
guided_noise_error,age,text,4,19,3,0.2979537844657898,0.161994930674847
guided_noise_error,age,text,4,1,1,0.03528694435954094,0.07433358292045536
guided_noise_error,age,text,4,2,2,0.047099653631448746,0.11816425679765118
guided_noise_error,age,text,4,3,3,0.06970202922821045,0.161994930674847
guided_noise_error,age,text,4,5,1,0.04465160146355629,0.07433358292045536
guided_noise_error,age,text,4,6,2,0.0743393674492836,0.11816425679765118
guided_noise_error,age,text,4,7,3,0.08904745429754257,0.161994930674847
guided_noise_error,age,text,4,9,1,0.04603208601474762,0.07433358292045536
guided_noise_error,age,text,4,10,2,0.08151920884847641,0.11816425679765118
guided_noise_error,age,text,4,11,3,0.11569106578826904,0.161994930674847
guided_noise_error,age,text,4,13,1,0.054241571575403214,0.07433358292045536
guided_noise_error,age,text,4,14,2,0.11034070700407028,0.11816425679765118
guided_noise_error,age,text,4,15,3,0.16982924938201904,0.161994930674847
guided_noise_error,age,text,4,17,1,0.09064881503582001,0.07433358292045536
guided_noise_error,age,text,4,18,2,0.1845271736383438,0.11816425679765118
guided_noise_error,age,text,4,19,3,0.32257169485092163,0.161994930674847
guided_noise_error,age,text,5,1,1,0.021395137533545494,0.07433358292045536
guided_noise_error,age,text,5,2,2,0.03747892379760742,0.11816425679765118
guided_noise_error,age,text,5,3,3,0.08101367950439453,0.161994930674847
guided_noise_error,age,text,5,4,4,0.1071518063545227,0.2058256045520428
guided_noise_error,age,text,5,6,1,0.10364387929439545,0.07433358292045536
guided_noise_error,age,text,5,7,2,0.13504377007484436,0.11816425679765118
guided_noise_error,age,text,5,8,3,0.14569444954395294,0.161994930674847
guided_noise_error,age,text,5,9,4,0.158990740776062,0.2058256045520428
guided_noise_error,age,text,5,11,1,0.05436871573328972,0.07433358292045536
guided_noise_error,age,text,5,12,2,0.0963512733578682,0.11816425679765118
guided_noise_error,age,text,5,13,3,0.13966558873653412,0.161994930674847
guided_noise_error,age,text,5,14,4,0.18645153939723969,0.2058256045520428
guided_noise_error,age,text,5,16,1,0.06667973101139069,0.07433358292045536
guided_noise_error,age,text,5,17,2,0.1371316760778427,0.11816425679765118
guided_noise_error,age,text,5,18,3,0.22841326892375946,0.161994930674847
guided_noise_error,age,text,5,19,4,0.3816174566745758,0.2058256045520428
guided_noise_error,age,text,5,1,1,0.03528694435954094,0.07433358292045536
guided_noise_error,age,text,5,2,2,0.047099653631448746,0.11816425679765118
guided_noise_error,age,text,5,3,3,0.06970202922821045,0.161994930674847
guided_noise_error,age,text,5,4,4,0.08828994631767273,0.2058256045520428
guided_noise_error,age,text,5,6,1,0.03541851043701172,0.07433358292045536
guided_noise_error,age,text,5,7,2,0.060017094016075134,0.11816425679765118
guided_noise_error,age,text,5,8,3,0.07800725102424622,0.161994930674847
guided_noise_error,age,text,5,9,4,0.10653002560138702,0.2058256045520428
guided_noise_error,age,text,5,11,1,0.04798419773578644,0.07433358292045536
guided_noise_error,age,text,5,12,2,0.09098894149065018,0.11816425679765118
guided_noise_error,age,text,5,13,3,0.13417410850524902,0.161994930674847
guided_noise_error,age,text,5,14,4,0.1825726330280304,0.2058256045520428
guided_noise_error,age,text,5,16,1,0.08156372606754303,0.07433358292045536
guided_noise_error,age,text,5,17,2,0.1566951721906662,0.11816425679765118
guided_noise_error,age,text,5,18,3,0.24361322820186615,0.161994930674847
guided_noise_error,age,text,5,19,4,0.39299651980400085,0.2058256045520428
guided_noise_error,lambda_distance,text,2,1,1,0.021395137533545494,0.09175810591734153
guided_noise_error,lambda_distance,text,2,3,1,0.05570431426167488,0.0850878623300877
guided_noise_error,lambda_distance,text,2,5,1,0.11360199749469757,0.07943312112270715
guided_noise_error,lambda_distance,text,2,7,1,0.10458022356033325,0.0749605609282209
guided_noise_error,lambda_distance,text,2,9,1,0.06308981031179428,0.0718010176897645
guided_noise_error,lambda_distance,text,2,11,1,0.05436871573328972,0.0700933615805368
guided_noise_error,lambda_distance,text,2,13,1,0.05178188532590866,0.07006585687232386
guided_noise_error,lambda_distance,text,2,15,1,0.06084412708878517,0.07252932798566719
guided_noise_error,lambda_distance,text,2,17,1,0.07340595871210098,0.08038102864448007
guided_noise_error,lambda_distance,text,2,19,1,0.12569399178028107,0.11365173215420434
guided_noise_error,lambda_distance,text,2,1,1,0.03528694435954094,0.09175810591734153
guided_noise_error,lambda_distance,text,2,3,1,0.05192361772060394,0.0850878623300877
guided_noise_error,lambda_distance,text,2,5,1,0.04465160146355629,0.07943312112270715
guided_noise_error,lambda_distance,text,2,7,1,0.03842083737254143,0.0749605609282209
guided_noise_error,lambda_distance,text,2,9,1,0.04603208601474762,0.0718010176897645
guided_noise_error,lambda_distance,text,2,11,1,0.04798419773578644,0.0700933615805368
guided_noise_error,lambda_distance,text,2,13,1,0.054241571575403214,0.07006585687232386
guided_noise_error,lambda_distance,text,2,15,1,0.07059817761182785,0.07252932798566719
guided_noise_error,lambda_distance,text,2,17,1,0.09064881503582001,0.08038102864448007
guided_noise_error,lambda_distance,text,2,19,1,0.1330052763223648,0.11365173215420434
guided_noise_error,lambda_distance,text,3,1,1,0.021395137533545494,0.09175810591734153
guided_noise_error,lambda_distance,text,3,2,2,0.03747892379760742,0.1380575867002137
guided_noise_error,lambda_distance,text,3,4,1,0.13010983169078827,0.08212245687012386
guided_noise_error,lambda_distance,text,3,5,2,0.09816771745681763,0.11954781414014694
guided_noise_error,lambda_distance,text,3,7,1,0.10458022356033325,0.0749605609282209
guided_noise_error,lambda_distance,text,3,8,2,0.1274399310350418,0.10616232110220963
guided_noise_error,lambda_distance,text,3,10,1,0.05309237167239189,0.07018436050012594
guided_noise_error,lambda_distance,text,3,11,2,0.09162579476833344,0.09826995822797868
guided_noise_error,lambda_distance,text,3,13,1,0.05178188532590866,0.07006585687232386
guided_noise_error,lambda_distance,text,3,14,2,0.10110124200582504,0.09895112627413372
guided_noise_error,lambda_distance,text,3,16,1,0.06667973101139069,0.0753882786316605
guided_noise_error,lambda_distance,text,3,17,2,0.1371316760778427,0.11376154342345651
guided_noise_error,lambda_distance,text,3,19,1,0.12569399178028107,0.11365173215420434
guided_noise_error,lambda_distance,text,3,1,1,0.03528694435954094,0.09175810591734153
guided_noise_error,lambda_distance,text,3,2,2,0.047099653631448746,0.1380575867002137
guided_noise_error,lambda_distance,text,3,4,1,0.04808293282985687,0.08212245687012386
guided_noise_error,lambda_distance,text,3,5,2,0.06408470124006271,0.11954781414014694
guided_noise_error,lambda_distance,text,3,7,1,0.03842083737254143,0.0749605609282209
guided_noise_error,lambda_distance,text,3,8,2,0.06291805952787399,0.10616232110220963
guided_noise_error,lambda_distance,text,3,10,1,0.0523553229868412,0.07018436050012594
guided_noise_error,lambda_distance,text,3,11,2,0.08687957376241684,0.09826995822797868
guided_noise_error,lambda_distance,text,3,13,1,0.054241571575403214,0.07006585687232386
guided_noise_error,lambda_distance,text,3,14,2,0.11034070700407028,0.09895112627413372
guided_noise_error,lambda_distance,text,3,16,1,0.08156372606754303,0.0753882786316605
guided_noise_error,lambda_distance,text,3,17,2,0.1566951721906662,0.11376154342345651
guided_noise_error,lambda_distance,text,3,19,1,0.1330052763223648,0.11365173215420434
guided_noise_error,lambda_distance,text,4,1,1,0.021395137533545494,0.09175810591734153
guided_noise_error,lambda_distance,text,4,2,2,0.03747892379760742,0.1380575867002137
guided_noise_error,lambda_distance,text,4,3,3,0.08101367950439453,0.18113768517761733
guided_noise_error,lambda_distance,text,4,5,1,0.11360199749469757,0.07943312112270715
guided_noise_error,lambda_distance,text,4,6,2,0.1223599836230278,0.11446542196492598
guided_noise_error,lambda_distance,text,4,7,3,0.16740985214710236,0.14741821904046282
guided_noise_error,lambda_distance,text,4,9,1,0.06308981031179428,0.0718010176897645
guided_noise_error,lambda_distance,text,4,10,2,0.09910927712917328,0.09997761433720638
guided_noise_error,lambda_distance,text,4,11,3,0.1279144585132599,0.1280632120650591
guided_noise_error,lambda_distance,text,4,13,1,0.05178188532590866,0.07006585687232386
guided_noise_error,lambda_distance,text,4,14,2,0.10110124200582504,0.09895112627413372
guided_noise_error,lambda_distance,text,4,15,3,0.15445300936698914,0.12947269040711684
guided_noise_error,lambda_distance,text,4,17,1,0.07340595871210098,0.08038102864448007
guided_noise_error,lambda_distance,text,4,18,2,0.16349513828754425,0.12832086936756196
guided_noise_error,lambda_distance,text,4,19,3,0.2979537844657898,0.19996483766908224
guided_noise_error,lambda_distance,text,4,1,1,0.03528694435954094,0.09175810591734153
guided_noise_error,lambda_distance,text,4,2,2,0.047099653631448746,0.1380575867002137
guided_noise_error,lambda_distance,text,4,3,3,0.06970202922821045,0.18113768517761733
guided_noise_error,lambda_distance,text,4,5,1,0.04465160146355629,0.07943312112270715
guided_noise_error,lambda_distance,text,4,6,2,0.0743393674492836,0.11446542196492598
guided_noise_error,lambda_distance,text,4,7,3,0.08904745429754257,0.14741821904046282
guided_noise_error,lambda_distance,text,4,9,1,0.04603208601474762,0.0718010176897645
guided_noise_error,lambda_distance,text,4,10,2,0.08151920884847641,0.09997761433720638
guided_noise_error,lambda_distance,text,4,11,3,0.11569106578826904,0.1280632120650591
guided_noise_error,lambda_distance,text,4,13,1,0.054241571575403214,0.07006585687232386
guided_noise_error,lambda_distance,text,4,14,2,0.11034070700407028,0.09895112627413372
guided_noise_error,lambda_distance,text,4,15,3,0.16982924938201904,0.12947269040711684
guided_noise_error,lambda_distance,text,4,17,1,0.09064881503582001,0.08038102864448007
guided_noise_error,lambda_distance,text,4,18,2,0.1845271736383438,0.12832086936756196
guided_noise_error,lambda_distance,text,4,19,3,0.32257169485092163,0.19996483766908224
guided_noise_error,lambda_distance,text,5,1,1,0.021395137533545494,0.09175810591734153
guided_noise_error,lambda_distance,text,5,2,2,0.03747892379760742,0.1380575867002137
guided_noise_error,lambda_distance,text,5,3,3,0.08101367950439453,0.18113768517761733
guided_noise_error,lambda_distance,text,5,4,4,0.1071518063545227,0.22125237819505714
guided_noise_error,lambda_distance,text,5,6,1,0.10364387929439545,0.0770400646949029
guided_noise_error,lambda_distance,text,5,7,2,0.13504377007484436,0.10999286177043974
guided_noise_error,lambda_distance,text,5,8,3,0.14569444954395294,0.14119462194442847
guided_noise_error,lambda_distance,text,5,9,4,0.158990740776062,0.17098787578150892
guided_noise_error,lambda_distance,text,5,11,1,0.05436871573328972,0.0700933615805368
guided_noise_error,lambda_distance,text,5,12,2,0.0963512733578682,0.09792305870269323
guided_noise_error,lambda_distance,text,5,13,3,0.13966558873653412,0.12598115172233304
guided_noise_error,lambda_distance,text,5,14,4,0.18645153939723969,0.1548664211241429
guided_noise_error,lambda_distance,text,5,16,1,0.06667973101139069,0.0753882786316605
guided_noise_error,lambda_distance,text,5,17,2,0.1371316760778427,0.11376154342345651
guided_noise_error,lambda_distance,text,5,18,3,0.22841326892375946,0.1617013841465384
guided_noise_error,lambda_distance,text,5,19,4,0.3816174566745758,0.23334535244805868
guided_noise_error,lambda_distance,text,5,1,1,0.03528694435954094,0.09175810591734153
guided_noise_error,lambda_distance,text,5,2,2,0.047099653631448746,0.1380575867002137
guided_noise_error,lambda_distance,text,5,3,3,0.06970202922821045,0.18113768517761733
guided_noise_error,lambda_distance,text,5,4,4,0.08828994631767273,0.22125237819505714
guided_noise_error,lambda_distance,text,5,6,1,0.03541851043701172,0.0770400646949029
guided_noise_error,lambda_distance,text,5,7,2,0.060017094016075134,0.10999286177043974
guided_noise_error,lambda_distance,text,5,8,3,0.07800725102424622,0.14119462194442847
guided_noise_error,lambda_distance,text,5,9,4,0.10653002560138702,0.17098787578150892
guided_noise_error,lambda_distance,text,5,11,1,0.04798419773578644,0.0700933615805368
guided_noise_error,lambda_distance,text,5,12,2,0.09098894149065018,0.09792305870269323
guided_noise_error,lambda_distance,text,5,13,3,0.13417410850524902,0.12598115172233304
guided_noise_error,lambda_distance,text,5,14,4,0.1825726330280304,0.1548664211241429
guided_noise_error,lambda_distance,text,5,16,1,0.08156372606754303,0.0753882786316605
guided_noise_error,lambda_distance,text,5,17,2,0.1566951721906662,0.11376154342345651
guided_noise_error,lambda_distance,text,5,18,3,0.24361322820186615,0.1617013841465384
guided_noise_error,lambda_distance,text,5,19,4,0.39299651980400085,0.23334535244805868
guided_noise_error,age+lambda_distance,text,2,1,1,0.021395137533545494,0.07833462391756389
guided_noise_error,age+lambda_distance,text,2,3,1,0.05570431426167488,0.07614652769210624
guided_noise_error,age+lambda_distance,text,2,5,1,0.11360199749469757,0.07429155527169075
guided_noise_error,age+lambda_distance,text,2,7,1,0.10458022356033325,0.07282438365319269
guided_noise_error,age+lambda_distance,text,2,9,1,0.06308981031179428,0.0717879320538167
guided_noise_error,age+lambda_distance,text,2,11,1,0.05436871573328972,0.07122775522697324
guided_noise_error,age+lambda_distance,text,2,13,1,0.05178188532590866,0.071218732625709
guided_noise_error,age+lambda_distance,text,2,15,1,0.06084412708878517,0.07202684581889597
guided_noise_error,age+lambda_distance,text,2,17,1,0.07340595871210098,0.07460250536569296
guided_noise_error,age+lambda_distance,text,2,19,1,0.12569399178028107,0.08551657466700914
guided_noise_error,age+lambda_distance,text,2,1,1,0.03528694435954094,0.07833462391756389
guided_noise_error,age+lambda_distance,text,2,3,1,0.05192361772060394,0.07614652769210624
guided_noise_error,age+lambda_distance,text,2,5,1,0.04465160146355629,0.07429155527169075
guided_noise_error,age+lambda_distance,text,2,7,1,0.03842083737254143,0.07282438365319269
guided_noise_error,age+lambda_distance,text,2,9,1,0.04603208601474762,0.0717879320538167
guided_noise_error,age+lambda_distance,text,2,11,1,0.04798419773578644,0.07122775522697324
guided_noise_error,age+lambda_distance,text,2,13,1,0.054241571575403214,0.071218732625709
guided_noise_error,age+lambda_distance,text,2,15,1,0.07059817761182785,0.07202684581889597
guided_noise_error,age+lambda_distance,text,2,17,1,0.09064881503582001,0.07460250536569296
guided_noise_error,age+lambda_distance,text,2,19,1,0.1330052763223648,0.08551657466700914
guided_noise_error,age+lambda_distance,text,3,1,1,0.021395137533545494,0.07833462391756389
guided_noise_error,age+lambda_distance,text,3,2,2,0.03747892379760742,0.1250330079101964
guided_noise_error,age+lambda_distance,text,3,4,1,0.13010983169078827,0.07517376074453969
guided_noise_error,age+lambda_distance,text,3,5,2,0.09816771745681763,0.11896109120386272
guided_noise_error,age+lambda_distance,text,3,7,1,0.10458022356033325,0.07282438365319269
guided_noise_error,age+lambda_distance,text,3,8,2,0.1274399310350418,0.11457013510022536
guided_noise_error,age+lambda_distance,text,3,10,1,0.05309237167239189,0.07125760636956932
guided_noise_error,age+lambda_distance,text,3,11,2,0.09162579476833344,0.11198113678417486
guided_noise_error,age+lambda_distance,text,3,13,1,0.05178188532590866,0.071218732625709
guided_noise_error,age+lambda_distance,text,3,14,2,0.10110124200582504,0.11220458607972117
guided_noise_error,age+lambda_distance,text,3,16,1,0.06667973101139069,0.0729646914965593
guided_noise_error,age+lambda_distance,text,3,17,2,0.1371316760778427,0.11706297204988457
guided_noise_error,age+lambda_distance,text,3,19,1,0.12569399178028107,0.08551657466700914
guided_noise_error,age+lambda_distance,text,3,1,1,0.03528694435954094,0.07833462391756389
guided_noise_error,age+lambda_distance,text,3,2,2,0.047099653631448746,0.1250330079101964
guided_noise_error,age+lambda_distance,text,3,4,1,0.04808293282985687,0.07517376074453969
guided_noise_error,age+lambda_distance,text,3,5,2,0.06408470124006271,0.11896109120386272
guided_noise_error,age+lambda_distance,text,3,7,1,0.03842083737254143,0.07282438365319269
guided_noise_error,age+lambda_distance,text,3,8,2,0.06291805952787399,0.11457013510022536
guided_noise_error,age+lambda_distance,text,3,10,1,0.0523553229868412,0.07125760636956932
guided_noise_error,age+lambda_distance,text,3,11,2,0.08687957376241684,0.11198113678417486
guided_noise_error,age+lambda_distance,text,3,13,1,0.054241571575403214,0.071218732625709
guided_noise_error,age+lambda_distance,text,3,14,2,0.11034070700407028,0.11220458607972117
guided_noise_error,age+lambda_distance,text,3,16,1,0.08156372606754303,0.0729646914965593
guided_noise_error,age+lambda_distance,text,3,17,2,0.1566951721906662,0.11706297204988457
guided_noise_error,age+lambda_distance,text,3,19,1,0.1330052763223648,0.08551657466700914
guided_noise_error,age+lambda_distance,text,4,1,1,0.021395137533545494,0.07833462391756389
guided_noise_error,age+lambda_distance,text,4,2,2,0.03747892379760742,0.1250330079101964
guided_noise_error,age+lambda_distance,text,4,3,3,0.08101367950439453,0.17067531078993495
guided_noise_error,age+lambda_distance,text,4,5,1,0.11360199749469757,0.07429155527169075
guided_noise_error,age+lambda_distance,text,4,6,2,0.1223599836230278,0.117293871260629
guided_noise_error,age+lambda_distance,text,4,7,3,0.16740985214710236,0.159614030101454
guided_noise_error,age+lambda_distance,text,4,9,1,0.06308981031179428,0.0717879320538167
guided_noise_error,age+lambda_distance,text,4,10,2,0.09910927712917328,0.11254131361101832
guided_noise_error,age+lambda_distance,text,4,11,3,0.1279144585132599,0.15326484402562388
guided_noise_error,age+lambda_distance,text,4,13,1,0.05178188532590866,0.071218732625709
guided_noise_error,age+lambda_distance,text,4,14,2,0.10110124200582504,0.11220458607972117
guided_noise_error,age+lambda_distance,text,4,15,3,0.15445300936698914,0.15372720708624946
guided_noise_error,age+lambda_distance,text,4,17,1,0.07340595871210098,0.07460250536569296
guided_noise_error,age+lambda_distance,text,4,18,2,0.16349513828754425,0.12183899045562625
guided_noise_error,age+lambda_distance,text,4,19,3,0.2979537844657898,0.17685134031026772
guided_noise_error,age+lambda_distance,text,4,1,1,0.03528694435954094,0.07833462391756389
guided_noise_error,age+lambda_distance,text,4,2,2,0.047099653631448746,0.1250330079101964
guided_noise_error,age+lambda_distance,text,4,3,3,0.06970202922821045,0.17067531078993495
guided_noise_error,age+lambda_distance,text,4,5,1,0.04465160146355629,0.07429155527169075
guided_noise_error,age+lambda_distance,text,4,6,2,0.0743393674492836,0.117293871260629
guided_noise_error,age+lambda_distance,text,4,7,3,0.08904745429754257,0.159614030101454
guided_noise_error,age+lambda_distance,text,4,9,1,0.04603208601474762,0.0717879320538167
guided_noise_error,age+lambda_distance,text,4,10,2,0.08151920884847641,0.11254131361101832
guided_noise_error,age+lambda_distance,text,4,11,3,0.11569106578826904,0.15326484402562388
guided_noise_error,age+lambda_distance,text,4,13,1,0.054241571575403214,0.071218732625709
guided_noise_error,age+lambda_distance,text,4,14,2,0.11034070700407028,0.11220458607972117
guided_noise_error,age+lambda_distance,text,4,15,3,0.16982924938201904,0.15372720708624946
guided_noise_error,age+lambda_distance,text,4,17,1,0.09064881503582001,0.07460250536569296
guided_noise_error,age+lambda_distance,text,4,18,2,0.1845271736383438,0.12183899045562625
guided_noise_error,age+lambda_distance,text,4,19,3,0.32257169485092163,0.17685134031026772
guided_noise_error,age+lambda_distance,text,5,1,1,0.021395137533545494,0.07833462391756389
guided_noise_error,age+lambda_distance,text,5,2,2,0.03747892379760742,0.1250330079101964
guided_noise_error,age+lambda_distance,text,5,3,3,0.08101367950439453,0.17067531078993495
guided_noise_error,age+lambda_distance,text,5,4,4,0.1071518063545227,0.21534484672210696
guided_noise_error,age+lambda_distance,text,5,6,1,0.10364387929439545,0.07350654080130596
guided_noise_error,age+lambda_distance,text,5,7,2,0.13504377007484436,0.11582669964213095
guided_noise_error,age+lambda_distance,text,5,8,3,0.14569444954395294,0.15757245108916362
guided_noise_error,age+lambda_distance,text,5,9,4,0.158990740776062,0.19885615833061263
guided_noise_error,age+lambda_distance,text,5,11,1,0.05436871573328972,0.07122775522697324
guided_noise_error,age+lambda_distance,text,5,12,2,0.0963512733578682,0.11186734040898091
guided_noise_error,age+lambda_distance,text,5,13,3,0.13966558873653412,0.15258184822232224
guided_noise_error,age+lambda_distance,text,5,14,4,0.18645153939723969,0.1935677016763344
guided_noise_error,age+lambda_distance,text,5,16,1,0.06667973101139069,0.0729646914965593
guided_noise_error,age+lambda_distance,text,5,17,2,0.1371316760778427,0.11706297204988457
guided_noise_error,age+lambda_distance,text,5,18,3,0.22841326892375946,0.1642994571398179
guided_noise_error,age+lambda_distance,text,5,19,4,0.3816174566745758,0.21931180699445935
guided_noise_error,age+lambda_distance,text,5,1,1,0.03528694435954094,0.07833462391756389
guided_noise_error,age+lambda_distance,text,5,2,2,0.047099653631448746,0.1250330079101964
guided_noise_error,age+lambda_distance,text,5,3,3,0.06970202922821045,0.17067531078993495
guided_noise_error,age+lambda_distance,text,5,4,4,0.08828994631767273,0.21534484672210696
guided_noise_error,age+lambda_distance,text,5,6,1,0.03541851043701172,0.07350654080130596
guided_noise_error,age+lambda_distance,text,5,7,2,0.060017094016075134,0.11582669964213095
guided_noise_error,age+lambda_distance,text,5,8,3,0.07800725102424622,0.15757245108916362
guided_noise_error,age+lambda_distance,text,5,9,4,0.10653002560138702,0.19885615833061263
guided_noise_error,age+lambda_distance,text,5,11,1,0.04798419773578644,0.07122775522697324
guided_noise_error,age+lambda_distance,text,5,12,2,0.09098894149065018,0.11186734040898091
guided_noise_error,age+lambda_distance,text,5,13,3,0.13417410850524902,0.15258184822232224
guided_noise_error,age+lambda_distance,text,5,14,4,0.1825726330280304,0.1935677016763344
guided_noise_error,age+lambda_distance,text,5,16,1,0.08156372606754303,0.0729646914965593
guided_noise_error,age+lambda_distance,text,5,17,2,0.1566951721906662,0.11706297204988457
guided_noise_error,age+lambda_distance,text,5,18,3,0.24361322820186615,0.1642994571398179
guided_noise_error,age+lambda_distance,text,5,19,4,0.39299651980400085,0.21931180699445935
guided_noise_error,intercept,texture,2,1,1,0.04001346230506897,0.10481621324441132
guided_noise_error,intercept,texture,2,3,1,0.03171507269144058,0.10481621324441132
guided_noise_error,intercept,texture,2,5,1,0.07278067618608475,0.10481621324441132
guided_noise_error,intercept,texture,2,7,1,0.2320099174976349,0.10481621324441132
guided_noise_error,intercept,texture,2,9,1,0.18408039212226868,0.10481621324441132
guided_noise_error,intercept,texture,2,11,1,0.173502117395401,0.10481621324441132
guided_noise_error,intercept,texture,2,13,1,0.13457609713077545,0.10481621324441132
guided_noise_error,intercept,texture,2,15,1,0.11109689623117447,0.10481621324441132
guided_noise_error,intercept,texture,2,17,1,0.10618007928133011,0.10481621324441132
guided_noise_error,intercept,texture,2,19,1,0.15324823558330536,0.10481621324441132
guided_noise_error,intercept,texture,2,1,1,0.03312453255057335,0.10481621324441132
guided_noise_error,intercept,texture,2,3,1,0.08977018296718597,0.10481621324441132
guided_noise_error,intercept,texture,2,5,1,0.16744762659072876,0.10481621324441132
guided_noise_error,intercept,texture,2,7,1,0.08442255854606628,0.10481621324441132
guided_noise_error,intercept,texture,2,9,1,0.13041706383228302,0.10481621324441132
guided_noise_error,intercept,texture,2,11,1,0.11721935868263245,0.10481621324441132
guided_noise_error,intercept,texture,2,13,1,0.08674435317516327,0.10481621324441132
guided_noise_error,intercept,texture,2,15,1,0.07849853485822678,0.10481621324441132
guided_noise_error,intercept,texture,2,17,1,0.08373188972473145,0.10481621324441132
guided_noise_error,intercept,texture,2,19,1,0.13452158868312836,0.10481621324441132
guided_noise_error,intercept,texture,3,1,1,0.04001346230506897,0.10481621324441132
guided_noise_error,intercept,texture,3,2,2,0.05859214812517166,0.10481621324441132
guided_noise_error,intercept,texture,3,4,1,0.06487876176834106,0.10481621324441132
guided_noise_error,intercept,texture,3,5,2,0.08088233321905136,0.10481621324441132
guided_noise_error,intercept,texture,3,7,1,0.2320099174976349,0.10481621324441132
guided_noise_error,intercept,texture,3,8,2,0.25991639494895935,0.10481621324441132
guided_noise_error,intercept,texture,3,10,1,0.1858912855386734,0.10481621324441132
guided_noise_error,intercept,texture,3,11,2,0.24222682416439056,0.10481621324441132
guided_noise_error,intercept,texture,3,13,1,0.13457609713077545,0.10481621324441132
guided_noise_error,intercept,texture,3,14,2,0.20947349071502686,0.10481621324441132
guided_noise_error,intercept,texture,3,16,1,0.10795719921588898,0.10481621324441132
guided_noise_error,intercept,texture,3,17,2,0.20117458701133728,0.10481621324441132
guided_noise_error,intercept,texture,3,19,1,0.15324823558330536,0.10481621324441132
guided_noise_error,intercept,texture,3,1,1,0.03312453255057335,0.10481621324441132
guided_noise_error,intercept,texture,3,2,2,0.0468808151781559,0.10481621324441132
guided_noise_error,intercept,texture,3,4,1,0.1737394481897354,0.10481621324441132
guided_noise_error,intercept,texture,3,5,2,0.1608850508928299,0.10481621324441132
guided_noise_error,intercept,texture,3,7,1,0.08442255854606628,0.10481621324441132
guided_noise_error,intercept,texture,3,8,2,0.15210013091564178,0.10481621324441132
guided_noise_error,intercept,texture,3,10,1,0.12955693900585175,0.10481621324441132
guided_noise_error,intercept,texture,3,11,2,0.18517665565013885,0.10481621324441132
guided_noise_error,intercept,texture,3,13,1,0.08674435317516327,0.10481621324441132
guided_noise_error,intercept,texture,3,14,2,0.14843210577964783,0.10481621324441132
guided_noise_error,intercept,texture,3,16,1,0.07790843397378922,0.10481621324441132
guided_noise_error,intercept,texture,3,17,2,0.15760594606399536,0.10481621324441132
guided_noise_error,intercept,texture,3,19,1,0.13452158868312836,0.10481621324441132
guided_noise_error,intercept,texture,4,1,1,0.04001346230506897,0.10481621324441132
guided_noise_error,intercept,texture,4,2,2,0.05859214812517166,0.10481621324441132
guided_noise_error,intercept,texture,4,3,3,0.07461228221654892,0.10481621324441132
guided_noise_error,intercept,texture,4,5,1,0.07278067618608475,0.10481621324441132
guided_noise_error,intercept,texture,4,6,2,0.176869198679924,0.10481621324441132
guided_noise_error,intercept,texture,4,7,3,0.20541583001613617,0.10481621324441132
guided_noise_error,intercept,texture,4,9,1,0.18408039212226868,0.10481621324441132
guided_noise_error,intercept,texture,4,10,2,0.25723230838775635,0.10481621324441132
guided_noise_error,intercept,texture,4,11,3,0.2801896035671234,0.10481621324441132
guided_noise_error,intercept,texture,4,13,1,0.13457609713077545,0.10481621324441132
guided_noise_error,intercept,texture,4,14,2,0.20947349071502686,0.10481621324441132
guided_noise_error,intercept,texture,4,15,3,0.2778303325176239,0.10481621324441132
guided_noise_error,intercept,texture,4,17,1,0.10618007928133011,0.10481621324441132
guided_noise_error,intercept,texture,4,18,2,0.21245542168617249,0.10481621324441132
guided_noise_error,intercept,texture,4,19,3,0.3547927737236023,0.10481621324441132
guided_noise_error,intercept,texture,4,1,1,0.03312453255057335,0.10481621324441132
guided_noise_error,intercept,texture,4,2,2,0.0468808151781559,0.10481621324441132
guided_noise_error,intercept,texture,4,3,3,0.119669109582901,0.10481621324441132
guided_noise_error,intercept,texture,4,5,1,0.16744762659072876,0.10481621324441132
guided_noise_error,intercept,texture,4,6,2,0.17056401073932648,0.10481621324441132
guided_noise_error,intercept,texture,4,7,3,0.21147100627422333,0.10481621324441132
guided_noise_error,intercept,texture,4,9,1,0.13041706383228302,0.10481621324441132
guided_noise_error,intercept,texture,4,10,2,0.18923136591911316,0.10481621324441132
guided_noise_error,intercept,texture,4,11,3,0.2282819151878357,0.10481621324441132
guided_noise_error,intercept,texture,4,13,1,0.08674435317516327,0.10481621324441132
guided_noise_error,intercept,texture,4,14,2,0.14843210577964783,0.10481621324441132
guided_noise_error,intercept,texture,4,15,3,0.2006864845752716,0.10481621324441132
guided_noise_error,intercept,texture,4,17,1,0.08373188972473145,0.10481621324441132
guided_noise_error,intercept,texture,4,18,2,0.17907340824604034,0.10481621324441132
guided_noise_error,intercept,texture,4,19,3,0.3049057722091675,0.10481621324441132
guided_noise_error,intercept,texture,5,1,1,0.04001346230506897,0.10481621324441132
guided_noise_error,intercept,texture,5,2,2,0.05859214812517166,0.10481621324441132
guided_noise_error,intercept,texture,5,3,3,0.07461228221654892,0.10481621324441132
guided_noise_error,intercept,texture,5,4,4,0.09607778489589691,0.10481621324441132
guided_noise_error,intercept,texture,5,6,1,0.15615835785865784,0.10481621324441132
guided_noise_error,intercept,texture,5,7,2,0.194679394364357,0.10481621324441132
guided_noise_error,intercept,texture,5,8,3,0.2094631940126419,0.10481621324441132
guided_noise_error,intercept,texture,5,9,4,0.23724879324436188,0.10481621324441132
guided_noise_error,intercept,texture,5,11,1,0.173502117395401,0.10481621324441132
guided_noise_error,intercept,texture,5,12,2,0.24366456270217896,0.10481621324441132
guided_noise_error,intercept,texture,5,13,3,0.2981596291065216,0.10481621324441132
guided_noise_error,intercept,texture,5,14,4,0.3429226875305176,0.10481621324441132
guided_noise_error,intercept,texture,5,16,1,0.10795719921588898,0.10481621324441132
guided_noise_error,intercept,texture,5,17,2,0.20117458701133728,0.10481621324441132
guided_noise_error,intercept,texture,5,18,3,0.2976452708244324,0.10481621324441132
guided_noise_error,intercept,texture,5,19,4,0.4409157633781433,0.10481621324441132
guided_noise_error,intercept,texture,5,1,1,0.03312453255057335,0.10481621324441132
guided_noise_error,intercept,texture,5,2,2,0.0468808151781559,0.10481621324441132
guided_noise_error,intercept,texture,5,3,3,0.119669109582901,0.10481621324441132
guided_noise_error,intercept,texture,5,4,4,0.17014791071414948,0.10481621324441132
guided_noise_error,intercept,texture,5,6,1,0.07486756145954132,0.10481621324441132
guided_noise_error,intercept,texture,5,7,2,0.12285597622394562,0.10481621324441132
guided_noise_error,intercept,texture,5,8,3,0.17349892854690552,0.10481621324441132
guided_noise_error,intercept,texture,5,9,4,0.20788885653018951,0.10481621324441132
guided_noise_error,intercept,texture,5,11,1,0.11721935868263245,0.10481621324441132
guided_noise_error,intercept,texture,5,12,2,0.17599718272686005,0.10481621324441132
guided_noise_error,intercept,texture,5,13,3,0.214943528175354,0.10481621324441132
guided_noise_error,intercept,texture,5,14,4,0.25320303440093994,0.10481621324441132
guided_noise_error,intercept,texture,5,16,1,0.07790843397378922,0.10481621324441132
guided_noise_error,intercept,texture,5,17,2,0.15760594606399536,0.10481621324441132
guided_noise_error,intercept,texture,5,18,3,0.24787792563438416,0.10481621324441132
guided_noise_error,intercept,texture,5,19,4,0.37209394574165344,0.10481621324441132
guided_noise_error,age,texture,2,1,1,0.04001346230506897,0.06909414143899084
guided_noise_error,age,texture,2,3,1,0.03171507269144058,0.06909414143899084
guided_noise_error,age,texture,2,5,1,0.07278067618608475,0.06909414143899084
guided_noise_error,age,texture,2,7,1,0.2320099174976349,0.06909414143899084
guided_noise_error,age,texture,2,9,1,0.18408039212226868,0.06909414143899084
guided_noise_error,age,texture,2,11,1,0.173502117395401,0.06909414143899084
guided_noise_error,age,texture,2,13,1,0.13457609713077545,0.06909414143899084
guided_noise_error,age,texture,2,15,1,0.11109689623117447,0.06909414143899084
guided_noise_error,age,texture,2,17,1,0.10618007928133011,0.06909414143899084
guided_noise_error,age,texture,2,19,1,0.15324823558330536,0.06909414143899084
guided_noise_error,age,texture,2,1,1,0.03312453255057335,0.06909414143899084
guided_noise_error,age,texture,2,3,1,0.08977018296718597,0.06909414143899084
guided_noise_error,age,texture,2,5,1,0.16744762659072876,0.06909414143899084
guided_noise_error,age,texture,2,7,1,0.08442255854606628,0.06909414143899084
guided_noise_error,age,texture,2,9,1,0.13041706383228302,0.06909414143899084
guided_noise_error,age,texture,2,11,1,0.11721935868263245,0.06909414143899084
guided_noise_error,age,texture,2,13,1,0.08674435317516327,0.06909414143899084
guided_noise_error,age,texture,2,15,1,0.07849853485822678,0.06909414143899084
guided_noise_error,age,texture,2,17,1,0.08373188972473145,0.06909414143899084
guided_noise_error,age,texture,2,19,1,0.13452158868312836,0.06909414143899084
guided_noise_error,age,texture,3,1,1,0.04001346230506897,0.06909414143899084
guided_noise_error,age,texture,3,2,2,0.05859214812517166,0.1119606276054954
guided_noise_error,age,texture,3,4,1,0.06487876176834106,0.06909414143899084
guided_noise_error,age,texture,3,5,2,0.08088233321905136,0.1119606276054954
guided_noise_error,age,texture,3,7,1,0.2320099174976349,0.06909414143899084
guided_noise_error,age,texture,3,8,2,0.25991639494895935,0.1119606276054954
guided_noise_error,age,texture,3,10,1,0.1858912855386734,0.06909414143899084
guided_noise_error,age,texture,3,11,2,0.24222682416439056,0.1119606276054954
guided_noise_error,age,texture,3,13,1,0.13457609713077545,0.06909414143899084
guided_noise_error,age,texture,3,14,2,0.20947349071502686,0.1119606276054954
guided_noise_error,age,texture,3,16,1,0.10795719921588898,0.06909414143899084
guided_noise_error,age,texture,3,17,2,0.20117458701133728,0.1119606276054954
guided_noise_error,age,texture,3,19,1,0.15324823558330536,0.06909414143899084
guided_noise_error,age,texture,3,1,1,0.03312453255057335,0.06909414143899084
guided_noise_error,age,texture,3,2,2,0.0468808151781559,0.1119606276054954
guided_noise_error,age,texture,3,4,1,0.1737394481897354,0.06909414143899084
guided_noise_error,age,texture,3,5,2,0.1608850508928299,0.1119606276054954
guided_noise_error,age,texture,3,7,1,0.08442255854606628,0.06909414143899084
guided_noise_error,age,texture,3,8,2,0.15210013091564178,0.1119606276054954
guided_noise_error,age,texture,3,10,1,0.12955693900585175,0.06909414143899084
guided_noise_error,age,texture,3,11,2,0.18517665565013885,0.1119606276054954
guided_noise_error,age,texture,3,13,1,0.08674435317516327,0.06909414143899084
guided_noise_error,age,texture,3,14,2,0.14843210577964783,0.1119606276054954
guided_noise_error,age,texture,3,16,1,0.07790843397378922,0.06909414143899084
guided_noise_error,age,texture,3,17,2,0.15760594606399536,0.1119606276054954
guided_noise_error,age,texture,3,19,1,0.13452158868312836,0.06909414143899084
guided_noise_error,age,texture,4,1,1,0.04001346230506897,0.06909414143899084
guided_noise_error,age,texture,4,2,2,0.05859214812517166,0.1119606276054954
guided_noise_error,age,texture,4,3,3,0.07461228221654892,0.15482711377199995
guided_noise_error,age,texture,4,5,1,0.07278067618608475,0.06909414143899084
guided_noise_error,age,texture,4,6,2,0.176869198679924,0.1119606276054954
guided_noise_error,age,texture,4,7,3,0.20541583001613617,0.15482711377199995
guided_noise_error,age,texture,4,9,1,0.18408039212226868,0.06909414143899084
guided_noise_error,age,texture,4,10,2,0.25723230838775635,0.1119606276054954
guided_noise_error,age,texture,4,11,3,0.2801896035671234,0.15482711377199995
guided_noise_error,age,texture,4,13,1,0.13457609713077545,0.06909414143899084
guided_noise_error,age,texture,4,14,2,0.20947349071502686,0.1119606276054954
guided_noise_error,age,texture,4,15,3,0.2778303325176239,0.15482711377199995
guided_noise_error,age,texture,4,17,1,0.10618007928133011,0.06909414143899084
guided_noise_error,age,texture,4,18,2,0.21245542168617249,0.1119606276054954
guided_noise_error,age,texture,4,19,3,0.3547927737236023,0.15482711377199995
guided_noise_error,age,texture,4,1,1,0.03312453255057335,0.06909414143899084
guided_noise_error,age,texture,4,2,2,0.0468808151781559,0.1119606276054954
guided_noise_error,age,texture,4,3,3,0.119669109582901,0.15482711377199995
guided_noise_error,age,texture,4,5,1,0.16744762659072876,0.06909414143899084
guided_noise_error,age,texture,4,6,2,0.17056401073932648,0.1119606276054954
guided_noise_error,age,texture,4,7,3,0.21147100627422333,0.15482711377199995
guided_noise_error,age,texture,4,9,1,0.13041706383228302,0.06909414143899084
guided_noise_error,age,texture,4,10,2,0.18923136591911316,0.1119606276054954
guided_noise_error,age,texture,4,11,3,0.2282819151878357,0.15482711377199995
guided_noise_error,age,texture,4,13,1,0.08674435317516327,0.06909414143899084
guided_noise_error,age,texture,4,14,2,0.14843210577964783,0.1119606276054954
guided_noise_error,age,texture,4,15,3,0.2006864845752716,0.15482711377199995
guided_noise_error,age,texture,4,17,1,0.08373188972473145,0.06909414143899084
guided_noise_error,age,texture,4,18,2,0.17907340824604034,0.1119606276054954
guided_noise_error,age,texture,4,19,3,0.3049057722091675,0.15482711377199995
guided_noise_error,age,texture,5,1,1,0.04001346230506897,0.06909414143899084
guided_noise_error,age,texture,5,2,2,0.05859214812517166,0.1119606276054954
guided_noise_error,age,texture,5,3,3,0.07461228221654892,0.15482711377199995
guided_noise_error,age,texture,5,4,4,0.09607778489589691,0.19769359993850455
guided_noise_error,age,texture,5,6,1,0.15615835785865784,0.06909414143899084
guided_noise_error,age,texture,5,7,2,0.194679394364357,0.1119606276054954
guided_noise_error,age,texture,5,8,3,0.2094631940126419,0.15482711377199995
guided_noise_error,age,texture,5,9,4,0.23724879324436188,0.19769359993850455
guided_noise_error,age,texture,5,11,1,0.173502117395401,0.06909414143899084
guided_noise_error,age,texture,5,12,2,0.24366456270217896,0.1119606276054954
guided_noise_error,age,texture,5,13,3,0.2981596291065216,0.15482711377199995
guided_noise_error,age,texture,5,14,4,0.3429226875305176,0.19769359993850455
guided_noise_error,age,texture,5,16,1,0.10795719921588898,0.06909414143899084
guided_noise_error,age,texture,5,17,2,0.20117458701133728,0.1119606276054954
guided_noise_error,age,texture,5,18,3,0.2976452708244324,0.15482711377199995
guided_noise_error,age,texture,5,19,4,0.4409157633781433,0.19769359993850455
guided_noise_error,age,texture,5,1,1,0.03312453255057335,0.06909414143899084
guided_noise_error,age,texture,5,2,2,0.0468808151781559,0.1119606276054954
guided_noise_error,age,texture,5,3,3,0.119669109582901,0.15482711377199995
guided_noise_error,age,texture,5,4,4,0.17014791071414948,0.19769359993850455
guided_noise_error,age,texture,5,6,1,0.07486756145954132,0.06909414143899084
guided_noise_error,age,texture,5,7,2,0.12285597622394562,0.1119606276054954
guided_noise_error,age,texture,5,8,3,0.17349892854690552,0.15482711377199995
guided_noise_error,age,texture,5,9,4,0.20788885653018951,0.19769359993850455
guided_noise_error,age,texture,5,11,1,0.11721935868263245,0.06909414143899084
guided_noise_error,age,texture,5,12,2,0.17599718272686005,0.1119606276054954
guided_noise_error,age,texture,5,13,3,0.214943528175354,0.15482711377199995
guided_noise_error,age,texture,5,14,4,0.25320303440093994,0.19769359993850455
guided_noise_error,age,texture,5,16,1,0.07790843397378922,0.06909414143899084
guided_noise_error,age,texture,5,17,2,0.15760594606399536,0.1119606276054954
guided_noise_error,age,texture,5,18,3,0.24787792563438416,0.15482711377199995
guided_noise_error,age,texture,5,19,4,0.37209394574165344,0.19769359993850455
guided_noise_error,lambda_distance,texture,2,1,1,0.04001346230506897,0.08540336392783801
guided_noise_error,lambda_distance,texture,2,3,1,0.03171507269144058,0.07862423340009268
guided_noise_error,lambda_distance,texture,2,5,1,0.07278067618608475,0.07287718259992315
guided_noise_error,lambda_distance,texture,2,7,1,0.2320099174976349,0.06833161106943829
guided_noise_error,lambda_distance,texture,2,9,1,0.18408039212226868,0.0651204905546672
guided_noise_error,lambda_distance,texture,2,11,1,0.173502117395401,0.06338495818474332
guided_noise_error,lambda_distance,texture,2,13,1,0.13457609713077545,0.06335700448190412
guided_noise_error,lambda_distance,texture,2,15,1,0.11109689623117447,0.06586068999356923
guided_noise_error,lambda_distance,texture,2,17,1,0.10618007928133011,0.07384056403184112
guided_noise_error,lambda_distance,texture,2,19,1,0.15324823558330536,0.1076543879037806
guided_noise_error,lambda_distance,texture,2,1,1,0.03312453255057335,0.08540336392783801
guided_noise_error,lambda_distance,texture,2,3,1,0.08977018296718597,0.07862423340009268
guided_noise_error,lambda_distance,texture,2,5,1,0.16744762659072876,0.07287718259992315
guided_noise_error,lambda_distance,texture,2,7,1,0.08442255854606628,0.06833161106943829
guided_noise_error,lambda_distance,texture,2,9,1,0.13041706383228302,0.0651204905546672
guided_noise_error,lambda_distance,texture,2,11,1,0.11721935868263245,0.06338495818474332
guided_noise_error,lambda_distance,texture,2,13,1,0.08674435317516327,0.06335700448190412
guided_noise_error,lambda_distance,texture,2,15,1,0.07849853485822678,0.06586068999356923
guided_noise_error,lambda_distance,texture,2,17,1,0.08373188972473145,0.07384056403184112
guided_noise_error,lambda_distance,texture,2,19,1,0.13452158868312836,0.1076543879037806
guided_noise_error,lambda_distance,texture,3,1,1,0.04001346230506897,0.08540336392783801
guided_noise_error,lambda_distance,texture,3,2,2,0.05859214812517166,0.13245865051342848
guided_noise_error,lambda_distance,texture,3,4,1,0.06487876176834106,0.07561041982374923
guided_noise_error,lambda_distance,texture,3,5,2,0.08088233321905136,0.11364671919755404
guided_noise_error,lambda_distance,texture,3,7,1,0.2320099174976349,0.06833161106943829
guided_noise_error,lambda_distance,texture,3,8,2,0.25991639494895935,0.10004271759020614
guided_noise_error,lambda_distance,texture,3,10,1,0.1858912855386734,0.06347744259640069
guided_noise_error,lambda_distance,texture,3,11,2,0.24222682416439056,0.09202151755502566
guided_noise_error,lambda_distance,texture,3,13,1,0.13457609713077545,0.06335700448190412
guided_noise_error,lambda_distance,texture,3,14,2,0.20947349071502686,0.09271380518077868
guided_noise_error,lambda_distance,texture,3,16,1,0.10795719921588898,0.06876631095748814
guided_noise_error,lambda_distance,texture,3,17,2,0.20117458701133728,0.10776599176321092
guided_noise_error,lambda_distance,texture,3,19,1,0.15324823558330536,0.1076543879037806
guided_noise_error,lambda_distance,texture,3,1,1,0.03312453255057335,0.08540336392783801
guided_noise_error,lambda_distance,texture,3,2,2,0.0468808151781559,0.13245865051342848
guided_noise_error,lambda_distance,texture,3,4,1,0.1737394481897354,0.07561041982374923
guided_noise_error,lambda_distance,texture,3,5,2,0.1608850508928299,0.11364671919755404
guided_noise_error,lambda_distance,texture,3,7,1,0.08442255854606628,0.06833161106943829
guided_noise_error,lambda_distance,texture,3,8,2,0.15210013091564178,0.10004271759020614
guided_noise_error,lambda_distance,texture,3,10,1,0.12955693900585175,0.06347744259640069
guided_noise_error,lambda_distance,texture,3,11,2,0.18517665565013885,0.09202151755502566
guided_noise_error,lambda_distance,texture,3,13,1,0.08674435317516327,0.06335700448190412
guided_noise_error,lambda_distance,texture,3,14,2,0.14843210577964783,0.09271380518077868
guided_noise_error,lambda_distance,texture,3,16,1,0.07790843397378922,0.06876631095748814
guided_noise_error,lambda_distance,texture,3,17,2,0.15760594606399536,0.10776599176321092
guided_noise_error,lambda_distance,texture,3,19,1,0.13452158868312836,0.1076543879037806
guided_noise_error,lambda_distance,texture,4,1,1,0.04001346230506897,0.08540336392783801
guided_noise_error,lambda_distance,texture,4,2,2,0.05859214812517166,0.13245865051342848
guided_noise_error,lambda_distance,texture,4,3,3,0.07461228221654892,0.1762420006874028
guided_noise_error,lambda_distance,texture,4,5,1,0.07278067618608475,0.07287718259992315
guided_noise_error,lambda_distance,texture,4,6,2,0.176869198679924,0.10848136061681901
guided_noise_error,lambda_distance,texture,4,7,3,0.20541583001613617,0.14197208846013895
guided_noise_error,lambda_distance,texture,4,9,1,0.18408039212226868,0.0651204905546672
guided_noise_error,lambda_distance,texture,4,10,2,0.25723230838775635,0.09375704992494954
guided_noise_error,lambda_distance,texture,4,11,3,0.2801896035671234,0.12230112488357452
guided_noise_error,lambda_distance,texture,4,13,1,0.13457609713077545,0.06335700448190412
guided_noise_error,lambda_distance,texture,4,14,2,0.20947349071502686,0.09271380518077868
guided_noise_error,lambda_distance,texture,4,15,3,0.2778303325176239,0.12373361194822957
guided_noise_error,lambda_distance,texture,4,17,1,0.10618007928133011,0.07384056403184112
guided_noise_error,lambda_distance,texture,4,18,2,0.21245542168617249,0.12256298825666502
guided_noise_error,lambda_distance,texture,4,19,3,0.3547927737236023,0.1953764929343273
guided_noise_error,lambda_distance,texture,4,1,1,0.03312453255057335,0.08540336392783801
guided_noise_error,lambda_distance,texture,4,2,2,0.0468808151781559,0.13245865051342848
guided_noise_error,lambda_distance,texture,4,3,3,0.119669109582901,0.1762420006874028
guided_noise_error,lambda_distance,texture,4,5,1,0.16744762659072876,0.07287718259992315
guided_noise_error,lambda_distance,texture,4,6,2,0.17056401073932648,0.10848136061681901
guided_noise_error,lambda_distance,texture,4,7,3,0.21147100627422333,0.14197208846013895
guided_noise_error,lambda_distance,texture,4,9,1,0.13041706383228302,0.0651204905546672
guided_noise_error,lambda_distance,texture,4,10,2,0.18923136591911316,0.09375704992494954
guided_noise_error,lambda_distance,texture,4,11,3,0.2282819151878357,0.12230112488357452
guided_noise_error,lambda_distance,texture,4,13,1,0.08674435317516327,0.06335700448190412
guided_noise_error,lambda_distance,texture,4,14,2,0.14843210577964783,0.09271380518077868
guided_noise_error,lambda_distance,texture,4,15,3,0.2006864845752716,0.12373361194822957
guided_noise_error,lambda_distance,texture,4,17,1,0.08373188972473145,0.07384056403184112
guided_noise_error,lambda_distance,texture,4,18,2,0.17907340824604034,0.12256298825666502
guided_noise_error,lambda_distance,texture,4,19,3,0.3049057722091675,0.1953764929343273
guided_noise_error,lambda_distance,texture,5,1,1,0.04001346230506897,0.08540336392783801
guided_noise_error,lambda_distance,texture,5,2,2,0.05859214812517166,0.13245865051342848
guided_noise_error,lambda_distance,texture,5,3,3,0.07461228221654892,0.1762420006874028
guided_noise_error,lambda_distance,texture,5,4,4,0.09607778489589691,0.21701153728503372
guided_noise_error,lambda_distance,texture,5,6,1,0.15615835785865784,0.07044506124301422
guided_noise_error,lambda_distance,texture,5,7,2,0.194679394364357,0.10393578908633416
guided_noise_error,lambda_distance,texture,5,8,3,0.2094631940126419,0.13564689560710202
guided_noise_error,lambda_distance,texture,5,9,4,0.23724879324436188,0.16592650293565087
guided_noise_error,lambda_distance,texture,5,11,1,0.173502117395401,0.06338495818474332
guided_noise_error,lambda_distance,texture,5,12,2,0.24366456270217896,0.09166895514389921
guided_noise_error,lambda_distance,texture,5,13,3,0.2981596291065216,0.120185076399685
guided_noise_error,lambda_distance,texture,5,14,4,0.3429226875305176,0.14954187709855954
guided_noise_error,lambda_distance,texture,5,16,1,0.10795719921588898,0.06876631095748814
guided_noise_error,lambda_distance,texture,5,17,2,0.20117458701133728,0.10776599176321092
guided_noise_error,lambda_distance,texture,5,18,3,0.2976452708244324,0.1564884159880348
guided_noise_error,lambda_distance,texture,5,19,4,0.4409157633781433,0.22930192066569707
guided_noise_error,lambda_distance,texture,5,1,1,0.03312453255057335,0.08540336392783801
guided_noise_error,lambda_distance,texture,5,2,2,0.0468808151781559,0.13245865051342848
guided_noise_error,lambda_distance,texture,5,3,3,0.119669109582901,0.1762420006874028
guided_noise_error,lambda_distance,texture,5,4,4,0.17014791071414948,0.21701153728503372
guided_noise_error,lambda_distance,texture,5,6,1,0.07486756145954132,0.07044506124301422
guided_noise_error,lambda_distance,texture,5,7,2,0.12285597622394562,0.10393578908633416
guided_noise_error,lambda_distance,texture,5,8,3,0.17349892854690552,0.13564689560710202
guided_noise_error,lambda_distance,texture,5,9,4,0.20788885653018951,0.16592650293565087
guided_noise_error,lambda_distance,texture,5,11,1,0.11721935868263245,0.06338495818474332
guided_noise_error,lambda_distance,texture,5,12,2,0.17599718272686005,0.09166895514389921
guided_noise_error,lambda_distance,texture,5,13,3,0.214943528175354,0.120185076399685
guided_noise_error,lambda_distance,texture,5,14,4,0.25320303440093994,0.14954187709855954
guided_noise_error,lambda_distance,texture,5,16,1,0.07790843397378922,0.06876631095748814
guided_noise_error,lambda_distance,texture,5,17,2,0.15760594606399536,0.10776599176321092
guided_noise_error,lambda_distance,texture,5,18,3,0.24787792563438416,0.1564884159880348
guided_noise_error,lambda_distance,texture,5,19,4,0.37209394574165344,0.22930192066569707
guided_noise_error,age+lambda_distance,texture,2,1,1,0.04001346230506897,0.07535498906747161
guided_noise_error,age+lambda_distance,texture,2,3,1,0.03171507269144058,0.07193104588019997
guided_noise_error,age+lambda_distance,texture,2,5,1,0.07278067618608475,0.06902837637802575
guided_noise_error,age+lambda_distance,texture,2,7,1,0.2320099174976349,0.06673253938088271
guided_noise_error,age+lambda_distance,texture,2,9,1,0.18408039212226868,0.06511069508019252
guided_noise_error,age+lambda_distance,texture,2,11,1,0.173502117395401,0.064234127766734
guided_noise_error,age+lambda_distance,texture,2,13,1,0.13457609713077545,0.0642200091581597
guided_noise_error,age+lambda_distance,texture,2,15,1,0.11109689623117447,0.06548454845499894
guided_noise_error,age+lambda_distance,texture,2,17,1,0.10618007928133011,0.06951495253658464
guided_noise_error,age+lambda_distance,texture,2,19,1,0.15324823558330536,0.08659333912437568
guided_noise_error,age+lambda_distance,texture,2,1,1,0.03312453255057335,0.07535498906747161
guided_noise_error,age+lambda_distance,texture,2,3,1,0.08977018296718597,0.07193104588019997
guided_noise_error,age+lambda_distance,texture,2,5,1,0.16744762659072876,0.06902837637802575
guided_noise_error,age+lambda_distance,texture,2,7,1,0.08442255854606628,0.06673253938088271
guided_noise_error,age+lambda_distance,texture,2,9,1,0.13041706383228302,0.06511069508019252
guided_noise_error,age+lambda_distance,texture,2,11,1,0.11721935868263245,0.064234127766734
guided_noise_error,age+lambda_distance,texture,2,13,1,0.08674435317516327,0.0642200091581597
guided_noise_error,age+lambda_distance,texture,2,15,1,0.07849853485822678,0.06548454845499894
guided_noise_error,age+lambda_distance,texture,2,17,1,0.08373188972473145,0.06951495253658464
guided_noise_error,age+lambda_distance,texture,2,19,1,0.13452158868312836,0.08659333912437568
guided_noise_error,age+lambda_distance,texture,3,1,1,0.04001346230506897,0.07535498906747161
guided_noise_error,age+lambda_distance,texture,3,2,2,0.05859214812517166,0.1227088814086136
guided_noise_error,age+lambda_distance,texture,3,4,1,0.06487876176834106,0.07040885561993071
guided_noise_error,age+lambda_distance,texture,3,5,2,0.08088233321905136,0.11320751780382798
guided_noise_error,age+lambda_distance,texture,3,7,1,0.2320099174976349,0.06673253938088271
guided_noise_error,age+lambda_distance,texture,3,8,2,0.25991639494895935,0.1063365291965909
guided_noise_error,age+lambda_distance,texture,3,10,1,0.1858912855386734,0.0642808389740086
guided_noise_error,age+lambda_distance,texture,3,11,2,0.24222682416439056,0.10228525254661412
guided_noise_error,age+lambda_distance,texture,3,13,1,0.13457609713077545,0.0642200091581597
guided_noise_error,age+lambda_distance,texture,3,14,2,0.20947349071502686,0.10263490704730979
guided_noise_error,age+lambda_distance,texture,3,16,1,0.10795719921588898,0.06695209374911687
guided_noise_error,age+lambda_distance,texture,3,17,2,0.20117458701133728,0.11023733209157303
guided_noise_error,age+lambda_distance,texture,3,19,1,0.15324823558330536,0.08659333912437568
guided_noise_error,age+lambda_distance,texture,3,1,1,0.03312453255057335,0.07535498906747161
guided_noise_error,age+lambda_distance,texture,3,2,2,0.0468808151781559,0.1227088814086136
guided_noise_error,age+lambda_distance,texture,3,4,1,0.1737394481897354,0.07040885561993071
guided_noise_error,age+lambda_distance,texture,3,5,2,0.1608850508928299,0.11320751780382798
guided_noise_error,age+lambda_distance,texture,3,7,1,0.08442255854606628,0.06673253938088271
guided_noise_error,age+lambda_distance,texture,3,8,2,0.15210013091564178,0.1063365291965909
guided_noise_error,age+lambda_distance,texture,3,10,1,0.12955693900585175,0.0642808389740086
guided_noise_error,age+lambda_distance,texture,3,11,2,0.18517665565013885,0.10228525254661412
guided_noise_error,age+lambda_distance,texture,3,13,1,0.08674435317516327,0.0642200091581597
guided_noise_error,age+lambda_distance,texture,3,14,2,0.14843210577964783,0.10263490704730979
guided_noise_error,age+lambda_distance,texture,3,16,1,0.07790843397378922,0.06695209374911687
guided_noise_error,age+lambda_distance,texture,3,17,2,0.15760594606399536,0.11023733209157303
guided_noise_error,age+lambda_distance,texture,3,19,1,0.13452158868312836,0.08659333912437568
guided_noise_error,age+lambda_distance,texture,4,1,1,0.04001346230506897,0.07535498906747161
guided_noise_error,age+lambda_distance,texture,4,2,2,0.05859214812517166,0.1227088814086136
guided_noise_error,age+lambda_distance,texture,4,3,3,0.07461228221654892,0.16841021309468507
guided_noise_error,age+lambda_distance,texture,4,5,1,0.07278067618608475,0.06902837637802575
guided_noise_error,age+lambda_distance,texture,4,6,2,0.176869198679924,0.11059864425434568
guided_noise_error,age+lambda_distance,texture,4,7,3,0.20541583001613617,0.1511014694410999
guided_noise_error,age+lambda_distance,texture,4,9,1,0.18408039212226868,0.06511069508019252
guided_noise_error,age+lambda_distance,texture,4,10,2,0.25723230838775635,0.10316181986007264
guided_noise_error,age+lambda_distance,texture,4,11,3,0.2801896035671234,0.14116623343267815
guided_noise_error,age+lambda_distance,texture,4,13,1,0.13457609713077545,0.0642200091581597
guided_noise_error,age+lambda_distance,texture,4,14,2,0.20947349071502686,0.10263490704730979
guided_noise_error,age+lambda_distance,texture,4,15,3,0.2778303325176239,0.14188974130818024
guided_noise_error,age+lambda_distance,texture,4,17,1,0.10618007928133011,0.06951495253658464
guided_noise_error,age+lambda_distance,texture,4,18,2,0.21245542168617249,0.11771086798655085
guided_noise_error,age+lambda_distance,texture,4,19,3,0.3547927737236023,0.17807449291679806
guided_noise_error,age+lambda_distance,texture,4,1,1,0.03312453255057335,0.07535498906747161
guided_noise_error,age+lambda_distance,texture,4,2,2,0.0468808151781559,0.1227088814086136
guided_noise_error,age+lambda_distance,texture,4,3,3,0.119669109582901,0.16841021309468507
guided_noise_error,age+lambda_distance,texture,4,5,1,0.16744762659072876,0.06902837637802575
guided_noise_error,age+lambda_distance,texture,4,6,2,0.17056401073932648,0.11059864425434568
guided_noise_error,age+lambda_distance,texture,4,7,3,0.21147100627422333,0.1511014694410999
guided_noise_error,age+lambda_distance,texture,4,9,1,0.13041706383228302,0.06511069508019252
guided_noise_error,age+lambda_distance,texture,4,10,2,0.18923136591911316,0.10316181986007264
guided_noise_error,age+lambda_distance,texture,4,11,3,0.2282819151878357,0.14116623343267815
guided_noise_error,age+lambda_distance,texture,4,13,1,0.08674435317516327,0.0642200091581597
guided_noise_error,age+lambda_distance,texture,4,14,2,0.14843210577964783,0.10263490704730979
guided_noise_error,age+lambda_distance,texture,4,15,3,0.2006864845752716,0.14188974130818024
guided_noise_error,age+lambda_distance,texture,4,17,1,0.08373188972473145,0.06951495253658464
guided_noise_error,age+lambda_distance,texture,4,18,2,0.17907340824604034,0.11771086798655085
guided_noise_error,age+lambda_distance,texture,4,19,3,0.3049057722091675,0.17807449291679806
guided_noise_error,age+lambda_distance,texture,5,1,1,0.04001346230506897,0.07535498906747161
guided_noise_error,age+lambda_distance,texture,5,2,2,0.05859214812517166,0.1227088814086136
guided_noise_error,age+lambda_distance,texture,5,3,3,0.07461228221654892,0.16841021309468507
guided_noise_error,age+lambda_distance,texture,5,4,4,0.09607778489589691,0.21258935452048736
guided_noise_error,age+lambda_distance,texture,5,6,1,0.15615835785865784,0.0677999820704484
guided_noise_error,age+lambda_distance,texture,5,7,2,0.194679394364357,0.10830280725720264
guided_noise_error,age+lambda_distance,texture,5,8,3,0.2094631940126419,0.1479067970729108
guided_noise_error,age+lambda_distance,texture,5,9,4,0.23724879324436188,0.18678777795897486
guided_noise_error,age+lambda_distance,texture,5,11,1,0.173502117395401,0.064234127766734
guided_noise_error,age+lambda_distance,texture,5,12,2,0.24366456270217896,0.10210718344752776
guided_noise_error,age+lambda_distance,texture,5,13,3,0.2981596291065216,0.14009747841155898
guided_noise_error,age+lambda_distance,texture,5,14,4,0.3429226875305176,0.1785123763007091
guided_noise_error,age+lambda_distance,texture,5,16,1,0.10795719921588898,0.06695209374911687
guided_noise_error,age+lambda_distance,texture,5,17,2,0.20117458701133728,0.11023733209157303
guided_noise_error,age+lambda_distance,texture,5,18,3,0.2976452708244324,0.15843324754153923
guided_noise_error,age+lambda_distance,texture,5,19,4,0.4409157633781433,0.21879687247178647
guided_noise_error,age+lambda_distance,texture,5,1,1,0.03312453255057335,0.07535498906747161
guided_noise_error,age+lambda_distance,texture,5,2,2,0.0468808151781559,0.1227088814086136
guided_noise_error,age+lambda_distance,texture,5,3,3,0.119669109582901,0.16841021309468507
guided_noise_error,age+lambda_distance,texture,5,4,4,0.17014791071414948,0.21258935452048736
guided_noise_error,age+lambda_distance,texture,5,6,1,0.07486756145954132,0.0677999820704484
guided_noise_error,age+lambda_distance,texture,5,7,2,0.12285597622394562,0.10830280725720264
guided_noise_error,age+lambda_distance,texture,5,8,3,0.17349892854690552,0.1479067970729108
guided_noise_error,age+lambda_distance,texture,5,9,4,0.20788885653018951,0.18678777795897486
guided_noise_error,age+lambda_distance,texture,5,11,1,0.11721935868263245,0.064234127766734
guided_noise_error,age+lambda_distance,texture,5,12,2,0.17599718272686005,0.10210718344752776
guided_noise_error,age+lambda_distance,texture,5,13,3,0.214943528175354,0.14009747841155898
guided_noise_error,age+lambda_distance,texture,5,14,4,0.25320303440093994,0.1785123763007091
guided_noise_error,age+lambda_distance,texture,5,16,1,0.07790843397378922,0.06695209374911687
guided_noise_error,age+lambda_distance,texture,5,17,2,0.15760594606399536,0.11023733209157303
guided_noise_error,age+lambda_distance,texture,5,18,3,0.24787792563438416,0.15843324754153923
guided_noise_error,age+lambda_distance,texture,5,19,4,0.37209394574165344,0.21879687247178647
boundary_error,intercept,animal,2,1,1,0.12306075543165207,0.26599538553920055
boundary_error,intercept,animal,2,3,1,0.15373380482196808,0.26599538553920055
boundary_error,intercept,animal,2,5,1,0.19976191222667694,0.26599538553920055
boundary_error,intercept,animal,2,7,1,0.1855292022228241,0.26599538553920055
boundary_error,intercept,animal,2,9,1,0.14145788550376892,0.26599538553920055
boundary_error,intercept,animal,2,11,1,0.12917988002300262,0.26599538553920055
boundary_error,intercept,animal,2,13,1,0.12454085797071457,0.26599538553920055
boundary_error,intercept,animal,2,15,1,0.1545003205537796,0.26599538553920055
boundary_error,intercept,animal,2,17,1,0.1309492588043213,0.26599538553920055
boundary_error,intercept,animal,2,19,1,0.18118032813072205,0.26599538553920055
boundary_error,intercept,animal,2,1,1,0.1117730513215065,0.26599538553920055
boundary_error,intercept,animal,2,3,1,0.13981924951076508,0.26599538553920055
boundary_error,intercept,animal,2,5,1,0.2563382685184479,0.26599538553920055
boundary_error,intercept,animal,2,7,1,0.22147156298160553,0.26599538553920055
boundary_error,intercept,animal,2,9,1,0.1703382283449173,0.26599538553920055
boundary_error,intercept,animal,2,11,1,0.2028263360261917,0.26599538553920055
boundary_error,intercept,animal,2,13,1,0.14349672198295593,0.26599538553920055
boundary_error,intercept,animal,2,15,1,0.12893183529376984,0.26599538553920055
boundary_error,intercept,animal,2,17,1,0.14062607288360596,0.26599538553920055
boundary_error,intercept,animal,2,19,1,0.18634623289108276,0.26599538553920055
boundary_error,intercept,animal,3,1,1,0.12306075543165207,0.26599538553920055
boundary_error,intercept,animal,3,2,2,0.28806227445602417,0.26599538553920055
boundary_error,intercept,animal,3,4,1,0.16397495567798615,0.26599538553920055
boundary_error,intercept,animal,3,5,2,0.2940984070301056,0.26599538553920055
boundary_error,intercept,animal,3,7,1,0.1855292022228241,0.26599538553920055
boundary_error,intercept,animal,3,8,2,0.2871551215648651,0.26599538553920055
boundary_error,intercept,animal,3,10,1,0.12961529195308685,0.26599538553920055
boundary_error,intercept,animal,3,11,2,0.24593272805213928,0.26599538553920055
boundary_error,intercept,animal,3,13,1,0.12454085797071457,0.26599538553920055
boundary_error,intercept,animal,3,14,2,0.24412205815315247,0.26599538553920055
boundary_error,intercept,animal,3,16,1,0.12096256017684937,0.26599538553920055
boundary_error,intercept,animal,3,17,2,0.24428972601890564,0.26599538553920055
boundary_error,intercept,animal,3,19,1,0.18118032813072205,0.26599538553920055
boundary_error,intercept,animal,3,1,1,0.1117730513215065,0.26599538553920055
boundary_error,intercept,animal,3,2,2,0.19331416487693787,0.26599538553920055
boundary_error,intercept,animal,3,4,1,0.20815815031528473,0.26599538553920055
boundary_error,intercept,animal,3,5,2,0.40001553297042847,0.26599538553920055
boundary_error,intercept,animal,3,7,1,0.22147156298160553,0.26599538553920055
boundary_error,intercept,animal,3,8,2,0.34321707487106323,0.26599538553920055
boundary_error,intercept,animal,3,10,1,0.19077815115451813,0.26599538553920055
boundary_error,intercept,animal,3,11,2,0.3400494158267975,0.26599538553920055
boundary_error,intercept,animal,3,13,1,0.14349672198295593,0.26599538553920055
boundary_error,intercept,animal,3,14,2,0.26057833433151245,0.26599538553920055
boundary_error,intercept,animal,3,16,1,0.1337832510471344,0.26599538553920055
boundary_error,intercept,animal,3,17,2,0.2651306390762329,0.26599538553920055
boundary_error,intercept,animal,3,19,1,0.18634623289108276,0.26599538553920055
boundary_error,intercept,animal,4,1,1,0.12306075543165207,0.26599538553920055
boundary_error,intercept,animal,4,2,2,0.28806227445602417,0.26599538553920055
boundary_error,intercept,animal,4,3,3,0.36215606331825256,0.26599538553920055
boundary_error,intercept,animal,4,5,1,0.19976191222667694,0.26599538553920055
boundary_error,intercept,animal,4,6,2,0.3380158543586731,0.26599538553920055
boundary_error,intercept,animal,4,7,3,0.45115819573402405,0.26599538553920055
boundary_error,intercept,animal,4,9,1,0.14145788550376892,0.26599538553920055
boundary_error,intercept,animal,4,10,2,0.24886497855186462,0.26599538553920055
boundary_error,intercept,animal,4,11,3,0.3532204031944275,0.26599538553920055
boundary_error,intercept,animal,4,13,1,0.12454085797071457,0.26599538553920055
boundary_error,intercept,animal,4,14,2,0.24412205815315247,0.26599538553920055
boundary_error,intercept,animal,4,15,3,0.3648260831832886,0.26599538553920055
boundary_error,intercept,animal,4,17,1,0.1309492588043213,0.26599538553920055
boundary_error,intercept,animal,4,18,2,0.2680053114891052,0.26599538553920055
boundary_error,intercept,animal,4,19,3,0.4184625744819641,0.26599538553920055
boundary_error,intercept,animal,4,1,1,0.1117730513215065,0.26599538553920055
boundary_error,intercept,animal,4,2,2,0.19331416487693787,0.26599538553920055
boundary_error,intercept,animal,4,3,3,0.29198920726776123,0.26599538553920055
boundary_error,intercept,animal,4,5,1,0.2563382685184479,0.26599538553920055
boundary_error,intercept,animal,4,6,2,0.39115479588508606,0.26599538553920055
boundary_error,intercept,animal,4,7,3,0.5013003349304199,0.26599538553920055
boundary_error,intercept,animal,4,9,1,0.1703382283449173,0.26599538553920055
boundary_error,intercept,animal,4,10,2,0.3224334120750427,0.26599538553920055
boundary_error,intercept,animal,4,11,3,0.4443466365337372,0.26599538553920055
boundary_error,intercept,animal,4,13,1,0.14349672198295593,0.26599538553920055
boundary_error,intercept,animal,4,14,2,0.26057833433151245,0.26599538553920055
boundary_error,intercept,animal,4,15,3,0.3667490482330322,0.26599538553920055
boundary_error,intercept,animal,4,17,1,0.14062607288360596,0.26599538553920055
boundary_error,intercept,animal,4,18,2,0.284294068813324,0.26599538553920055
boundary_error,intercept,animal,4,19,3,0.43719565868377686,0.26599538553920055
boundary_error,intercept,animal,5,1,1,0.12306075543165207,0.26599538553920055
boundary_error,intercept,animal,5,2,2,0.28806227445602417,0.26599538553920055
boundary_error,intercept,animal,5,3,3,0.36215606331825256,0.26599538553920055
boundary_error,intercept,animal,5,4,4,0.4527961015701294,0.26599538553920055
boundary_error,intercept,animal,5,6,1,0.18535137176513672,0.26599538553920055
boundary_error,intercept,animal,5,7,2,0.32418474555015564,0.26599538553920055
boundary_error,intercept,animal,5,8,3,0.4144410789012909,0.26599538553920055
boundary_error,intercept,animal,5,9,4,0.4963059723377228,0.26599538553920055
boundary_error,intercept,animal,5,11,1,0.12917988002300262,0.26599538553920055
boundary_error,intercept,animal,5,12,2,0.24319125711917877,0.26599538553920055
boundary_error,intercept,animal,5,13,3,0.3474804162979126,0.26599538553920055
boundary_error,intercept,animal,5,14,4,0.4438999593257904,0.26599538553920055
boundary_error,intercept,animal,5,16,1,0.12096256017684937,0.26599538553920055
boundary_error,intercept,animal,5,17,2,0.24428972601890564,0.26599538553920055
boundary_error,intercept,animal,5,18,3,0.3704880475997925,0.26599538553920055
boundary_error,intercept,animal,5,19,4,0.5066685080528259,0.26599538553920055
boundary_error,intercept,animal,5,1,1,0.1117730513215065,0.26599538553920055
boundary_error,intercept,animal,5,2,2,0.19331416487693787,0.26599538553920055
boundary_error,intercept,animal,5,3,3,0.29198920726776123,0.26599538553920055
boundary_error,intercept,animal,5,4,4,0.4092571437358856,0.26599538553920055
boundary_error,intercept,animal,5,6,1,0.2647109031677246,0.26599538553920055
boundary_error,intercept,animal,5,7,2,0.3892322778701782,0.26599538553920055
boundary_error,intercept,animal,5,8,3,0.4810079336166382,0.26599538553920055
boundary_error,intercept,animal,5,9,4,0.5652796626091003,0.26599538553920055
boundary_error,intercept,animal,5,11,1,0.2028263360261917,0.26599538553920055
boundary_error,intercept,animal,5,12,2,0.3118521273136139,0.26599538553920055
boundary_error,intercept,animal,5,13,3,0.41217803955078125,0.26599538553920055
boundary_error,intercept,animal,5,14,4,0.49815165996551514,0.26599538553920055
boundary_error,intercept,animal,5,16,1,0.1337832510471344,0.26599538553920055
boundary_error,intercept,animal,5,17,2,0.2651306390762329,0.26599538553920055
boundary_error,intercept,animal,5,18,3,0.3955085277557373,0.26599538553920055
boundary_error,intercept,animal,5,19,4,0.5319064259529114,0.26599538553920055
boundary_error,age,animal,2,1,1,0.12306075543165207,0.17155771023111988
boundary_error,age,animal,2,3,1,0.15373380482196808,0.17155771023111988
boundary_error,age,animal,2,5,1,0.19976191222667694,0.17155771023111988
boundary_error,age,animal,2,7,1,0.1855292022228241,0.17155771023111988
boundary_error,age,animal,2,9,1,0.14145788550376892,0.17155771023111988
boundary_error,age,animal,2,11,1,0.12917988002300262,0.17155771023111988
boundary_error,age,animal,2,13,1,0.12454085797071457,0.17155771023111988
boundary_error,age,animal,2,15,1,0.1545003205537796,0.17155771023111988
boundary_error,age,animal,2,17,1,0.1309492588043213,0.17155771023111988
boundary_error,age,animal,2,19,1,0.18118032813072205,0.17155771023111988
boundary_error,age,animal,2,1,1,0.1117730513215065,0.17155771023111988
boundary_error,age,animal,2,3,1,0.13981924951076508,0.17155771023111988
boundary_error,age,animal,2,5,1,0.2563382685184479,0.17155771023111988
boundary_error,age,animal,2,7,1,0.22147156298160553,0.17155771023111988
boundary_error,age,animal,2,9,1,0.1703382283449173,0.17155771023111988
boundary_error,age,animal,2,11,1,0.2028263360261917,0.17155771023111988
boundary_error,age,animal,2,13,1,0.14349672198295593,0.17155771023111988
boundary_error,age,animal,2,15,1,0.12893183529376984,0.17155771023111988
boundary_error,age,animal,2,17,1,0.14062607288360596,0.17155771023111988
boundary_error,age,animal,2,19,1,0.18634623289108276,0.17155771023111988
boundary_error,age,animal,3,1,1,0.12306075543165207,0.17155771023111988
boundary_error,age,animal,3,2,2,0.28806227445602417,0.28488292060081677
boundary_error,age,animal,3,4,1,0.16397495567798615,0.17155771023111988
boundary_error,age,animal,3,5,2,0.2940984070301056,0.28488292060081677
boundary_error,age,animal,3,7,1,0.1855292022228241,0.17155771023111988
boundary_error,age,animal,3,8,2,0.2871551215648651,0.28488292060081677
boundary_error,age,animal,3,10,1,0.12961529195308685,0.17155771023111988
boundary_error,age,animal,3,11,2,0.24593272805213928,0.28488292060081677
boundary_error,age,animal,3,13,1,0.12454085797071457,0.17155771023111988
boundary_error,age,animal,3,14,2,0.24412205815315247,0.28488292060081677
boundary_error,age,animal,3,16,1,0.12096256017684937,0.17155771023111988
boundary_error,age,animal,3,17,2,0.24428972601890564,0.28488292060081677
boundary_error,age,animal,3,19,1,0.18118032813072205,0.17155771023111988
boundary_error,age,animal,3,1,1,0.1117730513215065,0.17155771023111988
boundary_error,age,animal,3,2,2,0.19331416487693787,0.28488292060081677
boundary_error,age,animal,3,4,1,0.20815815031528473,0.17155771023111988
boundary_error,age,animal,3,5,2,0.40001553297042847,0.28488292060081677
boundary_error,age,animal,3,7,1,0.22147156298160553,0.17155771023111988
boundary_error,age,animal,3,8,2,0.34321707487106323,0.28488292060081677
boundary_error,age,animal,3,10,1,0.19077815115451813,0.17155771023111988
boundary_error,age,animal,3,11,2,0.3400494158267975,0.28488292060081677
boundary_error,age,animal,3,13,1,0.14349672198295593,0.17155771023111988
boundary_error,age,animal,3,14,2,0.26057833433151245,0.28488292060081677
boundary_error,age,animal,3,16,1,0.1337832510471344,0.17155771023111988
boundary_error,age,animal,3,17,2,0.2651306390762329,0.28488292060081677
boundary_error,age,animal,3,19,1,0.18634623289108276,0.17155771023111988
boundary_error,age,animal,4,1,1,0.12306075543165207,0.17155771023111988
boundary_error,age,animal,4,2,2,0.28806227445602417,0.28488292060081677
boundary_error,age,animal,4,3,3,0.36215606331825256,0.39820813097051366
boundary_error,age,animal,4,5,1,0.19976191222667694,0.17155771023111988
boundary_error,age,animal,4,6,2,0.3380158543586731,0.28488292060081677
boundary_error,age,animal,4,7,3,0.45115819573402405,0.39820813097051366
boundary_error,age,animal,4,9,1,0.14145788550376892,0.17155771023111988
boundary_error,age,animal,4,10,2,0.24886497855186462,0.28488292060081677
boundary_error,age,animal,4,11,3,0.3532204031944275,0.39820813097051366
boundary_error,age,animal,4,13,1,0.12454085797071457,0.17155771023111988
boundary_error,age,animal,4,14,2,0.24412205815315247,0.28488292060081677
boundary_error,age,animal,4,15,3,0.3648260831832886,0.39820813097051366
boundary_error,age,animal,4,17,1,0.1309492588043213,0.17155771023111988
boundary_error,age,animal,4,18,2,0.2680053114891052,0.28488292060081677
boundary_error,age,animal,4,19,3,0.4184625744819641,0.39820813097051366
boundary_error,age,animal,4,1,1,0.1117730513215065,0.17155771023111988
boundary_error,age,animal,4,2,2,0.19331416487693787,0.28488292060081677
boundary_error,age,animal,4,3,3,0.29198920726776123,0.39820813097051366
boundary_error,age,animal,4,5,1,0.2563382685184479,0.17155771023111988
boundary_error,age,animal,4,6,2,0.39115479588508606,0.28488292060081677
boundary_error,age,animal,4,7,3,0.5013003349304199,0.39820813097051366
boundary_error,age,animal,4,9,1,0.1703382283449173,0.17155771023111988
boundary_error,age,animal,4,10,2,0.3224334120750427,0.28488292060081677
boundary_error,age,animal,4,11,3,0.4443466365337372,0.39820813097051366
boundary_error,age,animal,4,13,1,0.14349672198295593,0.17155771023111988
boundary_error,age,animal,4,14,2,0.26057833433151245,0.28488292060081677
boundary_error,age,animal,4,15,3,0.3667490482330322,0.39820813097051366
boundary_error,age,animal,4,17,1,0.14062607288360596,0.17155771023111988
boundary_error,age,animal,4,18,2,0.284294068813324,0.28488292060081677
boundary_error,age,animal,4,19,3,0.43719565868377686,0.39820813097051366
boundary_error,age,animal,5,1,1,0.12306075543165207,0.17155771023111988
boundary_error,age,animal,5,2,2,0.28806227445602417,0.28488292060081677
boundary_error,age,animal,5,3,3,0.36215606331825256,0.39820813097051366
boundary_error,age,animal,5,4,4,0.4527961015701294,0.5115333413402106
boundary_error,age,animal,5,6,1,0.18535137176513672,0.17155771023111988
boundary_error,age,animal,5,7,2,0.32418474555015564,0.28488292060081677
boundary_error,age,animal,5,8,3,0.4144410789012909,0.39820813097051366
boundary_error,age,animal,5,9,4,0.4963059723377228,0.5115333413402106
boundary_error,age,animal,5,11,1,0.12917988002300262,0.17155771023111988
boundary_error,age,animal,5,12,2,0.24319125711917877,0.28488292060081677
boundary_error,age,animal,5,13,3,0.3474804162979126,0.39820813097051366
boundary_error,age,animal,5,14,4,0.4438999593257904,0.5115333413402106
boundary_error,age,animal,5,16,1,0.12096256017684937,0.17155771023111988
boundary_error,age,animal,5,17,2,0.24428972601890564,0.28488292060081677
boundary_error,age,animal,5,18,3,0.3704880475997925,0.39820813097051366
boundary_error,age,animal,5,19,4,0.5066685080528259,0.5115333413402106
boundary_error,age,animal,5,1,1,0.1117730513215065,0.17155771023111988
boundary_error,age,animal,5,2,2,0.19331416487693787,0.28488292060081677
boundary_error,age,animal,5,3,3,0.29198920726776123,0.39820813097051366
boundary_error,age,animal,5,4,4,0.4092571437358856,0.5115333413402106
boundary_error,age,animal,5,6,1,0.2647109031677246,0.17155771023111988
boundary_error,age,animal,5,7,2,0.3892322778701782,0.28488292060081677
boundary_error,age,animal,5,8,3,0.4810079336166382,0.39820813097051366
boundary_error,age,animal,5,9,4,0.5652796626091003,0.5115333413402106
boundary_error,age,animal,5,11,1,0.2028263360261917,0.17155771023111988
boundary_error,age,animal,5,12,2,0.3118521273136139,0.28488292060081677
boundary_error,age,animal,5,13,3,0.41217803955078125,0.39820813097051366
boundary_error,age,animal,5,14,4,0.49815165996551514,0.5115333413402106
boundary_error,age,animal,5,16,1,0.1337832510471344,0.17155771023111988
boundary_error,age,animal,5,17,2,0.2651306390762329,0.28488292060081677
boundary_error,age,animal,5,18,3,0.3955085277557373,0.39820813097051366
boundary_error,age,animal,5,19,4,0.5319064259529114,0.5115333413402106
boundary_error,lambda_distance,animal,2,1,1,0.12306075543165207,0.22015684154091913
boundary_error,lambda_distance,animal,2,3,1,0.15373380482196808,0.20414963580317846
boundary_error,lambda_distance,animal,2,5,1,0.19976191222667694,0.1905794258526471
boundary_error,lambda_distance,animal,2,7,1,0.1855292022228241,0.17984620595279543
boundary_error,lambda_distance,animal,2,9,1,0.14145788550376892,0.172263955320764
boundary_error,lambda_distance,animal,2,11,1,0.12917988002300262,0.16816593366501048
boundary_error,lambda_distance,animal,2,13,1,0.12454085797071457,0.16809992805106821
boundary_error,lambda_distance,animal,2,15,1,0.1545003205537796,0.17401174947474465
boundary_error,lambda_distance,animal,2,17,1,0.1309492588043213,0.19285420795361352
boundary_error,lambda_distance,animal,2,19,1,0.18118032813072205,0.2726970186625381
boundary_error,lambda_distance,animal,2,1,1,0.1117730513215065,0.22015684154091913
boundary_error,lambda_distance,animal,2,3,1,0.13981924951076508,0.20414963580317846
boundary_error,lambda_distance,animal,2,5,1,0.2563382685184479,0.1905794258526471
boundary_error,lambda_distance,animal,2,7,1,0.22147156298160553,0.17984620595279543
boundary_error,lambda_distance,animal,2,9,1,0.1703382283449173,0.172263955320764
boundary_error,lambda_distance,animal,2,11,1,0.2028263360261917,0.16816593366501048
boundary_error,lambda_distance,animal,2,13,1,0.14349672198295593,0.16809992805106821
boundary_error,lambda_distance,animal,2,15,1,0.12893183529376984,0.17401174947474465
boundary_error,lambda_distance,animal,2,17,1,0.14062607288360596,0.19285420795361352
boundary_error,lambda_distance,animal,2,19,1,0.18634623289108276,0.2726970186625381
boundary_error,lambda_distance,animal,3,1,1,0.12306075543165207,0.22015684154091913
boundary_error,lambda_distance,animal,3,2,2,0.28806227445602417,0.3312660243986817
boundary_error,lambda_distance,animal,3,4,1,0.16397495567798615,0.19703327570739926
boundary_error,lambda_distance,animal,3,5,2,0.2940984070301056,0.286846396591692
boundary_error,lambda_distance,animal,3,7,1,0.1855292022228241,0.17984620595279543
boundary_error,lambda_distance,animal,3,8,2,0.2871551215648651,0.2547239803475843
boundary_error,lambda_distance,animal,3,10,1,0.12961529195308685,0.16838431226074252
boundary_error,lambda_distance,animal,3,11,2,0.24593272805213928,0.23578394095739866
boundary_error,lambda_distance,animal,3,13,1,0.12454085797071457,0.16809992805106821
boundary_error,lambda_distance,animal,3,14,2,0.24412205815315247,0.23741860345722313
boundary_error,lambda_distance,animal,3,16,1,0.12096256017684937,0.18087264002331643
boundary_error,lambda_distance,animal,3,17,2,0.24428972601890564,0.2729605430085756
boundary_error,lambda_distance,animal,3,19,1,0.18118032813072205,0.2726970186625381
boundary_error,lambda_distance,animal,3,1,1,0.1117730513215065,0.22015684154091913
boundary_error,lambda_distance,animal,3,2,2,0.19331416487693787,0.3312660243986817
boundary_error,lambda_distance,animal,3,4,1,0.20815815031528473,0.19703327570739926
boundary_error,lambda_distance,animal,3,5,2,0.40001553297042847,0.286846396591692
boundary_error,lambda_distance,animal,3,7,1,0.22147156298160553,0.17984620595279543
boundary_error,lambda_distance,animal,3,8,2,0.34321707487106323,0.2547239803475843
boundary_error,lambda_distance,animal,3,10,1,0.19077815115451813,0.16838431226074252
boundary_error,lambda_distance,animal,3,11,2,0.3400494158267975,0.23578394095739866
boundary_error,lambda_distance,animal,3,13,1,0.14349672198295593,0.16809992805106821
boundary_error,lambda_distance,animal,3,14,2,0.26057833433151245,0.23741860345722313
boundary_error,lambda_distance,animal,3,16,1,0.1337832510471344,0.18087264002331643
boundary_error,lambda_distance,animal,3,17,2,0.2651306390762329,0.2729605430085756
boundary_error,lambda_distance,animal,3,19,1,0.18634623289108276,0.2726970186625381
boundary_error,lambda_distance,animal,4,1,1,0.12306075543165207,0.22015684154091913
boundary_error,lambda_distance,animal,4,2,2,0.28806227445602417,0.3312660243986817
boundary_error,lambda_distance,animal,4,3,3,0.36215606331825256,0.4346493552335058
boundary_error,lambda_distance,animal,4,5,1,0.19976191222667694,0.1905794258526471
boundary_error,lambda_distance,animal,4,6,2,0.3380158543586731,0.2746497060024448
boundary_error,lambda_distance,animal,4,7,3,0.45115819573402405,0.3537296069868859
boundary_error,lambda_distance,animal,4,9,1,0.14145788550376892,0.172263955320764
boundary_error,lambda_distance,animal,4,10,2,0.24886497855186462,0.2398819626131522
boundary_error,lambda_distance,animal,4,11,3,0.3532204031944275,0.3072815913098083
boundary_error,lambda_distance,animal,4,13,1,0.12454085797071457,0.16809992805106821
boundary_error,lambda_distance,animal,4,14,2,0.24412205815315247,0.23741860345722313
boundary_error,lambda_distance,animal,4,15,3,0.3648260831832886,0.31066404796361347
boundary_error,lambda_distance,animal,4,17,1,0.1309492588043213,0.19285420795361352
boundary_error,lambda_distance,animal,4,18,2,0.2680053114891052,0.3078999155729395
boundary_error,lambda_distance,animal,4,19,3,0.4184625744819641,0.4798306292671233
boundary_error,lambda_distance,animal,4,1,1,0.1117730513215065,0.22015684154091913
boundary_error,lambda_distance,animal,4,2,2,0.19331416487693787,0.3312660243986817
boundary_error,lambda_distance,animal,4,3,3,0.29198920726776123,0.4346493552335058
boundary_error,lambda_distance,animal,4,5,1,0.2563382685184479,0.1905794258526471
boundary_error,lambda_distance,animal,4,6,2,0.39115479588508606,0.2746497060024448
boundary_error,lambda_distance,animal,4,7,3,0.5013003349304199,0.3537296069868859
boundary_error,lambda_distance,animal,4,9,1,0.1703382283449173,0.172263955320764
boundary_error,lambda_distance,animal,4,10,2,0.3224334120750427,0.2398819626131522
boundary_error,lambda_distance,animal,4,11,3,0.4443466365337372,0.3072815913098083
boundary_error,lambda_distance,animal,4,13,1,0.14349672198295593,0.16809992805106821
boundary_error,lambda_distance,animal,4,14,2,0.26057833433151245,0.23741860345722313
boundary_error,lambda_distance,animal,4,15,3,0.3667490482330322,0.31066404796361347
boundary_error,lambda_distance,animal,4,17,1,0.14062607288360596,0.19285420795361352
boundary_error,lambda_distance,animal,4,18,2,0.284294068813324,0.3078999155729395
boundary_error,lambda_distance,animal,4,19,3,0.43719565868377686,0.4798306292671233
boundary_error,lambda_distance,animal,5,1,1,0.12306075543165207,0.22015684154091913
boundary_error,lambda_distance,animal,5,2,2,0.28806227445602417,0.3312660243986817
boundary_error,lambda_distance,animal,5,3,3,0.36215606331825256,0.4346493552335058
boundary_error,lambda_distance,animal,5,4,4,0.4527961015701294,0.5309163259725507
boundary_error,lambda_distance,animal,5,6,1,0.18535137176513672,0.1848365851181521
boundary_error,lambda_distance,animal,5,7,2,0.32418474555015564,0.26391648610259316
boundary_error,lambda_distance,animal,5,8,3,0.4144410789012909,0.3387942604973821
boundary_error,lambda_distance,animal,5,9,4,0.4963059723377228,0.4102919108497918
boundary_error,lambda_distance,animal,5,11,1,0.12917988002300262,0.16816593366501048
boundary_error,lambda_distance,animal,5,12,2,0.24319125711917877,0.23495145380772697
boundary_error,lambda_distance,animal,5,13,3,0.3474804162979126,0.3022850768904408
boundary_error,lambda_distance,animal,5,14,4,0.4438999593257904,0.37160375229659576
boundary_error,lambda_distance,animal,5,16,1,0.12096256017684937,0.18087264002331643
boundary_error,lambda_distance,animal,5,17,2,0.24428972601890564,0.2729605430085756
boundary_error,lambda_distance,animal,5,18,3,0.3704880475997925,0.3880062506279016
boundary_error,lambda_distance,animal,5,19,4,0.5066685080528259,0.5599369643220853
boundary_error,lambda_distance,animal,5,1,1,0.1117730513215065,0.22015684154091913
boundary_error,lambda_distance,animal,5,2,2,0.19331416487693787,0.3312660243986817
boundary_error,lambda_distance,animal,5,3,3,0.29198920726776123,0.4346493552335058
boundary_error,lambda_distance,animal,5,4,4,0.4092571437358856,0.5309163259725507
boundary_error,lambda_distance,animal,5,6,1,0.2647109031677246,0.1848365851181521
boundary_error,lambda_distance,animal,5,7,2,0.3892322778701782,0.26391648610259316
boundary_error,lambda_distance,animal,5,8,3,0.4810079336166382,0.3387942604973821
boundary_error,lambda_distance,animal,5,9,4,0.5652796626091003,0.4102919108497918
boundary_error,lambda_distance,animal,5,11,1,0.2028263360261917,0.16816593366501048
boundary_error,lambda_distance,animal,5,12,2,0.3118521273136139,0.23495145380772697
boundary_error,lambda_distance,animal,5,13,3,0.41217803955078125,0.3022850768904408
boundary_error,lambda_distance,animal,5,14,4,0.49815165996551514,0.37160375229659576
boundary_error,lambda_distance,animal,5,16,1,0.1337832510471344,0.18087264002331643
boundary_error,lambda_distance,animal,5,17,2,0.2651306390762329,0.2729605430085756
boundary_error,lambda_distance,animal,5,18,3,0.3955085277557373,0.3880062506279016
boundary_error,lambda_distance,animal,5,19,4,0.5319064259529114,0.5599369643220853
boundary_error,age+lambda_distance,animal,2,1,1,0.12306075543165207,0.17052373910191973
boundary_error,age+lambda_distance,animal,2,3,1,0.15373380482196808,0.17108919902264283
boundary_error,age+lambda_distance,animal,2,5,1,0.19976191222667694,0.17156857124841057
boundary_error,age+lambda_distance,animal,2,7,1,0.1855292022228241,0.17194772584747745
boundary_error,age+lambda_distance,animal,2,9,1,0.14145788550376892,0.1722155713985084
boundary_error,age+lambda_distance,animal,2,11,1,0.12917988002300262,0.17236033539033493
boundary_error,age+lambda_distance,animal,2,13,1,0.12454085797071457,0.17236266706082373
boundary_error,age+lambda_distance,animal,2,15,1,0.1545003205537796,0.1721538299828021
boundary_error,age+lambda_distance,animal,2,17,1,0.1309492588043213,0.17148821380642168
boundary_error,age+lambda_distance,animal,2,19,1,0.18118032813072205,0.16866773969285853
boundary_error,age+lambda_distance,animal,2,1,1,0.1117730513215065,0.17052373910191973
boundary_error,age+lambda_distance,animal,2,3,1,0.13981924951076508,0.17108919902264283
boundary_error,age+lambda_distance,animal,2,5,1,0.2563382685184479,0.17156857124841057
boundary_error,age+lambda_distance,animal,2,7,1,0.22147156298160553,0.17194772584747745
boundary_error,age+lambda_distance,animal,2,9,1,0.1703382283449173,0.1722155713985084
boundary_error,age+lambda_distance,animal,2,11,1,0.2028263360261917,0.17236033539033493
boundary_error,age+lambda_distance,animal,2,13,1,0.14349672198295593,0.17236266706082373
boundary_error,age+lambda_distance,animal,2,15,1,0.12893183529376984,0.1721538299828021
boundary_error,age+lambda_distance,animal,2,17,1,0.14062607288360596,0.17148821380642168
boundary_error,age+lambda_distance,animal,2,19,1,0.18634623289108276,0.16866773969285853
boundary_error,age+lambda_distance,animal,3,1,1,0.12306075543165207,0.17052373910191973
boundary_error,age+lambda_distance,animal,3,2,2,0.28806227445602417,0.28310785997305377
boundary_error,age+lambda_distance,animal,3,4,1,0.16397495567798615,0.17134058683395262
boundary_error,age+lambda_distance,animal,3,5,2,0.2940984070301056,0.2846769982492658
boundary_error,age+lambda_distance,animal,3,7,1,0.1855292022228241,0.17194772584747745
boundary_error,age+lambda_distance,animal,3,8,2,0.2871551215648651,0.28581173339545074
boundary_error,age+lambda_distance,animal,3,10,1,0.12961529195308685,0.17235262109307073
boundary_error,age+lambda_distance,animal,3,11,2,0.24593272805213928,0.28648079665030823
boundary_error,age+lambda_distance,animal,3,13,1,0.12454085797071457,0.17236266706082373
boundary_error,age+lambda_distance,animal,3,14,2,0.24412205815315247,0.2864230516482945
boundary_error,age+lambda_distance,animal,3,16,1,0.12096256017684937,0.17191146671907903
boundary_error,age+lambda_distance,animal,3,17,2,0.24428972601890564,0.2851675206924033
boundary_error,age+lambda_distance,animal,3,19,1,0.18118032813072205,0.16866773969285853
boundary_error,age+lambda_distance,animal,3,1,1,0.1117730513215065,0.17052373910191973
boundary_error,age+lambda_distance,animal,3,2,2,0.19331416487693787,0.28310785997305377
boundary_error,age+lambda_distance,animal,3,4,1,0.20815815031528473,0.17134058683395262
boundary_error,age+lambda_distance,animal,3,5,2,0.40001553297042847,0.2846769982492658
boundary_error,age+lambda_distance,animal,3,7,1,0.22147156298160553,0.17194772584747745
boundary_error,age+lambda_distance,animal,3,8,2,0.34321707487106323,0.28581173339545074
boundary_error,age+lambda_distance,animal,3,10,1,0.19077815115451813,0.17235262109307073
boundary_error,age+lambda_distance,animal,3,11,2,0.3400494158267975,0.28648079665030823
boundary_error,age+lambda_distance,animal,3,13,1,0.14349672198295593,0.17236266706082373
boundary_error,age+lambda_distance,animal,3,14,2,0.26057833433151245,0.2864230516482945
boundary_error,age+lambda_distance,animal,3,16,1,0.1337832510471344,0.17191146671907903
boundary_error,age+lambda_distance,animal,3,17,2,0.2651306390762329,0.2851675206924033
boundary_error,age+lambda_distance,animal,3,19,1,0.18634623289108276,0.16866773969285853
boundary_error,age+lambda_distance,animal,4,1,1,0.12306075543165207,0.17052373910191973
boundary_error,age+lambda_distance,animal,4,2,2,0.28806227445602417,0.28310785997305377
boundary_error,age+lambda_distance,animal,4,3,3,0.36215606331825256,0.3959648991625992
boundary_error,age+lambda_distance,animal,4,5,1,0.19976191222667694,0.17156857124841057
boundary_error,age+lambda_distance,animal,4,6,2,0.3380158543586731,0.2851078504421266
boundary_error,age+lambda_distance,animal,4,7,3,0.45115819573402405,0.39882341645650665
boundary_error,age+lambda_distance,animal,4,9,1,0.14145788550376892,0.1722155713985084
boundary_error,age+lambda_distance,animal,4,10,2,0.24886497855186462,0.28633603265848173
boundary_error,age+lambda_distance,animal,4,11,3,0.3532204031944275,0.40046420821571926
boundary_error,age+lambda_distance,animal,4,13,1,0.12454085797071457,0.17236266706082373
boundary_error,age+lambda_distance,animal,4,14,2,0.24412205815315247,0.2864230516482945
boundary_error,age+lambda_distance,animal,4,15,3,0.3648260831832886,0.40034472179799924
boundary_error,age+lambda_distance,animal,4,17,1,0.1309492588043213,0.17148821380642168
boundary_error,age+lambda_distance,animal,4,18,2,0.2680053114891052,0.28393327561777554
boundary_error,age+lambda_distance,animal,4,19,3,0.4184625744819641,0.3943688554775367
boundary_error,age+lambda_distance,animal,4,1,1,0.1117730513215065,0.17052373910191973
boundary_error,age+lambda_distance,animal,4,2,2,0.19331416487693787,0.28310785997305377
boundary_error,age+lambda_distance,animal,4,3,3,0.29198920726776123,0.3959648991625992
boundary_error,age+lambda_distance,animal,4,5,1,0.2563382685184479,0.17156857124841057
boundary_error,age+lambda_distance,animal,4,6,2,0.39115479588508606,0.2851078504421266
boundary_error,age+lambda_distance,animal,4,7,3,0.5013003349304199,0.39882341645650665
boundary_error,age+lambda_distance,animal,4,9,1,0.1703382283449173,0.1722155713985084
boundary_error,age+lambda_distance,animal,4,10,2,0.3224334120750427,0.28633603265848173
boundary_error,age+lambda_distance,animal,4,11,3,0.4443466365337372,0.40046420821571926
boundary_error,age+lambda_distance,animal,4,13,1,0.14349672198295593,0.17236266706082373
boundary_error,age+lambda_distance,animal,4,14,2,0.26057833433151245,0.2864230516482945
boundary_error,age+lambda_distance,animal,4,15,3,0.3667490482330322,0.40034472179799924
boundary_error,age+lambda_distance,animal,4,17,1,0.14062607288360596,0.17148821380642168
boundary_error,age+lambda_distance,animal,4,18,2,0.284294068813324,0.28393327561777554
boundary_error,age+lambda_distance,animal,4,19,3,0.43719565868377686,0.3943688554775367
boundary_error,age+lambda_distance,animal,5,1,1,0.12306075543165207,0.17052373910191973
boundary_error,age+lambda_distance,animal,5,2,2,0.28806227445602417,0.28310785997305377
boundary_error,age+lambda_distance,animal,5,3,3,0.36215606331825256,0.3959648991625992
boundary_error,age+lambda_distance,animal,5,4,4,0.4527961015701294,0.5090733261634545
boundary_error,age+lambda_distance,animal,5,6,1,0.18535137176513672,0.17177143902681344
boundary_error,age+lambda_distance,animal,5,7,2,0.32418474555015564,0.28548700504119345
boundary_error,age+lambda_distance,animal,5,8,3,0.4144410789012909,0.3993510125891668
boundary_error,age+lambda_distance,animal,5,9,4,0.4963059723377228,0.5133344241545779
boundary_error,age+lambda_distance,animal,5,11,1,0.12917988002300262,0.17236033539033493
boundary_error,age+lambda_distance,animal,5,12,2,0.24319125711917877,0.2865102045385661
boundary_error,age+lambda_distance,animal,5,13,3,0.3474804162979126,0.40064071176629246
boundary_error,age+lambda_distance,animal,5,14,4,0.4438999593257904,0.5147010963537634
boundary_error,age+lambda_distance,animal,5,16,1,0.12096256017684937,0.17191146671907903
boundary_error,age+lambda_distance,animal,5,17,2,0.24428972601890564,0.2851675206924033
boundary_error,age+lambda_distance,animal,5,18,3,0.3704880475997925,0.3976125825037572
boundary_error,age+lambda_distance,animal,5,19,4,0.5066685080528259,0.5080481623635184
boundary_error,age+lambda_distance,animal,5,1,1,0.1117730513215065,0.17052373910191973
boundary_error,age+lambda_distance,animal,5,2,2,0.19331416487693787,0.28310785997305377
boundary_error,age+lambda_distance,animal,5,3,3,0.29198920726776123,0.3959648991625992
boundary_error,age+lambda_distance,animal,5,4,4,0.4092571437358856,0.5090733261634545
boundary_error,age+lambda_distance,animal,5,6,1,0.2647109031677246,0.17177143902681344
boundary_error,age+lambda_distance,animal,5,7,2,0.3892322778701782,0.28548700504119345
boundary_error,age+lambda_distance,animal,5,8,3,0.4810079336166382,0.3993510125891668
boundary_error,age+lambda_distance,animal,5,9,4,0.5652796626091003,0.5133344241545779
boundary_error,age+lambda_distance,animal,5,11,1,0.2028263360261917,0.17236033539033493
boundary_error,age+lambda_distance,animal,5,12,2,0.3118521273136139,0.2865102045385661
boundary_error,age+lambda_distance,animal,5,13,3,0.41217803955078125,0.40064071176629246
boundary_error,age+lambda_distance,animal,5,14,4,0.49815165996551514,0.5147010963537634
boundary_error,age+lambda_distance,animal,5,16,1,0.1337832510471344,0.17191146671907903
boundary_error,age+lambda_distance,animal,5,17,2,0.2651306390762329,0.2851675206924033
boundary_error,age+lambda_distance,animal,5,18,3,0.3955085277557373,0.3976125825037572
boundary_error,age+lambda_distance,animal,5,19,4,0.5319064259529114,0.5080481623635184
boundary_error,intercept,architecture,2,1,1,0.10238534212112427,0.2589130448062479
boundary_error,intercept,architecture,2,3,1,0.13620787858963013,0.2589130448062479
boundary_error,intercept,architecture,2,5,1,0.32485106587409973,0.2589130448062479
boundary_error,intercept,architecture,2,7,1,0.3349873125553131,0.2589130448062479
boundary_error,intercept,architecture,2,9,1,0.26915106177330017,0.2589130448062479
boundary_error,intercept,architecture,2,11,1,0.26366230845451355,0.2589130448062479
boundary_error,intercept,architecture,2,13,1,0.20443423092365265,0.2589130448062479
boundary_error,intercept,architecture,2,15,1,0.17737777531147003,0.2589130448062479
boundary_error,intercept,architecture,2,17,1,0.16422630846500397,0.2589130448062479
boundary_error,intercept,architecture,2,19,1,0.1952272355556488,0.2589130448062479
boundary_error,intercept,architecture,2,1,1,0.12167838960886002,0.2589130448062479
boundary_error,intercept,architecture,2,3,1,0.13887451589107513,0.2589130448062479
boundary_error,intercept,architecture,2,5,1,0.40924298763275146,0.2589130448062479
boundary_error,intercept,architecture,2,7,1,0.2519473731517792,0.2589130448062479
boundary_error,intercept,architecture,2,9,1,0.21418574452400208,0.2589130448062479
boundary_error,intercept,architecture,2,11,1,0.24418094754219055,0.2589130448062479
boundary_error,intercept,architecture,2,13,1,0.2122131735086441,0.2589130448062479
boundary_error,intercept,architecture,2,15,1,0.1669468730688095,0.2589130448062479
boundary_error,intercept,architecture,2,17,1,0.15813127160072327,0.2589130448062479
boundary_error,intercept,architecture,2,19,1,0.19468557834625244,0.2589130448062479
boundary_error,intercept,architecture,3,1,1,0.10238534212112427,0.2589130448062479
boundary_error,intercept,architecture,3,2,2,0.18237219750881195,0.2589130448062479
boundary_error,intercept,architecture,3,4,1,0.25724563002586365,0.2589130448062479
boundary_error,intercept,architecture,3,5,2,0.4582333266735077,0.2589130448062479
boundary_error,intercept,architecture,3,7,1,0.3349873125553131,0.2589130448062479
boundary_error,intercept,architecture,3,8,2,0.44014424085617065,0.2589130448062479
boundary_error,intercept,architecture,3,10,1,0.2613612711429596,0.2589130448062479
boundary_error,intercept,architecture,3,11,2,0.43321651220321655,0.2589130448062479
boundary_error,intercept,architecture,3,13,1,0.20443423092365265,0.2589130448062479
boundary_error,intercept,architecture,3,14,2,0.3552570044994354,0.2589130448062479
boundary_error,intercept,architecture,3,16,1,0.1661662757396698,0.2589130448062479
boundary_error,intercept,architecture,3,17,2,0.3109128475189209,0.2589130448062479
boundary_error,intercept,architecture,3,19,1,0.1952272355556488,0.2589130448062479
boundary_error,intercept,architecture,3,1,1,0.12167838960886002,0.2589130448062479
boundary_error,intercept,architecture,3,2,2,0.18979254364967346,0.2589130448062479
boundary_error,intercept,architecture,3,4,1,0.2495815008878708,0.2589130448062479
boundary_error,intercept,architecture,3,5,2,0.5269227623939514,0.2589130448062479
boundary_error,intercept,architecture,3,7,1,0.2519473731517792,0.2589130448062479
boundary_error,intercept,architecture,3,8,2,0.41453343629837036,0.2589130448062479
boundary_error,intercept,architecture,3,10,1,0.20016321539878845,0.2589130448062479
boundary_error,intercept,architecture,3,11,2,0.3931404948234558,0.2589130448062479
boundary_error,intercept,architecture,3,13,1,0.2122131735086441,0.2589130448062479
boundary_error,intercept,architecture,3,14,2,0.36040642857551575,0.2589130448062479
boundary_error,intercept,architecture,3,16,1,0.15760549902915955,0.2589130448062479
boundary_error,intercept,architecture,3,17,2,0.2995561361312866,0.2589130448062479
boundary_error,intercept,architecture,3,19,1,0.19468557834625244,0.2589130448062479
boundary_error,intercept,architecture,4,1,1,0.10238534212112427,0.2589130448062479
boundary_error,intercept,architecture,4,2,2,0.18237219750881195,0.2589130448062479
boundary_error,intercept,architecture,4,3,3,0.2944733798503876,0.2589130448062479
boundary_error,intercept,architecture,4,5,1,0.32485106587409973,0.2589130448062479
boundary_error,intercept,architecture,4,6,2,0.48443150520324707,0.2589130448062479
boundary_error,intercept,architecture,4,7,3,0.5878084301948547,0.2589130448062479
boundary_error,intercept,architecture,4,9,1,0.26915106177330017,0.2589130448062479
boundary_error,intercept,architecture,4,10,2,0.4284418225288391,0.2589130448062479
boundary_error,intercept,architecture,4,11,3,0.5484780073165894,0.2589130448062479
boundary_error,intercept,architecture,4,13,1,0.20443423092365265,0.2589130448062479
boundary_error,intercept,architecture,4,14,2,0.3552570044994354,0.2589130448062479
boundary_error,intercept,architecture,4,15,3,0.4707415997982025,0.2589130448062479
boundary_error,intercept,architecture,4,17,1,0.16422630846500397,0.2589130448062479
boundary_error,intercept,architecture,4,18,2,0.31661391258239746,0.2589130448062479
boundary_error,intercept,architecture,4,19,3,0.46676579117774963,0.2589130448062479
boundary_error,intercept,architecture,4,1,1,0.12167838960886002,0.2589130448062479
boundary_error,intercept,architecture,4,2,2,0.18979254364967346,0.2589130448062479
boundary_error,intercept,architecture,4,3,3,0.30106619000434875,0.2589130448062479
boundary_error,intercept,architecture,4,5,1,0.40924298763275146,0.2589130448062479
boundary_error,intercept,architecture,4,6,2,0.5137588381767273,0.2589130448062479
boundary_error,intercept,architecture,4,7,3,0.6172921061515808,0.2589130448062479
boundary_error,intercept,architecture,4,9,1,0.21418574452400208,0.2589130448062479
boundary_error,intercept,architecture,4,10,2,0.3621186912059784,0.2589130448062479
boundary_error,intercept,architecture,4,11,3,0.5034362077713013,0.2589130448062479
boundary_error,intercept,architecture,4,13,1,0.2122131735086441,0.2589130448062479
boundary_error,intercept,architecture,4,14,2,0.36040642857551575,0.2589130448062479
boundary_error,intercept,architecture,4,15,3,0.4681956171989441,0.2589130448062479
boundary_error,intercept,architecture,4,17,1,0.15813127160072327,0.2589130448062479
boundary_error,intercept,architecture,4,18,2,0.31027325987815857,0.2589130448062479
boundary_error,intercept,architecture,4,19,3,0.46139684319496155,0.2589130448062479
boundary_error,intercept,architecture,5,1,1,0.10238534212112427,0.2589130448062479
boundary_error,intercept,architecture,5,2,2,0.18237219750881195,0.2589130448062479
boundary_error,intercept,architecture,5,3,3,0.2944733798503876,0.2589130448062479
boundary_error,intercept,architecture,5,4,4,0.455972820520401,0.2589130448062479
boundary_error,intercept,architecture,5,6,1,0.3864659368991852,0.2589130448062479
boundary_error,intercept,architecture,5,7,2,0.49360209703445435,0.2589130448062479
boundary_error,intercept,architecture,5,8,3,0.577880322933197,0.2589130448062479
boundary_error,intercept,architecture,5,9,4,0.6652499437332153,0.2589130448062479
boundary_error,intercept,architecture,5,11,1,0.26366230845451355,0.2589130448062479
boundary_error,intercept,architecture,5,12,2,0.4166642427444458,0.2589130448062479
boundary_error,intercept,architecture,5,13,3,0.5184550285339355,0.2589130448062479
boundary_error,intercept,architecture,5,14,4,0.6045295596122742,0.2589130448062479
boundary_error,intercept,architecture,5,16,1,0.1661662757396698,0.2589130448062479
boundary_error,intercept,architecture,5,17,2,0.3109128475189209,0.2589130448062479
boundary_error,intercept,architecture,5,18,3,0.4419172406196594,0.2589130448062479
boundary_error,intercept,architecture,5,19,4,0.5709443092346191,0.2589130448062479
boundary_error,intercept,architecture,5,1,1,0.12167838960886002,0.2589130448062479
boundary_error,intercept,architecture,5,2,2,0.18979254364967346,0.2589130448062479
boundary_error,intercept,architecture,5,3,3,0.30106619000434875,0.2589130448062479
boundary_error,intercept,architecture,5,4,4,0.4576965272426605,0.2589130448062479
boundary_error,intercept,architecture,5,6,1,0.2598876357078552,0.2589130448062479
boundary_error,intercept,architecture,5,7,2,0.4302360415458679,0.2589130448062479
boundary_error,intercept,architecture,5,8,3,0.5488243699073792,0.2589130448062479
boundary_error,intercept,architecture,5,9,4,0.6274117827415466,0.2589130448062479
boundary_error,intercept,architecture,5,11,1,0.24418094754219055,0.2589130448062479
boundary_error,intercept,architecture,5,12,2,0.4224371910095215,0.2589130448062479
boundary_error,intercept,architecture,5,13,3,0.5353689789772034,0.2589130448062479
boundary_error,intercept,architecture,5,14,4,0.620753824710846,0.2589130448062479
boundary_error,intercept,architecture,5,16,1,0.15760549902915955,0.2589130448062479
boundary_error,intercept,architecture,5,17,2,0.2995561361312866,0.2589130448062479
boundary_error,intercept,architecture,5,18,3,0.43138009309768677,0.2589130448062479
boundary_error,intercept,architecture,5,19,4,0.5616287589073181,0.2589130448062479
boundary_error,age,architecture,2,1,1,0.10238534212112427,0.16537067653967386
boundary_error,age,architecture,2,3,1,0.13620787858963013,0.16537067653967386
boundary_error,age,architecture,2,5,1,0.32485106587409973,0.16537067653967386
boundary_error,age,architecture,2,7,1,0.3349873125553131,0.16537067653967386
boundary_error,age,architecture,2,9,1,0.26915106177330017,0.16537067653967386
boundary_error,age,architecture,2,11,1,0.26366230845451355,0.16537067653967386
boundary_error,age,architecture,2,13,1,0.20443423092365265,0.16537067653967386
boundary_error,age,architecture,2,15,1,0.17737777531147003,0.16537067653967386
boundary_error,age,architecture,2,17,1,0.16422630846500397,0.16537067653967386
boundary_error,age,architecture,2,19,1,0.1952272355556488,0.16537067653967386
boundary_error,age,architecture,2,1,1,0.12167838960886002,0.16537067653967386
boundary_error,age,architecture,2,3,1,0.13887451589107513,0.16537067653967386
boundary_error,age,architecture,2,5,1,0.40924298763275146,0.16537067653967386
boundary_error,age,architecture,2,7,1,0.2519473731517792,0.16537067653967386
boundary_error,age,architecture,2,9,1,0.21418574452400208,0.16537067653967386
boundary_error,age,architecture,2,11,1,0.24418094754219055,0.16537067653967386
boundary_error,age,architecture,2,13,1,0.2122131735086441,0.16537067653967386
boundary_error,age,architecture,2,15,1,0.1669468730688095,0.16537067653967386
boundary_error,age,architecture,2,17,1,0.15813127160072327,0.16537067653967386
boundary_error,age,architecture,2,19,1,0.19468557834625244,0.16537067653967386
boundary_error,age,architecture,3,1,1,0.10238534212112427,0.16537067653967386
boundary_error,age,architecture,3,2,2,0.18237219750881195,0.2776215184595627
boundary_error,age,architecture,3,4,1,0.25724563002586365,0.16537067653967386
boundary_error,age,architecture,3,5,2,0.4582333266735077,0.2776215184595627
boundary_error,age,architecture,3,7,1,0.3349873125553131,0.16537067653967386
boundary_error,age,architecture,3,8,2,0.44014424085617065,0.2776215184595627
boundary_error,age,architecture,3,10,1,0.2613612711429596,0.16537067653967386
boundary_error,age,architecture,3,11,2,0.43321651220321655,0.2776215184595627
boundary_error,age,architecture,3,13,1,0.20443423092365265,0.16537067653967386
boundary_error,age,architecture,3,14,2,0.3552570044994354,0.2776215184595627
boundary_error,age,architecture,3,16,1,0.1661662757396698,0.16537067653967386
boundary_error,age,architecture,3,17,2,0.3109128475189209,0.2776215184595627
boundary_error,age,architecture,3,19,1,0.1952272355556488,0.16537067653967386
boundary_error,age,architecture,3,1,1,0.12167838960886002,0.16537067653967386
boundary_error,age,architecture,3,2,2,0.18979254364967346,0.2776215184595627
boundary_error,age,architecture,3,4,1,0.2495815008878708,0.16537067653967386
boundary_error,age,architecture,3,5,2,0.5269227623939514,0.2776215184595627
boundary_error,age,architecture,3,7,1,0.2519473731517792,0.16537067653967386
boundary_error,age,architecture,3,8,2,0.41453343629837036,0.2776215184595627
boundary_error,age,architecture,3,10,1,0.20016321539878845,0.16537067653967386
boundary_error,age,architecture,3,11,2,0.3931404948234558,0.2776215184595627
boundary_error,age,architecture,3,13,1,0.2122131735086441,0.16537067653967386
boundary_error,age,architecture,3,14,2,0.36040642857551575,0.2776215184595627
boundary_error,age,architecture,3,16,1,0.15760549902915955,0.16537067653967386
boundary_error,age,architecture,3,17,2,0.2995561361312866,0.2776215184595627
boundary_error,age,architecture,3,19,1,0.19468557834625244,0.16537067653967386
boundary_error,age,architecture,4,1,1,0.10238534212112427,0.16537067653967386
boundary_error,age,architecture,4,2,2,0.18237219750881195,0.2776215184595627
boundary_error,age,architecture,4,3,3,0.2944733798503876,0.3898723603794516
boundary_error,age,architecture,4,5,1,0.32485106587409973,0.16537067653967386
boundary_error,age,architecture,4,6,2,0.48443150520324707,0.2776215184595627
boundary_error,age,architecture,4,7,3,0.5878084301948547,0.3898723603794516
boundary_error,age,architecture,4,9,1,0.26915106177330017,0.16537067653967386
boundary_error,age,architecture,4,10,2,0.4284418225288391,0.2776215184595627
boundary_error,age,architecture,4,11,3,0.5484780073165894,0.3898723603794516
boundary_error,age,architecture,4,13,1,0.20443423092365265,0.16537067653967386
boundary_error,age,architecture,4,14,2,0.3552570044994354,0.2776215184595627
boundary_error,age,architecture,4,15,3,0.4707415997982025,0.3898723603794516
boundary_error,age,architecture,4,17,1,0.16422630846500397,0.16537067653967386
boundary_error,age,architecture,4,18,2,0.31661391258239746,0.2776215184595627
boundary_error,age,architecture,4,19,3,0.46676579117774963,0.3898723603794516
boundary_error,age,architecture,4,1,1,0.12167838960886002,0.16537067653967386
boundary_error,age,architecture,4,2,2,0.18979254364967346,0.2776215184595627
boundary_error,age,architecture,4,3,3,0.30106619000434875,0.3898723603794516
boundary_error,age,architecture,4,5,1,0.40924298763275146,0.16537067653967386
boundary_error,age,architecture,4,6,2,0.5137588381767273,0.2776215184595627
boundary_error,age,architecture,4,7,3,0.6172921061515808,0.3898723603794516
boundary_error,age,architecture,4,9,1,0.21418574452400208,0.16537067653967386
boundary_error,age,architecture,4,10,2,0.3621186912059784,0.2776215184595627
boundary_error,age,architecture,4,11,3,0.5034362077713013,0.3898723603794516
boundary_error,age,architecture,4,13,1,0.2122131735086441,0.16537067653967386
boundary_error,age,architecture,4,14,2,0.36040642857551575,0.2776215184595627
boundary_error,age,architecture,4,15,3,0.4681956171989441,0.3898723603794516
boundary_error,age,architecture,4,17,1,0.15813127160072327,0.16537067653967386
boundary_error,age,architecture,4,18,2,0.31027325987815857,0.2776215184595627
boundary_error,age,architecture,4,19,3,0.46139684319496155,0.3898723603794516
boundary_error,age,architecture,5,1,1,0.10238534212112427,0.16537067653967386
boundary_error,age,architecture,5,2,2,0.18237219750881195,0.2776215184595627
boundary_error,age,architecture,5,3,3,0.2944733798503876,0.3898723603794516
boundary_error,age,architecture,5,4,4,0.455972820520401,0.5021232022993405
boundary_error,age,architecture,5,6,1,0.3864659368991852,0.16537067653967386
boundary_error,age,architecture,5,7,2,0.49360209703445435,0.2776215184595627
boundary_error,age,architecture,5,8,3,0.577880322933197,0.3898723603794516
boundary_error,age,architecture,5,9,4,0.6652499437332153,0.5021232022993405
boundary_error,age,architecture,5,11,1,0.26366230845451355,0.16537067653967386
boundary_error,age,architecture,5,12,2,0.4166642427444458,0.2776215184595627
boundary_error,age,architecture,5,13,3,0.5184550285339355,0.3898723603794516
boundary_error,age,architecture,5,14,4,0.6045295596122742,0.5021232022993405
boundary_error,age,architecture,5,16,1,0.1661662757396698,0.16537067653967386
boundary_error,age,architecture,5,17,2,0.3109128475189209,0.2776215184595627
boundary_error,age,architecture,5,18,3,0.4419172406196594,0.3898723603794516
boundary_error,age,architecture,5,19,4,0.5709443092346191,0.5021232022993405
boundary_error,age,architecture,5,1,1,0.12167838960886002,0.16537067653967386
boundary_error,age,architecture,5,2,2,0.18979254364967346,0.2776215184595627
boundary_error,age,architecture,5,3,3,0.30106619000434875,0.3898723603794516
boundary_error,age,architecture,5,4,4,0.4576965272426605,0.5021232022993405
boundary_error,age,architecture,5,6,1,0.2598876357078552,0.16537067653967386
boundary_error,age,architecture,5,7,2,0.4302360415458679,0.2776215184595627
boundary_error,age,architecture,5,8,3,0.5488243699073792,0.3898723603794516
boundary_error,age,architecture,5,9,4,0.6274117827415466,0.5021232022993405
boundary_error,age,architecture,5,11,1,0.24418094754219055,0.16537067653967386
boundary_error,age,architecture,5,12,2,0.4224371910095215,0.2776215184595627
boundary_error,age,architecture,5,13,3,0.5353689789772034,0.3898723603794516
boundary_error,age,architecture,5,14,4,0.620753824710846,0.5021232022993405
boundary_error,age,architecture,5,16,1,0.15760549902915955,0.16537067653967386
boundary_error,age,architecture,5,17,2,0.2995561361312866,0.2776215184595627
boundary_error,age,architecture,5,18,3,0.43138009309768677,0.3898723603794516
boundary_error,age,architecture,5,19,4,0.5616287589073181,0.5021232022993405
boundary_error,lambda_distance,architecture,2,1,1,0.10238534212112427,0.2125370658409691
boundary_error,lambda_distance,architecture,2,3,1,0.13620787858963013,0.1963421832850532
boundary_error,lambda_distance,architecture,2,5,1,0.32485106587409973,0.18261286912437968
boundary_error,lambda_distance,architecture,2,7,1,0.3349873125553131,0.1717538073635198
boundary_error,lambda_distance,architecture,2,9,1,0.26915106177330017,0.16408265847550663
boundary_error,lambda_distance,architecture,2,11,1,0.26366230845451355,0.15993658947921371
boundary_error,lambda_distance,architecture,2,13,1,0.20443423092365265,0.15986980998107148
boundary_error,lambda_distance,architecture,2,15,1,0.17737777531147003,0.1658509446785693
boundary_error,lambda_distance,architecture,2,17,1,0.16422630846500397,0.18491432195562513
boundary_error,lambda_distance,architecture,2,19,1,0.1952272355556488,0.2656932513671842
boundary_error,lambda_distance,architecture,2,1,1,0.12167838960886002,0.2125370658409691
boundary_error,lambda_distance,architecture,2,3,1,0.13887451589107513,0.1963421832850532
boundary_error,lambda_distance,architecture,2,5,1,0.40924298763275146,0.18261286912437968
boundary_error,lambda_distance,architecture,2,7,1,0.2519473731517792,0.1717538073635198
boundary_error,lambda_distance,architecture,2,9,1,0.21418574452400208,0.16408265847550663
boundary_error,lambda_distance,architecture,2,11,1,0.24418094754219055,0.15993658947921371
boundary_error,lambda_distance,architecture,2,13,1,0.2122131735086441,0.15986980998107148
boundary_error,lambda_distance,architecture,2,15,1,0.1669468730688095,0.1658509446785693
boundary_error,lambda_distance,architecture,2,17,1,0.15813127160072327,0.18491432195562513
boundary_error,lambda_distance,architecture,2,19,1,0.19468557834625244,0.2656932513671842
boundary_error,lambda_distance,architecture,3,1,1,0.10238534212112427,0.2125370658409691
boundary_error,lambda_distance,architecture,3,2,2,0.18237219750881195,0.3249489506349995
boundary_error,lambda_distance,architecture,3,4,1,0.25724563002586365,0.18914238727662022
boundary_error,lambda_distance,architecture,3,5,2,0.4582333266735077,0.2800085239735484
boundary_error,lambda_distance,architecture,3,7,1,0.3349873125553131,0.1717538073635198
boundary_error,lambda_distance,architecture,3,8,2,0.44014424085617065,0.2475094877889236
boundary_error,lambda_distance,architecture,3,10,1,0.2613612711429596,0.1601575284593549
boundary_error,lambda_distance,architecture,3,11,2,0.43321651220321655,0.2283473855111171
boundary_error,lambda_distance,architecture,3,13,1,0.20443423092365265,0.15986980998107148
boundary_error,lambda_distance,architecture,3,14,2,0.3552570044994354,0.23000121364558038
boundary_error,lambda_distance,architecture,3,16,1,0.1661662757396698,0.17279227588175006
boundary_error,lambda_distance,architecture,3,17,2,0.3109128475189209,0.26595986540992367
boundary_error,lambda_distance,architecture,3,19,1,0.1952272355556488,0.2656932513671842
boundary_error,lambda_distance,architecture,3,1,1,0.12167838960886002,0.2125370658409691
boundary_error,lambda_distance,architecture,3,2,2,0.18979254364967346,0.3249489506349995
boundary_error,lambda_distance,architecture,3,4,1,0.2495815008878708,0.18914238727662022
boundary_error,lambda_distance,architecture,3,5,2,0.5269227623939514,0.2800085239735484
boundary_error,lambda_distance,architecture,3,7,1,0.2519473731517792,0.1717538073635198
boundary_error,lambda_distance,architecture,3,8,2,0.41453343629837036,0.2475094877889236
boundary_error,lambda_distance,architecture,3,10,1,0.20016321539878845,0.1601575284593549
boundary_error,lambda_distance,architecture,3,11,2,0.3931404948234558,0.2283473855111171
boundary_error,lambda_distance,architecture,3,13,1,0.2122131735086441,0.15986980998107148
boundary_error,lambda_distance,architecture,3,14,2,0.36040642857551575,0.23000121364558038
boundary_error,lambda_distance,architecture,3,16,1,0.15760549902915955,0.17279227588175006
boundary_error,lambda_distance,architecture,3,17,2,0.2995561361312866,0.26595986540992367
boundary_error,lambda_distance,architecture,3,19,1,0.19468557834625244,0.2656932513671842
boundary_error,lambda_distance,architecture,4,1,1,0.10238534212112427,0.2125370658409691
boundary_error,lambda_distance,architecture,4,2,2,0.18237219750881195,0.3249489506349995
boundary_error,lambda_distance,architecture,4,3,3,0.2944733798503876,0.4295444014926012
boundary_error,lambda_distance,architecture,4,5,1,0.32485106587409973,0.18261286912437968
boundary_error,lambda_distance,architecture,4,6,2,0.48443150520324707,0.267668833030613
boundary_error,lambda_distance,architecture,4,7,3,0.5878084301948547,0.3476759079666813
boundary_error,lambda_distance,architecture,4,9,1,0.26915106177330017,0.16408265847550663
boundary_error,lambda_distance,architecture,4,10,2,0.4284418225288391,0.23249345450741002
boundary_error,lambda_distance,architecture,4,11,3,0.5484780073165894,0.3006833115591722
boundary_error,lambda_distance,architecture,4,13,1,0.20443423092365265,0.15986980998107148
boundary_error,lambda_distance,architecture,4,14,2,0.3552570044994354,0.23000121364558038
boundary_error,lambda_distance,architecture,4,15,3,0.4707415997982025,0.3041054258966982
boundary_error,lambda_distance,architecture,4,17,1,0.16422630846500397,0.18491432195562513
boundary_error,lambda_distance,architecture,4,18,2,0.31661391258239746,0.3013088853780477
boundary_error,lambda_distance,architecture,4,19,3,0.46676579117774963,0.47525540431778035
boundary_error,lambda_distance,architecture,4,1,1,0.12167838960886002,0.2125370658409691
boundary_error,lambda_distance,architecture,4,2,2,0.18979254364967346,0.3249489506349995
boundary_error,lambda_distance,architecture,4,3,3,0.30106619000434875,0.4295444014926012
boundary_error,lambda_distance,architecture,4,5,1,0.40924298763275146,0.18261286912437968
boundary_error,lambda_distance,architecture,4,6,2,0.5137588381767273,0.267668833030613
boundary_error,lambda_distance,architecture,4,7,3,0.6172921061515808,0.3476759079666813
boundary_error,lambda_distance,architecture,4,9,1,0.21418574452400208,0.16408265847550663
boundary_error,lambda_distance,architecture,4,10,2,0.3621186912059784,0.23249345450741002
boundary_error,lambda_distance,architecture,4,11,3,0.5034362077713013,0.3006833115591722
boundary_error,lambda_distance,architecture,4,13,1,0.2122131735086441,0.15986980998107148
boundary_error,lambda_distance,architecture,4,14,2,0.36040642857551575,0.23000121364558038
boundary_error,lambda_distance,architecture,4,15,3,0.4681956171989441,0.3041054258966982
boundary_error,lambda_distance,architecture,4,17,1,0.15813127160072327,0.18491432195562513
boundary_error,lambda_distance,architecture,4,18,2,0.31027325987815857,0.3013088853780477
boundary_error,lambda_distance,architecture,4,19,3,0.46139684319496155,0.47525540431778035
boundary_error,lambda_distance,architecture,5,1,1,0.10238534212112427,0.2125370658409691
boundary_error,lambda_distance,architecture,5,2,2,0.18237219750881195,0.3249489506349995
boundary_error,lambda_distance,architecture,5,3,3,0.2944733798503876,0.4295444014926012
boundary_error,lambda_distance,architecture,5,4,4,0.455972820520401,0.5269400563417699
boundary_error,lambda_distance,architecture,5,6,1,0.3864659368991852,0.1768026963336848
boundary_error,lambda_distance,architecture,5,7,2,0.49360209703445435,0.25680977126975313
boundary_error,lambda_distance,architecture,5,8,3,0.577880322933197,0.33256545169515694
boundary_error,lambda_distance,architecture,5,9,4,0.6652499437332153,0.404901377743212
boundary_error,lambda_distance,architecture,5,11,1,0.26366230845451355,0.15993658947921371
boundary_error,lambda_distance,architecture,5,12,2,0.4166642427444458,0.2275051378484626
boundary_error,lambda_distance,architecture,5,13,3,0.5184550285339355,0.2956282154020825
boundary_error,lambda_distance,architecture,5,14,4,0.6045295596122742,0.36575961906659143
boundary_error,lambda_distance,architecture,5,16,1,0.1661662757396698,0.17279227588175006
boundary_error,lambda_distance,architecture,5,17,2,0.3109128475189209,0.26595986540992367
boundary_error,lambda_distance,architecture,5,18,3,0.4419172406196594,0.3823544288323462
boundary_error,lambda_distance,architecture,5,19,4,0.5709443092346191,0.5563009477720788
boundary_error,lambda_distance,architecture,5,1,1,0.12167838960886002,0.2125370658409691
boundary_error,lambda_distance,architecture,5,2,2,0.18979254364967346,0.3249489506349995
boundary_error,lambda_distance,architecture,5,3,3,0.30106619000434875,0.4295444014926012
boundary_error,lambda_distance,architecture,5,4,4,0.4576965272426605,0.5269400563417699
boundary_error,lambda_distance,architecture,5,6,1,0.2598876357078552,0.1768026963336848
boundary_error,lambda_distance,architecture,5,7,2,0.4302360415458679,0.25680977126975313
boundary_error,lambda_distance,architecture,5,8,3,0.5488243699073792,0.33256545169515694
boundary_error,lambda_distance,architecture,5,9,4,0.6274117827415466,0.404901377743212
boundary_error,lambda_distance,architecture,5,11,1,0.24418094754219055,0.15993658947921371
boundary_error,lambda_distance,architecture,5,12,2,0.4224371910095215,0.2275051378484626
boundary_error,lambda_distance,architecture,5,13,3,0.5353689789772034,0.2956282154020825
boundary_error,lambda_distance,architecture,5,14,4,0.620753824710846,0.36575961906659143
boundary_error,lambda_distance,architecture,5,16,1,0.15760549902915955,0.17279227588175006
boundary_error,lambda_distance,architecture,5,17,2,0.2995561361312866,0.26595986540992367
boundary_error,lambda_distance,architecture,5,18,3,0.43138009309768677,0.3823544288323462
boundary_error,lambda_distance,architecture,5,19,4,0.5616287589073181,0.5563009477720788
boundary_error,age+lambda_distance,architecture,2,1,1,0.10238534212112427,0.16746413443726943
boundary_error,age+lambda_distance,architecture,2,3,1,0.13620787858963013,0.16631926055889784
boundary_error,age+lambda_distance,architecture,2,5,1,0.32485106587409973,0.16534868648426396
boundary_error,age+lambda_distance,architecture,2,7,1,0.3349873125553131,0.16458102076574407
boundary_error,age+lambda_distance,architecture,2,9,1,0.26915106177330017,0.1640387199525914
boundary_error,age+lambda_distance,architecture,2,11,1,0.26366230845451355,0.1637456195811998
boundary_error,age+lambda_distance,architecture,2,13,1,0.20443423092365265,0.16374089870083713
boundary_error,age+lambda_distance,architecture,2,15,1,0.17737777531147003,0.16416372639684199
boundary_error,age+lambda_distance,architecture,2,17,1,0.16422630846500397,0.16551138437476734
boundary_error,age+lambda_distance,architecture,2,19,1,0.1952272355556488,0.17122193435170027
boundary_error,age+lambda_distance,architecture,2,1,1,0.12167838960886002,0.16746413443726943
boundary_error,age+lambda_distance,architecture,2,3,1,0.13887451589107513,0.16631926055889784
boundary_error,age+lambda_distance,architecture,2,5,1,0.40924298763275146,0.16534868648426396
boundary_error,age+lambda_distance,architecture,2,7,1,0.2519473731517792,0.16458102076574407
boundary_error,age+lambda_distance,architecture,2,9,1,0.21418574452400208,0.1640387199525914
boundary_error,age+lambda_distance,architecture,2,11,1,0.24418094754219055,0.1637456195811998
boundary_error,age+lambda_distance,architecture,2,13,1,0.2122131735086441,0.16374089870083713
boundary_error,age+lambda_distance,architecture,2,15,1,0.1669468730688095,0.16416372639684199
boundary_error,age+lambda_distance,architecture,2,17,1,0.15813127160072327,0.16551138437476734
boundary_error,age+lambda_distance,architecture,2,19,1,0.19468557834625244,0.17122193435170027
boundary_error,age+lambda_distance,architecture,3,1,1,0.10238534212112427,0.16746413443726943
boundary_error,age+lambda_distance,architecture,3,2,2,0.18237219750881195,0.28121544345897354
boundary_error,age+lambda_distance,architecture,3,4,1,0.25724563002586365,0.16581028135814113
boundary_error,age+lambda_distance,architecture,3,5,2,0.4582333266735077,0.2780384447749803
boundary_error,age+lambda_distance,architecture,3,7,1,0.3349873125553131,0.16458102076574407
boundary_error,age+lambda_distance,architecture,3,8,2,0.44014424085617065,0.27574097225725347
boundary_error,age+lambda_distance,architecture,3,10,1,0.2613612711429596,0.16376123854393104
boundary_error,age+lambda_distance,architecture,3,11,2,0.43321651220321655,0.27438633505770604
boundary_error,age+lambda_distance,architecture,3,13,1,0.20443423092365265,0.16374089870083713
boundary_error,age+lambda_distance,architecture,3,14,2,0.3552570044994354,0.27450325005378123
boundary_error,age+lambda_distance,architecture,3,16,1,0.1661662757396698,0.1646544338007524
boundary_error,age+lambda_distance,architecture,3,17,2,0.3109128475189209,0.27704529510809495
boundary_error,age+lambda_distance,architecture,3,19,1,0.1952272355556488,0.17122193435170027
boundary_error,age+lambda_distance,architecture,3,1,1,0.12167838960886002,0.16746413443726943
boundary_error,age+lambda_distance,architecture,3,2,2,0.18979254364967346,0.28121544345897354
boundary_error,age+lambda_distance,architecture,3,4,1,0.2495815008878708,0.16581028135814113
boundary_error,age+lambda_distance,architecture,3,5,2,0.5269227623939514,0.2780384447749803
boundary_error,age+lambda_distance,architecture,3,7,1,0.2519473731517792,0.16458102076574407
boundary_error,age+lambda_distance,architecture,3,8,2,0.41453343629837036,0.27574097225725347
boundary_error,age+lambda_distance,architecture,3,10,1,0.20016321539878845,0.16376123854393104
boundary_error,age+lambda_distance,architecture,3,11,2,0.3931404948234558,0.27438633505770604
boundary_error,age+lambda_distance,architecture,3,13,1,0.2122131735086441,0.16374089870083713
boundary_error,age+lambda_distance,architecture,3,14,2,0.36040642857551575,0.27450325005378123
boundary_error,age+lambda_distance,architecture,3,16,1,0.15760549902915955,0.1646544338007524
boundary_error,age+lambda_distance,architecture,3,17,2,0.2995561361312866,0.27704529510809495
boundary_error,age+lambda_distance,architecture,3,19,1,0.19468557834625244,0.17122193435170027
boundary_error,age+lambda_distance,architecture,4,1,1,0.10238534212112427,0.16746413443726943
boundary_error,age+lambda_distance,architecture,4,2,2,0.18237219750881195,0.28121544345897354
boundary_error,age+lambda_distance,architecture,4,3,3,0.2944733798503876,0.3944141809504466
boundary_error,age+lambda_distance,architecture,4,5,1,0.32485106587409973,0.16534868648426396
boundary_error,age+lambda_distance,architecture,4,6,2,0.48443150520324707,0.2771661081106687
boundary_error,age+lambda_distance,architecture,4,7,3,0.5878084301948547,0.38862660580898806
boundary_error,age+lambda_distance,architecture,4,9,1,0.26915106177330017,0.1640387199525914
boundary_error,age+lambda_distance,architecture,4,10,2,0.4284418225288391,0.2746794354290976
boundary_error,age+lambda_distance,architecture,4,11,3,0.5484780073165894,0.3853045319428727
boundary_error,age+lambda_distance,architecture,4,13,1,0.20443423092365265,0.16374089870083713
boundary_error,age+lambda_distance,architecture,4,14,2,0.3552570044994354,0.27450325005378123
boundary_error,age+lambda_distance,architecture,4,15,3,0.4707415997982025,0.3855464533831985
boundary_error,age+lambda_distance,architecture,4,17,1,0.16422630846500397,0.16551138437476734
boundary_error,age+lambda_distance,architecture,4,18,2,0.31661391258239746,0.27954424312132137
boundary_error,age+lambda_distance,architecture,4,19,3,0.46676579117774963,0.39764565440559685
boundary_error,age+lambda_distance,architecture,4,1,1,0.12167838960886002,0.16746413443726943
boundary_error,age+lambda_distance,architecture,4,2,2,0.18979254364967346,0.28121544345897354
boundary_error,age+lambda_distance,architecture,4,3,3,0.30106619000434875,0.3944141809504466
boundary_error,age+lambda_distance,architecture,4,5,1,0.40924298763275146,0.16534868648426396
boundary_error,age+lambda_distance,architecture,4,6,2,0.5137588381767273,0.2771661081106687
boundary_error,age+lambda_distance,architecture,4,7,3,0.6172921061515808,0.38862660580898806
boundary_error,age+lambda_distance,architecture,4,9,1,0.21418574452400208,0.1640387199525914
boundary_error,age+lambda_distance,architecture,4,10,2,0.3621186912059784,0.2746794354290976
boundary_error,age+lambda_distance,architecture,4,11,3,0.5034362077713013,0.3853045319428727
boundary_error,age+lambda_distance,architecture,4,13,1,0.2122131735086441,0.16374089870083713
boundary_error,age+lambda_distance,architecture,4,14,2,0.36040642857551575,0.27450325005378123
boundary_error,age+lambda_distance,architecture,4,15,3,0.4681956171989441,0.3855464533831985
boundary_error,age+lambda_distance,architecture,4,17,1,0.15813127160072327,0.16551138437476734
boundary_error,age+lambda_distance,architecture,4,18,2,0.31027325987815857,0.27954424312132137
boundary_error,age+lambda_distance,architecture,4,19,3,0.46139684319496155,0.39764565440559685
boundary_error,age+lambda_distance,architecture,5,1,1,0.10238534212112427,0.16746413443726943
boundary_error,age+lambda_distance,architecture,5,2,2,0.18237219750881195,0.28121544345897354
boundary_error,age+lambda_distance,architecture,5,3,3,0.2944733798503876,0.3944141809504466
boundary_error,age+lambda_distance,architecture,5,4,4,0.455972820520401,0.5071039392411629
boundary_error,age+lambda_distance,architecture,5,6,1,0.3864659368991852,0.16493794469382955
boundary_error,age+lambda_distance,architecture,5,7,2,0.49360209703445435,0.27639844239214884
boundary_error,age+lambda_distance,architecture,5,8,3,0.577880322933197,0.38755839388365826
boundary_error,age+lambda_distance,architecture,5,9,4,0.6652499437332153,0.4984765907688249
boundary_error,age+lambda_distance,architecture,5,11,1,0.26366230845451355,0.1637456195811998
boundary_error,age+lambda_distance,architecture,5,12,2,0.4166642427444458,0.27432679357324247
boundary_error,age+lambda_distance,architecture,5,13,3,0.5184550285339355,0.38494716920665484
boundary_error,age+lambda_distance,architecture,5,14,4,0.6045295596122742,0.49570952055959894
boundary_error,age+lambda_distance,architecture,5,16,1,0.1661662757396698,0.1646544338007524
boundary_error,age+lambda_distance,architecture,5,17,2,0.3109128475189209,0.27704529510809495
boundary_error,age+lambda_distance,architecture,5,18,3,0.4419172406196594,0.391078153854649
boundary_error,age+lambda_distance,architecture,5,19,4,0.5709443092346191,0.5091795651389245
boundary_error,age+lambda_distance,architecture,5,1,1,0.12167838960886002,0.16746413443726943
boundary_error,age+lambda_distance,architecture,5,2,2,0.18979254364967346,0.28121544345897354
boundary_error,age+lambda_distance,architecture,5,3,3,0.30106619000434875,0.3944141809504466
boundary_error,age+lambda_distance,architecture,5,4,4,0.4576965272426605,0.5071039392411629
boundary_error,age+lambda_distance,architecture,5,6,1,0.2598876357078552,0.16493794469382955
boundary_error,age+lambda_distance,architecture,5,7,2,0.4302360415458679,0.27639844239214884
boundary_error,age+lambda_distance,architecture,5,8,3,0.5488243699073792,0.38755839388365826
boundary_error,age+lambda_distance,architecture,5,9,4,0.6274117827415466,0.4984765907688249
boundary_error,age+lambda_distance,architecture,5,11,1,0.24418094754219055,0.1637456195811998
boundary_error,age+lambda_distance,architecture,5,12,2,0.4224371910095215,0.27432679357324247
boundary_error,age+lambda_distance,architecture,5,13,3,0.5353689789772034,0.38494716920665484
boundary_error,age+lambda_distance,architecture,5,14,4,0.620753824710846,0.49570952055959894
boundary_error,age+lambda_distance,architecture,5,16,1,0.15760549902915955,0.1646544338007524
boundary_error,age+lambda_distance,architecture,5,17,2,0.2995561361312866,0.27704529510809495
boundary_error,age+lambda_distance,architecture,5,18,3,0.43138009309768677,0.391078153854649
boundary_error,age+lambda_distance,architecture,5,19,4,0.5616287589073181,0.5091795651389245
boundary_error,intercept,glass,2,1,1,0.17849400639533997,0.2667385386264741
boundary_error,intercept,glass,2,3,1,0.20966100692749023,0.2667385386264741
boundary_error,intercept,glass,2,5,1,0.2566942274570465,0.2667385386264741
boundary_error,intercept,glass,2,7,1,0.1365717500448227,0.2667385386264741
boundary_error,intercept,glass,2,9,1,0.10910612344741821,0.2667385386264741
boundary_error,intercept,glass,2,11,1,0.10494749993085861,0.2667385386264741
boundary_error,intercept,glass,2,13,1,0.1003667414188385,0.2667385386264741
boundary_error,intercept,glass,2,15,1,0.1091892421245575,0.2667385386264741
boundary_error,intercept,glass,2,17,1,0.1267624795436859,0.2667385386264741
boundary_error,intercept,glass,2,19,1,0.18341206014156342,0.2667385386264741
boundary_error,intercept,glass,2,1,1,0.10650943219661713,0.2667385386264741
boundary_error,intercept,glass,2,3,1,0.17165130376815796,0.2667385386264741
boundary_error,intercept,glass,2,5,1,0.24033872783184052,0.2667385386264741
boundary_error,intercept,glass,2,7,1,0.24432645738124847,0.2667385386264741
boundary_error,intercept,glass,2,9,1,0.18295632302761078,0.2667385386264741
boundary_error,intercept,glass,2,11,1,0.11107271164655685,0.2667385386264741
boundary_error,intercept,glass,2,13,1,0.1074366495013237,0.2667385386264741
boundary_error,intercept,glass,2,15,1,0.1151503175497055,0.2667385386264741
boundary_error,intercept,glass,2,17,1,0.13403195142745972,0.2667385386264741
boundary_error,intercept,glass,2,19,1,0.19000527262687683,0.2667385386264741
boundary_error,intercept,glass,3,1,1,0.17849400639533997,0.2667385386264741
boundary_error,intercept,glass,3,2,2,0.34761494398117065,0.2667385386264741
boundary_error,intercept,glass,3,4,1,0.24710609018802643,0.2667385386264741
boundary_error,intercept,glass,3,5,2,0.4147961437702179,0.2667385386264741
boundary_error,intercept,glass,3,7,1,0.1365717500448227,0.2667385386264741
boundary_error,intercept,glass,3,8,2,0.26424846053123474,0.2667385386264741
boundary_error,intercept,glass,3,10,1,0.10372421145439148,0.2667385386264741
boundary_error,intercept,glass,3,11,2,0.20020626485347748,0.2667385386264741
boundary_error,intercept,glass,3,13,1,0.1003667414188385,0.2667385386264741
boundary_error,intercept,glass,3,14,2,0.19885186851024628,0.2667385386264741
boundary_error,intercept,glass,3,16,1,0.11746954172849655,0.2667385386264741
boundary_error,intercept,glass,3,17,2,0.2375517338514328,0.2667385386264741
boundary_error,intercept,glass,3,19,1,0.18341206014156342,0.2667385386264741
boundary_error,intercept,glass,3,1,1,0.10650943219661713,0.2667385386264741
boundary_error,intercept,glass,3,2,2,0.2522711753845215,0.2667385386264741
boundary_error,intercept,glass,3,4,1,0.2790960371494293,0.2667385386264741
boundary_error,intercept,glass,3,5,2,0.40807268023490906,0.2667385386264741
boundary_error,intercept,glass,3,7,1,0.24432645738124847,0.2667385386264741
boundary_error,intercept,glass,3,8,2,0.3753933012485504,0.2667385386264741
boundary_error,intercept,glass,3,10,1,0.1344689577817917,0.2667385386264741
boundary_error,intercept,glass,3,11,2,0.22746902704238892,0.2667385386264741
boundary_error,intercept,glass,3,13,1,0.1074366495013237,0.2667385386264741
boundary_error,intercept,glass,3,14,2,0.210367813706398,0.2667385386264741
boundary_error,intercept,glass,3,16,1,0.12148493528366089,0.2667385386264741
boundary_error,intercept,glass,3,17,2,0.24711798131465912,0.2667385386264741
boundary_error,intercept,glass,3,19,1,0.19000527262687683,0.2667385386264741
boundary_error,intercept,glass,4,1,1,0.17849400639533997,0.2667385386264741
boundary_error,intercept,glass,4,2,2,0.34761494398117065,0.2667385386264741
boundary_error,intercept,glass,4,3,3,0.41398894786834717,0.2667385386264741
boundary_error,intercept,glass,4,5,1,0.2566942274570465,0.2667385386264741
boundary_error,intercept,glass,4,6,2,0.4209776818752289,0.2667385386264741
boundary_error,intercept,glass,4,7,3,0.47205084562301636,0.2667385386264741
boundary_error,intercept,glass,4,9,1,0.10910612344741821,0.2667385386264741
boundary_error,intercept,glass,4,10,2,0.20318914949893951,0.2667385386264741
boundary_error,intercept,glass,4,11,3,0.28916364908218384,0.2667385386264741
boundary_error,intercept,glass,4,13,1,0.1003667414188385,0.2667385386264741
boundary_error,intercept,glass,4,14,2,0.19885186851024628,0.2667385386264741
boundary_error,intercept,glass,4,15,3,0.2949119210243225,0.2667385386264741
boundary_error,intercept,glass,4,17,1,0.1267624795436859,0.2667385386264741
boundary_error,intercept,glass,4,18,2,0.2627972960472107,0.2667385386264741
boundary_error,intercept,glass,4,19,3,0.41827720403671265,0.2667385386264741
boundary_error,intercept,glass,4,1,1,0.10650943219661713,0.2667385386264741
boundary_error,intercept,glass,4,2,2,0.2522711753845215,0.2667385386264741
boundary_error,intercept,glass,4,3,3,0.3518735468387604,0.2667385386264741
boundary_error,intercept,glass,4,5,1,0.24033872783184052,0.2667385386264741
boundary_error,intercept,glass,4,6,2,0.35677558183670044,0.2667385386264741
boundary_error,intercept,glass,4,7,3,0.4749225378036499,0.2667385386264741
boundary_error,intercept,glass,4,9,1,0.18295632302761078,0.2667385386264741
boundary_error,intercept,glass,4,10,2,0.2790014445781708,0.2667385386264741
boundary_error,intercept,glass,4,11,3,0.35429492592811584,0.2667385386264741
boundary_error,intercept,glass,4,13,1,0.1074366495013237,0.2667385386264741
boundary_error,intercept,glass,4,14,2,0.210367813706398,0.2667385386264741
boundary_error,intercept,glass,4,15,3,0.3086608350276947,0.2667385386264741
boundary_error,intercept,glass,4,17,1,0.13403195142745972,0.2667385386264741
boundary_error,intercept,glass,4,18,2,0.27428069710731506,0.2667385386264741
boundary_error,intercept,glass,4,19,3,0.4329584836959839,0.2667385386264741
boundary_error,intercept,glass,5,1,1,0.17849400639533997,0.2667385386264741
boundary_error,intercept,glass,5,2,2,0.34761494398117065,0.2667385386264741
boundary_error,intercept,glass,5,3,3,0.41398894786834717,0.2667385386264741
boundary_error,intercept,glass,5,4,4,0.5102193355560303,0.2667385386264741
boundary_error,intercept,glass,5,6,1,0.2492668181657791,0.2667385386264741
boundary_error,intercept,glass,5,7,2,0.3141351640224457,0.2667385386264741
boundary_error,intercept,glass,5,8,3,0.39976048469543457,0.2667385386264741
boundary_error,intercept,glass,5,9,4,0.4616769552230835,0.2667385386264741
boundary_error,intercept,glass,5,11,1,0.10494749993085861,0.2667385386264741
boundary_error,intercept,glass,5,12,2,0.19815433025360107,0.2667385386264741
boundary_error,intercept,glass,5,13,3,0.2835763692855835,0.2667385386264741
boundary_error,intercept,glass,5,14,4,0.3665076494216919,0.2667385386264741
boundary_error,intercept,glass,5,16,1,0.11746954172849655,0.2667385386264741
boundary_error,intercept,glass,5,17,2,0.2375517338514328,0.2667385386264741
boundary_error,intercept,glass,5,18,3,0.363633394241333,0.2667385386264741
boundary_error,intercept,glass,5,19,4,0.5058301091194153,0.2667385386264741
boundary_error,intercept,glass,5,1,1,0.10650943219661713,0.2667385386264741
boundary_error,intercept,glass,5,2,2,0.2522711753845215,0.2667385386264741
boundary_error,intercept,glass,5,3,3,0.3518735468387604,0.2667385386264741
boundary_error,intercept,glass,5,4,4,0.5042520761489868,0.2667385386264741
boundary_error,intercept,glass,5,6,1,0.2102987915277481,0.2667385386264741
boundary_error,intercept,glass,5,7,2,0.35641029477119446,0.2667385386264741
boundary_error,intercept,glass,5,8,3,0.46539947390556335,0.2667385386264741
boundary_error,intercept,glass,5,9,4,0.5381350517272949,0.2667385386264741
boundary_error,intercept,glass,5,11,1,0.11107271164655685,0.2667385386264741
boundary_error,intercept,glass,5,12,2,0.20945343375205994,0.2667385386264741
boundary_error,intercept,glass,5,13,3,0.29853543639183044,0.2667385386264741
boundary_error,intercept,glass,5,14,4,0.38227784633636475,0.2667385386264741
boundary_error,intercept,glass,5,16,1,0.12148493528366089,0.2667385386264741
boundary_error,intercept,glass,5,17,2,0.24711798131465912,0.2667385386264741
boundary_error,intercept,glass,5,18,3,0.3760053515434265,0.2667385386264741
boundary_error,intercept,glass,5,19,4,0.5201961994171143,0.2667385386264741
boundary_error,age,glass,2,1,1,0.17849400639533997,0.17183286696068514
boundary_error,age,glass,2,3,1,0.20966100692749023,0.17183286696068514
boundary_error,age,glass,2,5,1,0.2566942274570465,0.17183286696068514
boundary_error,age,glass,2,7,1,0.1365717500448227,0.17183286696068514
boundary_error,age,glass,2,9,1,0.10910612344741821,0.17183286696068514
boundary_error,age,glass,2,11,1,0.10494749993085861,0.17183286696068514
boundary_error,age,glass,2,13,1,0.1003667414188385,0.17183286696068514
boundary_error,age,glass,2,15,1,0.1091892421245575,0.17183286696068514
boundary_error,age,glass,2,17,1,0.1267624795436859,0.17183286696068514
boundary_error,age,glass,2,19,1,0.18341206014156342,0.17183286696068514
boundary_error,age,glass,2,1,1,0.10650943219661713,0.17183286696068514
boundary_error,age,glass,2,3,1,0.17165130376815796,0.17183286696068514
boundary_error,age,glass,2,5,1,0.24033872783184052,0.17183286696068514
boundary_error,age,glass,2,7,1,0.24432645738124847,0.17183286696068514
boundary_error,age,glass,2,9,1,0.18295632302761078,0.17183286696068514
boundary_error,age,glass,2,11,1,0.11107271164655685,0.17183286696068514
boundary_error,age,glass,2,13,1,0.1074366495013237,0.17183286696068514
boundary_error,age,glass,2,15,1,0.1151503175497055,0.17183286696068514
boundary_error,age,glass,2,17,1,0.13403195142745972,0.17183286696068514
boundary_error,age,glass,2,19,1,0.19000527262687683,0.17183286696068514
boundary_error,age,glass,3,1,1,0.17849400639533997,0.17183286696068514
boundary_error,age,glass,3,2,2,0.34761494398117065,0.2857196729596319
boundary_error,age,glass,3,4,1,0.24710609018802643,0.17183286696068514
boundary_error,age,glass,3,5,2,0.4147961437702179,0.2857196729596319
boundary_error,age,glass,3,7,1,0.1365717500448227,0.17183286696068514
boundary_error,age,glass,3,8,2,0.26424846053123474,0.2857196729596319
boundary_error,age,glass,3,10,1,0.10372421145439148,0.17183286696068514
boundary_error,age,glass,3,11,2,0.20020626485347748,0.2857196729596319
boundary_error,age,glass,3,13,1,0.1003667414188385,0.17183286696068514
boundary_error,age,glass,3,14,2,0.19885186851024628,0.2857196729596319
boundary_error,age,glass,3,16,1,0.11746954172849655,0.17183286696068514
boundary_error,age,glass,3,17,2,0.2375517338514328,0.2857196729596319
boundary_error,age,glass,3,19,1,0.18341206014156342,0.17183286696068514
boundary_error,age,glass,3,1,1,0.10650943219661713,0.17183286696068514
boundary_error,age,glass,3,2,2,0.2522711753845215,0.2857196729596319
boundary_error,age,glass,3,4,1,0.2790960371494293,0.17183286696068514
boundary_error,age,glass,3,5,2,0.40807268023490906,0.2857196729596319
boundary_error,age,glass,3,7,1,0.24432645738124847,0.17183286696068514
boundary_error,age,glass,3,8,2,0.3753933012485504,0.2857196729596319
boundary_error,age,glass,3,10,1,0.1344689577817917,0.17183286696068514
boundary_error,age,glass,3,11,2,0.22746902704238892,0.2857196729596319
boundary_error,age,glass,3,13,1,0.1074366495013237,0.17183286696068514
boundary_error,age,glass,3,14,2,0.210367813706398,0.2857196729596319
boundary_error,age,glass,3,16,1,0.12148493528366089,0.17183286696068514
boundary_error,age,glass,3,17,2,0.24711798131465912,0.2857196729596319
boundary_error,age,glass,3,19,1,0.19000527262687683,0.17183286696068514
boundary_error,age,glass,4,1,1,0.17849400639533997,0.17183286696068514
boundary_error,age,glass,4,2,2,0.34761494398117065,0.2857196729596319
boundary_error,age,glass,4,3,3,0.41398894786834717,0.3996064789585787
boundary_error,age,glass,4,5,1,0.2566942274570465,0.17183286696068514
boundary_error,age,glass,4,6,2,0.4209776818752289,0.2857196729596319
boundary_error,age,glass,4,7,3,0.47205084562301636,0.3996064789585787
boundary_error,age,glass,4,9,1,0.10910612344741821,0.17183286696068514
boundary_error,age,glass,4,10,2,0.20318914949893951,0.2857196729596319
boundary_error,age,glass,4,11,3,0.28916364908218384,0.3996064789585787
boundary_error,age,glass,4,13,1,0.1003667414188385,0.17183286696068514
boundary_error,age,glass,4,14,2,0.19885186851024628,0.2857196729596319
boundary_error,age,glass,4,15,3,0.2949119210243225,0.3996064789585787
boundary_error,age,glass,4,17,1,0.1267624795436859,0.17183286696068514
boundary_error,age,glass,4,18,2,0.2627972960472107,0.2857196729596319
boundary_error,age,glass,4,19,3,0.41827720403671265,0.3996064789585787
boundary_error,age,glass,4,1,1,0.10650943219661713,0.17183286696068514
boundary_error,age,glass,4,2,2,0.2522711753845215,0.2857196729596319
boundary_error,age,glass,4,3,3,0.3518735468387604,0.3996064789585787
boundary_error,age,glass,4,5,1,0.24033872783184052,0.17183286696068514
boundary_error,age,glass,4,6,2,0.35677558183670044,0.2857196729596319
boundary_error,age,glass,4,7,3,0.4749225378036499,0.3996064789585787
boundary_error,age,glass,4,9,1,0.18295632302761078,0.17183286696068514
boundary_error,age,glass,4,10,2,0.2790014445781708,0.2857196729596319
boundary_error,age,glass,4,11,3,0.35429492592811584,0.3996064789585787
boundary_error,age,glass,4,13,1,0.1074366495013237,0.17183286696068514
boundary_error,age,glass,4,14,2,0.210367813706398,0.2857196729596319
boundary_error,age,glass,4,15,3,0.3086608350276947,0.3996064789585787
boundary_error,age,glass,4,17,1,0.13403195142745972,0.17183286696068514
boundary_error,age,glass,4,18,2,0.27428069710731506,0.2857196729596319
boundary_error,age,glass,4,19,3,0.4329584836959839,0.3996064789585787
boundary_error,age,glass,5,1,1,0.17849400639533997,0.17183286696068514
boundary_error,age,glass,5,2,2,0.34761494398117065,0.2857196729596319
boundary_error,age,glass,5,3,3,0.41398894786834717,0.3996064789585787
boundary_error,age,glass,5,4,4,0.5102193355560303,0.5134932849575256
boundary_error,age,glass,5,6,1,0.2492668181657791,0.17183286696068514
boundary_error,age,glass,5,7,2,0.3141351640224457,0.2857196729596319
boundary_error,age,glass,5,8,3,0.39976048469543457,0.3996064789585787
boundary_error,age,glass,5,9,4,0.4616769552230835,0.5134932849575256
boundary_error,age,glass,5,11,1,0.10494749993085861,0.17183286696068514
boundary_error,age,glass,5,12,2,0.19815433025360107,0.2857196729596319
boundary_error,age,glass,5,13,3,0.2835763692855835,0.3996064789585787
boundary_error,age,glass,5,14,4,0.3665076494216919,0.5134932849575256
boundary_error,age,glass,5,16,1,0.11746954172849655,0.17183286696068514
boundary_error,age,glass,5,17,2,0.2375517338514328,0.2857196729596319
boundary_error,age,glass,5,18,3,0.363633394241333,0.3996064789585787
boundary_error,age,glass,5,19,4,0.5058301091194153,0.5134932849575256
boundary_error,age,glass,5,1,1,0.10650943219661713,0.17183286696068514
boundary_error,age,glass,5,2,2,0.2522711753845215,0.2857196729596319
boundary_error,age,glass,5,3,3,0.3518735468387604,0.3996064789585787
boundary_error,age,glass,5,4,4,0.5042520761489868,0.5134932849575256
boundary_error,age,glass,5,6,1,0.2102987915277481,0.17183286696068514
boundary_error,age,glass,5,7,2,0.35641029477119446,0.2857196729596319
boundary_error,age,glass,5,8,3,0.46539947390556335,0.3996064789585787
boundary_error,age,glass,5,9,4,0.5381350517272949,0.5134932849575256
boundary_error,age,glass,5,11,1,0.11107271164655685,0.17183286696068514
boundary_error,age,glass,5,12,2,0.20945343375205994,0.2857196729596319
boundary_error,age,glass,5,13,3,0.29853543639183044,0.3996064789585787
boundary_error,age,glass,5,14,4,0.38227784633636475,0.5134932849575256
boundary_error,age,glass,5,16,1,0.12148493528366089,0.17183286696068514
boundary_error,age,glass,5,17,2,0.24711798131465912,0.2857196729596319
boundary_error,age,glass,5,18,3,0.3760053515434265,0.3996064789585787
boundary_error,age,glass,5,19,4,0.5201961994171143,0.5134932849575256
boundary_error,lambda_distance,glass,2,1,1,0.17849400639533997,0.2213885614718205
boundary_error,lambda_distance,glass,2,3,1,0.20966100692749023,0.20555196739187775
boundary_error,lambda_distance,glass,2,5,1,0.2566942274570465,0.19212639455379799
boundary_error,lambda_distance,glass,2,7,1,0.1365717500448227,0.18150757391079514
boundary_error,lambda_distance,glass,2,9,1,0.10910612344741821,0.17400613815497415
boundary_error,lambda_distance,glass,2,11,1,0.10494749993085861,0.169951794970019
boundary_error,lambda_distance,glass,2,13,1,0.1003667414188385,0.16988649287219337
boundary_error,lambda_distance,glass,2,15,1,0.1091892421245575,0.17573530356993652
boundary_error,lambda_distance,glass,2,17,1,0.1267624795436859,0.19437693105239426
boundary_error,lambda_distance,glass,2,19,1,0.18341206014156342,0.27336874287235113
boundary_error,lambda_distance,glass,2,1,1,0.10650943219661713,0.2213885614718205
boundary_error,lambda_distance,glass,2,3,1,0.17165130376815796,0.20555196739187775
boundary_error,lambda_distance,glass,2,5,1,0.24033872783184052,0.19212639455379799
boundary_error,lambda_distance,glass,2,7,1,0.24432645738124847,0.18150757391079514
boundary_error,lambda_distance,glass,2,9,1,0.18295632302761078,0.17400613815497415
boundary_error,lambda_distance,glass,2,11,1,0.11107271164655685,0.169951794970019
boundary_error,lambda_distance,glass,2,13,1,0.1074366495013237,0.16988649287219337
boundary_error,lambda_distance,glass,2,15,1,0.1151503175497055,0.17573530356993652
boundary_error,lambda_distance,glass,2,17,1,0.13403195142745972,0.19437693105239426
boundary_error,lambda_distance,glass,2,19,1,0.19000527262687683,0.27336874287235113
boundary_error,lambda_distance,glass,3,1,1,0.17849400639533997,0.2213885614718205
boundary_error,lambda_distance,glass,3,2,2,0.34761494398117065,0.33131349504869567
boundary_error,lambda_distance,glass,3,4,1,0.24710609018802643,0.19851145651134072
boundary_error,lambda_distance,glass,3,5,2,0.4147961437702179,0.28736731066856525
boundary_error,lambda_distance,glass,3,7,1,0.1365717500448227,0.18150757391079514
boundary_error,lambda_distance,glass,3,8,2,0.26424846053123474,0.25558726890115724
boundary_error,lambda_distance,glass,3,10,1,0.10372421145439148,0.1701678459931031
boundary_error,lambda_distance,glass,3,11,2,0.20020626485347748,0.23684910056654865
boundary_error,lambda_distance,glass,3,13,1,0.1003667414188385,0.16988649287219337
boundary_error,lambda_distance,glass,3,14,2,0.19885186851024628,0.23846634013300147
boundary_error,lambda_distance,glass,3,16,1,0.11746954172849655,0.18252306780716826
boundary_error,lambda_distance,glass,3,17,2,0.2375517338514328,0.2736294584629891
boundary_error,lambda_distance,glass,3,19,1,0.18341206014156342,0.27336874287235113
boundary_error,lambda_distance,glass,3,1,1,0.10650943219661713,0.2213885614718205
boundary_error,lambda_distance,glass,3,2,2,0.2522711753845215,0.33131349504869567
boundary_error,lambda_distance,glass,3,4,1,0.2790960371494293,0.19851145651134072
boundary_error,lambda_distance,glass,3,5,2,0.40807268023490906,0.28736731066856525
boundary_error,lambda_distance,glass,3,7,1,0.24432645738124847,0.18150757391079514
boundary_error,lambda_distance,glass,3,8,2,0.3753933012485504,0.25558726890115724
boundary_error,lambda_distance,glass,3,10,1,0.1344689577817917,0.1701678459931031
boundary_error,lambda_distance,glass,3,11,2,0.22746902704238892,0.23684910056654865
boundary_error,lambda_distance,glass,3,13,1,0.1074366495013237,0.16988649287219337
boundary_error,lambda_distance,glass,3,14,2,0.210367813706398,0.23846634013300147
boundary_error,lambda_distance,glass,3,16,1,0.12148493528366089,0.18252306780716826
boundary_error,lambda_distance,glass,3,17,2,0.24711798131465912,0.2736294584629891
boundary_error,lambda_distance,glass,3,19,1,0.19000527262687683,0.27336874287235113
boundary_error,lambda_distance,glass,4,1,1,0.17849400639533997,0.2213885614718205
boundary_error,lambda_distance,glass,4,2,2,0.34761494398117065,0.33131349504869567
boundary_error,lambda_distance,glass,4,3,3,0.41398894786834717,0.43359492204399996
boundary_error,lambda_distance,glass,4,5,1,0.2566942274570465,0.19212639455379799
boundary_error,lambda_distance,glass,4,6,2,0.4209776818752289,0.27530061763386776
boundary_error,lambda_distance,glass,4,7,3,0.47205084562301636,0.35353765114808944
boundary_error,lambda_distance,glass,4,9,1,0.10910612344741821,0.17400613815497415
boundary_error,lambda_distance,glass,4,10,2,0.20318914949893951,0.2409034437515038
boundary_error,lambda_distance,glass,4,11,3,0.28916364908218384,0.30758469832494933
boundary_error,lambda_distance,glass,4,13,1,0.1003667414188385,0.16988649287219337
boundary_error,lambda_distance,glass,4,14,2,0.19885186851024628,0.23846634013300147
boundary_error,lambda_distance,glass,4,15,3,0.2949119210243225,0.31093110330636453
boundary_error,lambda_distance,glass,4,17,1,0.1267624795436859,0.19437693105239426
boundary_error,lambda_distance,glass,4,18,2,0.2627972960472107,0.3081964322231338
boundary_error,lambda_distance,glass,4,19,3,0.41827720403671265,0.4782946346989114
boundary_error,lambda_distance,glass,4,1,1,0.10650943219661713,0.2213885614718205
boundary_error,lambda_distance,glass,4,2,2,0.2522711753845215,0.33131349504869567
boundary_error,lambda_distance,glass,4,3,3,0.3518735468387604,0.43359492204399996
boundary_error,lambda_distance,glass,4,5,1,0.24033872783184052,0.19212639455379799
boundary_error,lambda_distance,glass,4,6,2,0.35677558183670044,0.27530061763386776
boundary_error,lambda_distance,glass,4,7,3,0.4749225378036499,0.35353765114808944
boundary_error,lambda_distance,glass,4,9,1,0.18295632302761078,0.17400613815497415
boundary_error,lambda_distance,glass,4,10,2,0.2790014445781708,0.2409034437515038
boundary_error,lambda_distance,glass,4,11,3,0.35429492592811584,0.30758469832494933
boundary_error,lambda_distance,glass,4,13,1,0.1074366495013237,0.16988649287219337
boundary_error,lambda_distance,glass,4,14,2,0.210367813706398,0.23846634013300147
boundary_error,lambda_distance,glass,4,15,3,0.3086608350276947,0.31093110330636453
boundary_error,lambda_distance,glass,4,17,1,0.13403195142745972,0.19437693105239426
boundary_error,lambda_distance,glass,4,18,2,0.27428069710731506,0.3081964322231338
boundary_error,lambda_distance,glass,4,19,3,0.4329584836959839,0.4782946346989114
boundary_error,lambda_distance,glass,5,1,1,0.17849400639533997,0.2213885614718205
boundary_error,lambda_distance,glass,5,2,2,0.34761494398117065,0.33131349504869567
boundary_error,lambda_distance,glass,5,3,3,0.41398894786834717,0.43359492204399996
boundary_error,lambda_distance,glass,5,4,4,0.5102193355560303,0.5288358381587672
boundary_error,lambda_distance,glass,5,6,1,0.2492668181657791,0.18644476347664324
boundary_error,lambda_distance,glass,5,7,2,0.3141351640224457,0.2646817969908649
boundary_error,lambda_distance,glass,5,8,3,0.39976048469543457,0.338761491981227
boundary_error,lambda_distance,glass,5,9,4,0.4616769552230835,0.40949708973962773
boundary_error,lambda_distance,glass,5,11,1,0.10494749993085861,0.169951794970019
boundary_error,lambda_distance,glass,5,12,2,0.19815433025360107,0.2360254864216367
boundary_error,lambda_distance,glass,5,13,3,0.2835763692855835,0.3026414388972566
boundary_error,lambda_distance,glass,5,14,4,0.3665076494216919,0.3712212861580647
boundary_error,lambda_distance,glass,5,16,1,0.11746954172849655,0.18252306780716826
boundary_error,lambda_distance,glass,5,17,2,0.2375517338514328,0.2736294584629891
boundary_error,lambda_distance,glass,5,18,3,0.363633394241333,0.3874489596337286
boundary_error,lambda_distance,glass,5,19,4,0.5058301091194153,0.5575471621095063
boundary_error,lambda_distance,glass,5,1,1,0.10650943219661713,0.2213885614718205
boundary_error,lambda_distance,glass,5,2,2,0.2522711753845215,0.33131349504869567
boundary_error,lambda_distance,glass,5,3,3,0.3518735468387604,0.43359492204399996
boundary_error,lambda_distance,glass,5,4,4,0.5042520761489868,0.5288358381587672
boundary_error,lambda_distance,glass,5,6,1,0.2102987915277481,0.18644476347664324
boundary_error,lambda_distance,glass,5,7,2,0.35641029477119446,0.2646817969908649
boundary_error,lambda_distance,glass,5,8,3,0.46539947390556335,0.338761491981227
boundary_error,lambda_distance,glass,5,9,4,0.5381350517272949,0.40949708973962773
boundary_error,lambda_distance,glass,5,11,1,0.11107271164655685,0.169951794970019
boundary_error,lambda_distance,glass,5,12,2,0.20945343375205994,0.2360254864216367
boundary_error,lambda_distance,glass,5,13,3,0.29853543639183044,0.3026414388972566
boundary_error,lambda_distance,glass,5,14,4,0.38227784633636475,0.3712212861580647
boundary_error,lambda_distance,glass,5,16,1,0.12148493528366089,0.18252306780716826
boundary_error,lambda_distance,glass,5,17,2,0.24711798131465912,0.2736294584629891
boundary_error,lambda_distance,glass,5,18,3,0.3760053515434265,0.3874489596337286
boundary_error,lambda_distance,glass,5,19,4,0.5201961994171143,0.5575471621095063
boundary_error,age+lambda_distance,glass,2,1,1,0.17849400639533997,0.168498137703484
boundary_error,age+lambda_distance,glass,2,3,1,0.20966100692749023,0.17032184021137584
boundary_error,age+lambda_distance,glass,2,5,1,0.2566942274570465,0.1718678955520062
boundary_error,age+lambda_distance,glass,2,7,1,0.1365717500448227,0.1730907323400012
boundary_error,age+lambda_distance,glass,2,9,1,0.10910612344741821,0.1739545788925883
boundary_error,age+lambda_distance,glass,2,11,1,0.10494749993085861,0.17442146689874244
boundary_error,age+lambda_distance,glass,2,13,1,0.1003667414188385,0.17442898692476408
boundary_error,age+lambda_distance,glass,2,15,1,0.1091892421245575,0.1737554525344896
boundary_error,age+lambda_distance,glass,2,17,1,0.1267624795436859,0.17160872940580874
boundary_error,age+lambda_distance,glass,2,19,1,0.18341206014156342,0.16251223020959427
boundary_error,age+lambda_distance,glass,2,1,1,0.10650943219661713,0.168498137703484
boundary_error,age+lambda_distance,glass,2,3,1,0.17165130376815796,0.17032184021137584
boundary_error,age+lambda_distance,glass,2,5,1,0.24033872783184052,0.1718678955520062
boundary_error,age+lambda_distance,glass,2,7,1,0.24432645738124847,0.1730907323400012
boundary_error,age+lambda_distance,glass,2,9,1,0.18295632302761078,0.1739545788925883
boundary_error,age+lambda_distance,glass,2,11,1,0.11107271164655685,0.17442146689874244
boundary_error,age+lambda_distance,glass,2,13,1,0.1074366495013237,0.17442898692476408
boundary_error,age+lambda_distance,glass,2,15,1,0.1151503175497055,0.1737554525344896
boundary_error,age+lambda_distance,glass,2,17,1,0.13403195142745972,0.17160872940580874
boundary_error,age+lambda_distance,glass,2,19,1,0.19000527262687683,0.16251223020959427
boundary_error,age+lambda_distance,glass,3,1,1,0.17849400639533997,0.168498137703484
boundary_error,age+lambda_distance,glass,3,2,2,0.34761494398117065,0.2799948065281231
boundary_error,age+lambda_distance,glass,3,4,1,0.24710609018802643,0.17113260780981654
boundary_error,age+lambda_distance,glass,3,5,2,0.4147961437702179,0.2850555390481177
boundary_error,age+lambda_distance,glass,3,7,1,0.1365717500448227,0.1730907323400012
boundary_error,age+lambda_distance,glass,3,8,2,0.26424846053123474,0.28871524905770446
boundary_error,age+lambda_distance,glass,3,10,1,0.10372421145439148,0.17439658700407304
boundary_error,age+lambda_distance,glass,3,11,2,0.20020626485347748,0.29087308958911046
boundary_error,age+lambda_distance,glass,3,13,1,0.1003667414188385,0.17442898692476408
boundary_error,age+lambda_distance,glass,3,14,2,0.19885186851024628,0.29068685233138236
boundary_error,age+lambda_distance,glass,3,16,1,0.11746954172849655,0.17297379060643045
boundary_error,age+lambda_distance,glass,3,17,2,0.2375517338514328,0.28663755569853416
boundary_error,age+lambda_distance,glass,3,19,1,0.18341206014156342,0.16251223020959427
boundary_error,age+lambda_distance,glass,3,1,1,0.10650943219661713,0.168498137703484
boundary_error,age+lambda_distance,glass,3,2,2,0.2522711753845215,0.2799948065281231
boundary_error,age+lambda_distance,glass,3,4,1,0.2790960371494293,0.17113260780981654
boundary_error,age+lambda_distance,glass,3,5,2,0.40807268023490906,0.2850555390481177
boundary_error,age+lambda_distance,glass,3,7,1,0.24432645738124847,0.1730907323400012
boundary_error,age+lambda_distance,glass,3,8,2,0.3753933012485504,0.28871524905770446
boundary_error,age+lambda_distance,glass,3,10,1,0.1344689577817917,0.17439658700407304
boundary_error,age+lambda_distance,glass,3,11,2,0.22746902704238892,0.29087308958911046
boundary_error,age+lambda_distance,glass,3,13,1,0.1074366495013237,0.17442898692476408
boundary_error,age+lambda_distance,glass,3,14,2,0.210367813706398,0.29068685233138236
boundary_error,age+lambda_distance,glass,3,16,1,0.12148493528366089,0.17297379060643045
boundary_error,age+lambda_distance,glass,3,17,2,0.24711798131465912,0.28663755569853416
boundary_error,age+lambda_distance,glass,3,19,1,0.19000527262687683,0.16251223020959427
boundary_error,age+lambda_distance,glass,4,1,1,0.17849400639533997,0.168498137703484
boundary_error,age+lambda_distance,glass,4,2,2,0.34761494398117065,0.2799948065281231
boundary_error,age+lambda_distance,glass,4,3,3,0.41398894786834717,0.39237168242579396
boundary_error,age+lambda_distance,glass,4,5,1,0.2566942274570465,0.1718678955520062
boundary_error,age+lambda_distance,glass,4,6,2,0.4209776818752289,0.2864451091942143
boundary_error,age+lambda_distance,glass,4,7,3,0.47205084562301636,0.4015908772205105
boundary_error,age+lambda_distance,glass,4,9,1,0.10910612344741821,0.1739545788925883
boundary_error,age+lambda_distance,glass,4,10,2,0.20318914949893951,0.2904062015829563
boundary_error,age+lambda_distance,glass,4,11,3,0.28916364908218384,0.40688270416799377
boundary_error,age+lambda_distance,glass,4,13,1,0.1003667414188385,0.17442898692476408
boundary_error,age+lambda_distance,glass,4,14,2,0.19885186851024628,0.29068685233138236
boundary_error,age+lambda_distance,glass,4,15,3,0.2949119210243225,0.40649734055216696
boundary_error,age+lambda_distance,glass,4,17,1,0.1267624795436859,0.17160872940580874
boundary_error,age+lambda_distance,glass,4,18,2,0.2627972960472107,0.28265690958116935
boundary_error,age+lambda_distance,glass,4,19,3,0.41827720403671265,0.3872241754770586
boundary_error,age+lambda_distance,glass,4,1,1,0.10650943219661713,0.168498137703484
boundary_error,age+lambda_distance,glass,4,2,2,0.2522711753845215,0.2799948065281231
boundary_error,age+lambda_distance,glass,4,3,3,0.3518735468387604,0.39237168242579396
boundary_error,age+lambda_distance,glass,4,5,1,0.24033872783184052,0.1718678955520062
boundary_error,age+lambda_distance,glass,4,6,2,0.35677558183670044,0.2864451091942143
boundary_error,age+lambda_distance,glass,4,7,3,0.4749225378036499,0.4015908772205105
boundary_error,age+lambda_distance,glass,4,9,1,0.18295632302761078,0.1739545788925883
boundary_error,age+lambda_distance,glass,4,10,2,0.2790014445781708,0.2904062015829563
boundary_error,age+lambda_distance,glass,4,11,3,0.35429492592811584,0.40688270416799377
boundary_error,age+lambda_distance,glass,4,13,1,0.1074366495013237,0.17442898692476408
boundary_error,age+lambda_distance,glass,4,14,2,0.210367813706398,0.29068685233138236
boundary_error,age+lambda_distance,glass,4,15,3,0.3086608350276947,0.40649734055216696
boundary_error,age+lambda_distance,glass,4,17,1,0.13403195142745972,0.17160872940580874
boundary_error,age+lambda_distance,glass,4,18,2,0.27428069710731506,0.28265690958116935
boundary_error,age+lambda_distance,glass,4,19,3,0.4329584836959839,0.3872241754770586
boundary_error,age+lambda_distance,glass,5,1,1,0.17849400639533997,0.168498137703484
boundary_error,age+lambda_distance,glass,5,2,2,0.34761494398117065,0.2799948065281231
boundary_error,age+lambda_distance,glass,5,3,3,0.41398894786834717,0.39237168242579396
boundary_error,age+lambda_distance,glass,5,4,4,0.5102193355560303,0.5055593259219054
boundary_error,age+lambda_distance,glass,5,6,1,0.2492668181657791,0.17252217795591313
boundary_error,age+lambda_distance,glass,5,7,2,0.3141351640224457,0.2876679459822093
boundary_error,age+lambda_distance,glass,5,8,3,0.39976048469543457,0.4032924626999126
boundary_error,age+lambda_distance,glass,5,9,4,0.4616769552230835,0.5193020772787958
boundary_error,age+lambda_distance,glass,5,11,1,0.10494749993085861,0.17442146689874244
boundary_error,age+lambda_distance,glass,5,12,2,0.19815433025360107,0.29096793493110945
boundary_error,age+lambda_distance,glass,5,13,3,0.2835763692855835,0.4074519575421685
boundary_error,age+lambda_distance,glass,5,14,4,0.3665076494216919,0.5237098229487868
boundary_error,age+lambda_distance,glass,5,16,1,0.11746954172849655,0.17297379060643045
boundary_error,age+lambda_distance,glass,5,17,2,0.2375517338514328,0.28663755569853416
boundary_error,age+lambda_distance,glass,5,18,3,0.363633394241333,0.39768573587389483
boundary_error,age+lambda_distance,glass,5,19,4,0.5058301091194153,0.502253001769784
boundary_error,age+lambda_distance,glass,5,1,1,0.10650943219661713,0.168498137703484
boundary_error,age+lambda_distance,glass,5,2,2,0.2522711753845215,0.2799948065281231
boundary_error,age+lambda_distance,glass,5,3,3,0.3518735468387604,0.39237168242579396
boundary_error,age+lambda_distance,glass,5,4,4,0.5042520761489868,0.5055593259219054
boundary_error,age+lambda_distance,glass,5,6,1,0.2102987915277481,0.17252217795591313
boundary_error,age+lambda_distance,glass,5,7,2,0.35641029477119446,0.2876679459822093
boundary_error,age+lambda_distance,glass,5,8,3,0.46539947390556335,0.4032924626999126
boundary_error,age+lambda_distance,glass,5,9,4,0.5381350517272949,0.5193020772787958
boundary_error,age+lambda_distance,glass,5,11,1,0.11107271164655685,0.17442146689874244
boundary_error,age+lambda_distance,glass,5,12,2,0.20945343375205994,0.29096793493110945
boundary_error,age+lambda_distance,glass,5,13,3,0.29853543639183044,0.4074519575421685
boundary_error,age+lambda_distance,glass,5,14,4,0.38227784633636475,0.5237098229487868
boundary_error,age+lambda_distance,glass,5,16,1,0.12148493528366089,0.17297379060643045
boundary_error,age+lambda_distance,glass,5,17,2,0.24711798131465912,0.28663755569853416
boundary_error,age+lambda_distance,glass,5,18,3,0.3760053515434265,0.39768573587389483
boundary_error,age+lambda_distance,glass,5,19,4,0.5201961994171143,0.502253001769784
boundary_error,intercept,interior,2,1,1,0.17817099392414093,0.26434613249184175
boundary_error,intercept,interior,2,3,1,0.20360401272773743,0.26434613249184175
boundary_error,intercept,interior,2,5,1,0.21535776555538177,0.26434613249184175
boundary_error,intercept,interior,2,7,1,0.2562112510204315,0.26434613249184175
boundary_error,intercept,interior,2,9,1,0.19499264657497406,0.26434613249184175
boundary_error,intercept,interior,2,11,1,0.17849382758140564,0.26434613249184175
boundary_error,intercept,interior,2,13,1,0.14001305401325226,0.26434613249184175
boundary_error,intercept,interior,2,15,1,0.12934356927871704,0.26434613249184175
boundary_error,intercept,interior,2,17,1,0.1321502923965454,0.26434613249184175
boundary_error,intercept,interior,2,19,1,0.1861850917339325,0.26434613249184175
boundary_error,intercept,interior,2,1,1,0.2225680947303772,0.26434613249184175
boundary_error,intercept,interior,2,3,1,0.26893487572669983,0.26434613249184175
boundary_error,intercept,interior,2,5,1,0.14880655705928802,0.26434613249184175
boundary_error,intercept,interior,2,7,1,0.15243998169898987,0.26434613249184175
boundary_error,intercept,interior,2,9,1,0.15827704966068268,0.26434613249184175
boundary_error,intercept,interior,2,11,1,0.15804143249988556,0.26434613249184175
boundary_error,intercept,interior,2,13,1,0.14037123322486877,0.26434613249184175
boundary_error,intercept,interior,2,15,1,0.12472021579742432,0.26434613249184175
boundary_error,intercept,interior,2,17,1,0.12705078721046448,0.26434613249184175
boundary_error,intercept,interior,2,19,1,0.17528650164604187,0.26434613249184175
boundary_error,intercept,interior,3,1,1,0.17817099392414093,0.26434613249184175
boundary_error,intercept,interior,3,2,2,0.28097909688949585,0.26434613249184175
boundary_error,intercept,interior,3,4,1,0.25799188017845154,0.26434613249184175
boundary_error,intercept,interior,3,5,2,0.38533157110214233,0.26434613249184175
boundary_error,intercept,interior,3,7,1,0.2562112510204315,0.26434613249184175
boundary_error,intercept,interior,3,8,2,0.4130997061729431,0.26434613249184175
boundary_error,intercept,interior,3,10,1,0.18484540283679962,0.26434613249184175
boundary_error,intercept,interior,3,11,2,0.3027590811252594,0.26434613249184175
boundary_error,intercept,interior,3,13,1,0.14001305401325226,0.26434613249184175
boundary_error,intercept,interior,3,14,2,0.2612180709838867,0.26434613249184175
boundary_error,intercept,interior,3,16,1,0.13250158727169037,0.26434613249184175
boundary_error,intercept,interior,3,17,2,0.2521570920944214,0.26434613249184175
boundary_error,intercept,interior,3,19,1,0.1861850917339325,0.26434613249184175
boundary_error,intercept,interior,3,1,1,0.2225680947303772,0.26434613249184175
boundary_error,intercept,interior,3,2,2,0.2909921407699585,0.26434613249184175
boundary_error,intercept,interior,3,4,1,0.21244949102401733,0.26434613249184175
boundary_error,intercept,interior,3,5,2,0.32238084077835083,0.26434613249184175
boundary_error,intercept,interior,3,7,1,0.15243998169898987,0.26434613249184175
boundary_error,intercept,interior,3,8,2,0.29309386014938354,0.26434613249184175
boundary_error,intercept,interior,3,10,1,0.1664649248123169,0.26434613249184175
boundary_error,intercept,interior,3,11,2,0.28883519768714905,0.26434613249184175
boundary_error,intercept,interior,3,13,1,0.14037123322486877,0.26434613249184175
boundary_error,intercept,interior,3,14,2,0.24442178010940552,0.26434613249184175
boundary_error,intercept,interior,3,16,1,0.1281670778989792,0.26434613249184175
boundary_error,intercept,interior,3,17,2,0.24275316298007965,0.26434613249184175
boundary_error,intercept,interior,3,19,1,0.17528650164604187,0.26434613249184175
boundary_error,intercept,interior,4,1,1,0.17817099392414093,0.26434613249184175
boundary_error,intercept,interior,4,2,2,0.28097909688949585,0.26434613249184175
boundary_error,intercept,interior,4,3,3,0.41916707158088684,0.26434613249184175
boundary_error,intercept,interior,4,5,1,0.21535776555538177,0.26434613249184175
boundary_error,intercept,interior,4,6,2,0.39086928963661194,0.26434613249184175
boundary_error,intercept,interior,4,7,3,0.5108515024185181,0.26434613249184175
boundary_error,intercept,interior,4,9,1,0.19499264657497406,0.26434613249184175
boundary_error,intercept,interior,4,10,2,0.32172417640686035,0.26434613249184175
boundary_error,intercept,interior,4,11,3,0.40743184089660645,0.26434613249184175
boundary_error,intercept,interior,4,13,1,0.14001305401325226,0.26434613249184175
boundary_error,intercept,interior,4,14,2,0.2612180709838867,0.26434613249184175
boundary_error,intercept,interior,4,15,3,0.35955414175987244,0.26434613249184175
boundary_error,intercept,interior,4,17,1,0.1321502923965454,0.26434613249184175
boundary_error,intercept,interior,4,18,2,0.2654290199279785,0.26434613249184175
boundary_error,intercept,interior,4,19,3,0.4176292419433594,0.26434613249184175
boundary_error,intercept,interior,4,1,1,0.2225680947303772,0.26434613249184175
boundary_error,intercept,interior,4,2,2,0.2909921407699585,0.26434613249184175
boundary_error,intercept,interior,4,3,3,0.44972893595695496,0.26434613249184175
boundary_error,intercept,interior,4,5,1,0.14880655705928802,0.26434613249184175
boundary_error,intercept,interior,4,6,2,0.28597110509872437,0.26434613249184175
boundary_error,intercept,interior,4,7,3,0.39051327109336853,0.26434613249184175
boundary_error,intercept,interior,4,9,1,0.15827704966068268,0.26434613249184175
boundary_error,intercept,interior,4,10,2,0.28961053490638733,0.26434613249184175
boundary_error,intercept,interior,4,11,3,0.3907623291015625,0.26434613249184175
boundary_error,intercept,interior,4,13,1,0.14037123322486877,0.26434613249184175
boundary_error,intercept,interior,4,14,2,0.24442178010940552,0.26434613249184175
boundary_error,intercept,interior,4,15,3,0.3379366993904114,0.26434613249184175
boundary_error,intercept,interior,4,17,1,0.12705078721046448,0.26434613249184175
boundary_error,intercept,interior,4,18,2,0.2528684139251709,0.26434613249184175
boundary_error,intercept,interior,4,19,3,0.3982946574687958,0.26434613249184175
boundary_error,intercept,interior,5,1,1,0.17817099392414093,0.26434613249184175
boundary_error,intercept,interior,5,2,2,0.28097909688949585,0.26434613249184175
boundary_error,intercept,interior,5,3,3,0.41916707158088684,0.26434613249184175
boundary_error,intercept,interior,5,4,4,0.5357973575592041,0.26434613249184175
boundary_error,intercept,interior,5,6,1,0.2541884779930115,0.26434613249184175
boundary_error,intercept,interior,5,7,2,0.4063681364059448,0.26434613249184175
boundary_error,intercept,interior,5,8,3,0.5096722841262817,0.26434613249184175
boundary_error,intercept,interior,5,9,4,0.5702811479568481,0.26434613249184175
boundary_error,intercept,interior,5,11,1,0.17849382758140564,0.26434613249184175
boundary_error,intercept,interior,5,12,2,0.3191378116607666,0.26434613249184175
boundary_error,intercept,interior,5,13,3,0.40849170088768005,0.26434613249184175
boundary_error,intercept,interior,5,14,4,0.48860839009284973,0.26434613249184175
boundary_error,intercept,interior,5,16,1,0.13250158727169037,0.26434613249184175
boundary_error,intercept,interior,5,17,2,0.2521570920944214,0.26434613249184175
boundary_error,intercept,interior,5,18,3,0.37106138467788696,0.26434613249184175
boundary_error,intercept,interior,5,19,4,0.5064795017242432,0.26434613249184175
boundary_error,intercept,interior,5,1,1,0.2225680947303772,0.26434613249184175
boundary_error,intercept,interior,5,2,2,0.2909921407699585,0.26434613249184175
boundary_error,intercept,interior,5,3,3,0.44972893595695496,0.26434613249184175
boundary_error,intercept,interior,5,4,4,0.5317583680152893,0.26434613249184175
boundary_error,intercept,interior,5,6,1,0.16026443243026733,0.26434613249184175
boundary_error,intercept,interior,5,7,2,0.2847369611263275,0.26434613249184175
boundary_error,intercept,interior,5,8,3,0.39837297797203064,0.26434613249184175
boundary_error,intercept,interior,5,9,4,0.4884812533855438,0.26434613249184175
boundary_error,intercept,interior,5,11,1,0.15804143249988556,0.26434613249184175
boundary_error,intercept,interior,5,12,2,0.2827454209327698,0.26434613249184175
boundary_error,intercept,interior,5,13,3,0.37708160281181335,0.26434613249184175
boundary_error,intercept,interior,5,14,4,0.44911736249923706,0.26434613249184175
boundary_error,intercept,interior,5,16,1,0.1281670778989792,0.26434613249184175
boundary_error,intercept,interior,5,17,2,0.24275316298007965,0.26434613249184175
boundary_error,intercept,interior,5,18,3,0.35503217577934265,0.26434613249184175
boundary_error,intercept,interior,5,19,4,0.4847683608531952,0.26434613249184175
boundary_error,age,interior,2,1,1,0.17817099392414093,0.16994843069496018
boundary_error,age,interior,2,3,1,0.20360401272773743,0.16994843069496018
boundary_error,age,interior,2,5,1,0.21535776555538177,0.16994843069496018
boundary_error,age,interior,2,7,1,0.2562112510204315,0.16994843069496018
boundary_error,age,interior,2,9,1,0.19499264657497406,0.16994843069496018
boundary_error,age,interior,2,11,1,0.17849382758140564,0.16994843069496018
boundary_error,age,interior,2,13,1,0.14001305401325226,0.16994843069496018
boundary_error,age,interior,2,15,1,0.12934356927871704,0.16994843069496018
boundary_error,age,interior,2,17,1,0.1321502923965454,0.16994843069496018
boundary_error,age,interior,2,19,1,0.1861850917339325,0.16994843069496018
boundary_error,age,interior,2,1,1,0.2225680947303772,0.16994843069496018
boundary_error,age,interior,2,3,1,0.26893487572669983,0.16994843069496018
boundary_error,age,interior,2,5,1,0.14880655705928802,0.16994843069496018
boundary_error,age,interior,2,7,1,0.15243998169898987,0.16994843069496018
boundary_error,age,interior,2,9,1,0.15827704966068268,0.16994843069496018
boundary_error,age,interior,2,11,1,0.15804143249988556,0.16994843069496018
boundary_error,age,interior,2,13,1,0.14037123322486877,0.16994843069496018
boundary_error,age,interior,2,15,1,0.12472021579742432,0.16994843069496018
boundary_error,age,interior,2,17,1,0.12705078721046448,0.16994843069496018
boundary_error,age,interior,2,19,1,0.17528650164604187,0.16994843069496018
boundary_error,age,interior,3,1,1,0.17817099392414093,0.16994843069496018
boundary_error,age,interior,3,2,2,0.28097909688949585,0.283225672851218
boundary_error,age,interior,3,4,1,0.25799188017845154,0.16994843069496018
boundary_error,age,interior,3,5,2,0.38533157110214233,0.283225672851218
boundary_error,age,interior,3,7,1,0.2562112510204315,0.16994843069496018
boundary_error,age,interior,3,8,2,0.4130997061729431,0.283225672851218
boundary_error,age,interior,3,10,1,0.18484540283679962,0.16994843069496018
boundary_error,age,interior,3,11,2,0.3027590811252594,0.283225672851218
boundary_error,age,interior,3,13,1,0.14001305401325226,0.16994843069496018
boundary_error,age,interior,3,14,2,0.2612180709838867,0.283225672851218
boundary_error,age,interior,3,16,1,0.13250158727169037,0.16994843069496018
boundary_error,age,interior,3,17,2,0.2521570920944214,0.283225672851218
boundary_error,age,interior,3,19,1,0.1861850917339325,0.16994843069496018
boundary_error,age,interior,3,1,1,0.2225680947303772,0.16994843069496018
boundary_error,age,interior,3,2,2,0.2909921407699585,0.283225672851218
boundary_error,age,interior,3,4,1,0.21244949102401733,0.16994843069496018
boundary_error,age,interior,3,5,2,0.32238084077835083,0.283225672851218
boundary_error,age,interior,3,7,1,0.15243998169898987,0.16994843069496018
boundary_error,age,interior,3,8,2,0.29309386014938354,0.283225672851218
boundary_error,age,interior,3,10,1,0.1664649248123169,0.16994843069496018
boundary_error,age,interior,3,11,2,0.28883519768714905,0.283225672851218
boundary_error,age,interior,3,13,1,0.14037123322486877,0.16994843069496018
boundary_error,age,interior,3,14,2,0.24442178010940552,0.283225672851218
boundary_error,age,interior,3,16,1,0.1281670778989792,0.16994843069496018
boundary_error,age,interior,3,17,2,0.24275316298007965,0.283225672851218
boundary_error,age,interior,3,19,1,0.17528650164604187,0.16994843069496018
boundary_error,age,interior,4,1,1,0.17817099392414093,0.16994843069496018
boundary_error,age,interior,4,2,2,0.28097909688949585,0.283225672851218
boundary_error,age,interior,4,3,3,0.41916707158088684,0.3965029150074758
boundary_error,age,interior,4,5,1,0.21535776555538177,0.16994843069496018
boundary_error,age,interior,4,6,2,0.39086928963661194,0.283225672851218
boundary_error,age,interior,4,7,3,0.5108515024185181,0.3965029150074758
boundary_error,age,interior,4,9,1,0.19499264657497406,0.16994843069496018
boundary_error,age,interior,4,10,2,0.32172417640686035,0.283225672851218
boundary_error,age,interior,4,11,3,0.40743184089660645,0.3965029150074758
boundary_error,age,interior,4,13,1,0.14001305401325226,0.16994843069496018
boundary_error,age,interior,4,14,2,0.2612180709838867,0.283225672851218
boundary_error,age,interior,4,15,3,0.35955414175987244,0.3965029150074758
boundary_error,age,interior,4,17,1,0.1321502923965454,0.16994843069496018
boundary_error,age,interior,4,18,2,0.2654290199279785,0.283225672851218
boundary_error,age,interior,4,19,3,0.4176292419433594,0.3965029150074758
boundary_error,age,interior,4,1,1,0.2225680947303772,0.16994843069496018
boundary_error,age,interior,4,2,2,0.2909921407699585,0.283225672851218
boundary_error,age,interior,4,3,3,0.44972893595695496,0.3965029150074758
boundary_error,age,interior,4,5,1,0.14880655705928802,0.16994843069496018
boundary_error,age,interior,4,6,2,0.28597110509872437,0.283225672851218
boundary_error,age,interior,4,7,3,0.39051327109336853,0.3965029150074758
boundary_error,age,interior,4,9,1,0.15827704966068268,0.16994843069496018
boundary_error,age,interior,4,10,2,0.28961053490638733,0.283225672851218
boundary_error,age,interior,4,11,3,0.3907623291015625,0.3965029150074758
boundary_error,age,interior,4,13,1,0.14037123322486877,0.16994843069496018
boundary_error,age,interior,4,14,2,0.24442178010940552,0.283225672851218
boundary_error,age,interior,4,15,3,0.3379366993904114,0.3965029150074758
boundary_error,age,interior,4,17,1,0.12705078721046448,0.16994843069496018
boundary_error,age,interior,4,18,2,0.2528684139251709,0.283225672851218
boundary_error,age,interior,4,19,3,0.3982946574687958,0.3965029150074758
boundary_error,age,interior,5,1,1,0.17817099392414093,0.16994843069496018
boundary_error,age,interior,5,2,2,0.28097909688949585,0.283225672851218
boundary_error,age,interior,5,3,3,0.41916707158088684,0.3965029150074758
boundary_error,age,interior,5,4,4,0.5357973575592041,0.5097801571637337
boundary_error,age,interior,5,6,1,0.2541884779930115,0.16994843069496018
boundary_error,age,interior,5,7,2,0.4063681364059448,0.283225672851218
boundary_error,age,interior,5,8,3,0.5096722841262817,0.3965029150074758
boundary_error,age,interior,5,9,4,0.5702811479568481,0.5097801571637337
boundary_error,age,interior,5,11,1,0.17849382758140564,0.16994843069496018
boundary_error,age,interior,5,12,2,0.3191378116607666,0.283225672851218
boundary_error,age,interior,5,13,3,0.40849170088768005,0.3965029150074758
boundary_error,age,interior,5,14,4,0.48860839009284973,0.5097801571637337
boundary_error,age,interior,5,16,1,0.13250158727169037,0.16994843069496018
boundary_error,age,interior,5,17,2,0.2521570920944214,0.283225672851218
boundary_error,age,interior,5,18,3,0.37106138467788696,0.3965029150074758
boundary_error,age,interior,5,19,4,0.5064795017242432,0.5097801571637337
boundary_error,age,interior,5,1,1,0.2225680947303772,0.16994843069496018
boundary_error,age,interior,5,2,2,0.2909921407699585,0.283225672851218
boundary_error,age,interior,5,3,3,0.44972893595695496,0.3965029150074758
boundary_error,age,interior,5,4,4,0.5317583680152893,0.5097801571637337
boundary_error,age,interior,5,6,1,0.16026443243026733,0.16994843069496018
boundary_error,age,interior,5,7,2,0.2847369611263275,0.283225672851218
boundary_error,age,interior,5,8,3,0.39837297797203064,0.3965029150074758
boundary_error,age,interior,5,9,4,0.4884812533855438,0.5097801571637337
boundary_error,age,interior,5,11,1,0.15804143249988556,0.16994843069496018
boundary_error,age,interior,5,12,2,0.2827454209327698,0.283225672851218
boundary_error,age,interior,5,13,3,0.37708160281181335,0.3965029150074758
boundary_error,age,interior,5,14,4,0.44911736249923706,0.5097801571637337
boundary_error,age,interior,5,16,1,0.1281670778989792,0.16994843069496018
boundary_error,age,interior,5,17,2,0.24275316298007965,0.283225672851218
boundary_error,age,interior,5,18,3,0.35503217577934265,0.3965029150074758
boundary_error,age,interior,5,19,4,0.4847683608531952,0.5097801571637337
boundary_error,lambda_distance,interior,2,1,1,0.17817099392414093,0.21882891399475424
boundary_error,lambda_distance,interior,2,3,1,0.20360401272773743,0.20293391782908438
boundary_error,lambda_distance,interior,2,5,1,0.21535776555538177,0.1894588342532874
boundary_error,lambda_distance,interior,2,7,1,0.2562112510204315,0.17880085359453984
boundary_error,lambda_distance,interior,2,9,1,0.19499264657497406,0.17127175409411086
boundary_error,lambda_distance,interior,2,11,1,0.17849382758140564,0.16720245932947514
boundary_error,lambda_distance,interior,2,13,1,0.14001305401325226,0.16713691641100992
boundary_error,lambda_distance,interior,2,15,1,0.12934356927871704,0.17300729631372525
boundary_error,lambda_distance,interior,2,17,1,0.1321502923965454,0.19171767026533082
boundary_error,lambda_distance,interior,2,19,1,0.1861850917339325,0.2710007875605914
boundary_error,lambda_distance,interior,2,1,1,0.2225680947303772,0.21882891399475424
boundary_error,lambda_distance,interior,2,3,1,0.26893487572669983,0.20293391782908438
boundary_error,lambda_distance,interior,2,5,1,0.14880655705928802,0.1894588342532874
boundary_error,lambda_distance,interior,2,7,1,0.15243998169898987,0.17880085359453984
boundary_error,lambda_distance,interior,2,9,1,0.15827704966068268,0.17127175409411086
boundary_error,lambda_distance,interior,2,11,1,0.15804143249988556,0.16720245932947514
boundary_error,lambda_distance,interior,2,13,1,0.14037123322486877,0.16713691641100992
boundary_error,lambda_distance,interior,2,15,1,0.12472021579742432,0.17300729631372525
boundary_error,lambda_distance,interior,2,17,1,0.12705078721046448,0.19171767026533082
boundary_error,lambda_distance,interior,2,19,1,0.17528650164604187,0.2710007875605914
boundary_error,lambda_distance,interior,3,1,1,0.17817099392414093,0.21882891399475424
boundary_error,lambda_distance,interior,3,2,2,0.28097909688949585,0.3291592280064564
boundary_error,lambda_distance,interior,3,4,1,0.25799188017845154,0.19586744299961156
boundary_error,lambda_distance,interior,3,5,2,0.38533157110214233,0.28505097918149697
boundary_error,lambda_distance,interior,3,7,1,0.2562112510204315,0.17880085359453984
boundary_error,lambda_distance,interior,3,8,2,0.4130997061729431,0.2531537391886155
boundary_error,lambda_distance,interior,3,10,1,0.18484540283679962,0.16741930710407715
boundary_error,lambda_distance,interior,3,11,2,0.3027590811252594,0.23434646836215023
boundary_error,lambda_distance,interior,3,13,1,0.14001305401325226,0.16713691641100992
boundary_error,lambda_distance,interior,3,14,2,0.2612180709838867,0.23596967197385954
boundary_error,lambda_distance,interior,3,16,1,0.13250158727169037,0.179820092422512
boundary_error,lambda_distance,interior,3,17,2,0.2521570920944214,0.27126246461644077
boundary_error,lambda_distance,interior,3,19,1,0.1861850917339325,0.2710007875605914
boundary_error,lambda_distance,interior,3,1,1,0.2225680947303772,0.21882891399475424
boundary_error,lambda_distance,interior,3,2,2,0.2909921407699585,0.3291592280064564
boundary_error,lambda_distance,interior,3,4,1,0.21244949102401733,0.19586744299961156
boundary_error,lambda_distance,interior,3,5,2,0.32238084077835083,0.28505097918149697
boundary_error,lambda_distance,interior,3,7,1,0.15243998169898987,0.17880085359453984
boundary_error,lambda_distance,interior,3,8,2,0.29309386014938354,0.2531537391886155
boundary_error,lambda_distance,interior,3,10,1,0.1664649248123169,0.16741930710407715
boundary_error,lambda_distance,interior,3,11,2,0.28883519768714905,0.23434646836215023
boundary_error,lambda_distance,interior,3,13,1,0.14037123322486877,0.16713691641100992
boundary_error,lambda_distance,interior,3,14,2,0.24442178010940552,0.23596967197385954
boundary_error,lambda_distance,interior,3,16,1,0.1281670778989792,0.179820092422512
boundary_error,lambda_distance,interior,3,17,2,0.24275316298007965,0.27126246461644077
boundary_error,lambda_distance,interior,3,19,1,0.17528650164604187,0.2710007875605914
boundary_error,lambda_distance,interior,4,1,1,0.17817099392414093,0.21882891399475424
boundary_error,lambda_distance,interior,4,2,2,0.28097909688949585,0.3291592280064564
boundary_error,lambda_distance,interior,4,3,3,0.41916707158088684,0.43181784776413873
boundary_error,lambda_distance,interior,4,5,1,0.21535776555538177,0.1894588342532874
boundary_error,lambda_distance,interior,4,6,2,0.39086928963661194,0.2729397866769325
boundary_error,lambda_distance,interior,4,7,3,0.5108515024185181,0.3514653422000703
boundary_error,lambda_distance,interior,4,9,1,0.19499264657497406,0.17127175409411086
boundary_error,lambda_distance,interior,4,10,2,0.32172417640686035,0.23841576312678595
boundary_error,lambda_distance,interior,4,11,3,0.40743184089660645,0.30534292438485905
boundary_error,lambda_distance,interior,4,13,1,0.14001305401325226,0.16713691641100992
boundary_error,lambda_distance,interior,4,14,2,0.2612180709838867,0.23596967197385954
boundary_error,lambda_distance,interior,4,15,3,0.35955414175987244,0.3087016702161827
boundary_error,lambda_distance,interior,4,17,1,0.1321502923965454,0.19171767026533082
boundary_error,lambda_distance,interior,4,18,2,0.2654290199279785,0.30595691423122173
boundary_error,lambda_distance,interior,4,19,3,0.4176292419433594,0.47668240372041104
boundary_error,lambda_distance,interior,4,1,1,0.2225680947303772,0.21882891399475424
boundary_error,lambda_distance,interior,4,2,2,0.2909921407699585,0.3291592280064564
boundary_error,lambda_distance,interior,4,3,3,0.44972893595695496,0.43181784776413873
boundary_error,lambda_distance,interior,4,5,1,0.14880655705928802,0.1894588342532874
boundary_error,lambda_distance,interior,4,6,2,0.28597110509872437,0.2729397866769325
boundary_error,lambda_distance,interior,4,7,3,0.39051327109336853,0.3514653422000703
boundary_error,lambda_distance,interior,4,9,1,0.15827704966068268,0.17127175409411086
boundary_error,lambda_distance,interior,4,10,2,0.28961053490638733,0.23841576312678595
boundary_error,lambda_distance,interior,4,11,3,0.3907623291015625,0.30534292438485905
boundary_error,lambda_distance,interior,4,13,1,0.14037123322486877,0.16713691641100992
boundary_error,lambda_distance,interior,4,14,2,0.24442178010940552,0.23596967197385954
boundary_error,lambda_distance,interior,4,15,3,0.3379366993904114,0.3087016702161827
boundary_error,lambda_distance,interior,4,17,1,0.12705078721046448,0.19171767026533082
boundary_error,lambda_distance,interior,4,18,2,0.2528684139251709,0.30595691423122173
boundary_error,lambda_distance,interior,4,19,3,0.3982946574687958,0.47668240372041104
boundary_error,lambda_distance,interior,5,1,1,0.17817099392414093,0.21882891399475424
boundary_error,lambda_distance,interior,5,2,2,0.28097909688949585,0.3291592280064564
boundary_error,lambda_distance,interior,5,3,3,0.41916707158088684,0.43181784776413873
boundary_error,lambda_distance,interior,5,4,4,0.5357973575592041,0.5274099926923483
boundary_error,lambda_distance,interior,5,6,1,0.2541884779930115,0.18375625049504715
boundary_error,lambda_distance,interior,5,7,2,0.4063681364059448,0.26228180601818496
boundary_error,lambda_distance,interior,5,8,3,0.5096722841262817,0.3366346916122606
boundary_error,lambda_distance,interior,5,9,4,0.5702811479568481,0.40763114763496944
boundary_error,lambda_distance,interior,5,11,1,0.17849382758140564,0.16720245932947514
boundary_error,lambda_distance,interior,5,12,2,0.3191378116607666,0.23351981689850332
boundary_error,lambda_distance,interior,5,13,3,0.40849170088768005,0.30038143523811117
boundary_error,lambda_distance,interior,5,14,4,0.48860839009284973,0.3692141908009608
boundary_error,lambda_distance,interior,5,16,1,0.13250158727169037,0.179820092422512
boundary_error,lambda_distance,interior,5,17,2,0.2521570920944214,0.27126246461644077
boundary_error,lambda_distance,interior,5,18,3,0.37106138467788696,0.3855017085823317
boundary_error,lambda_distance,interior,5,19,4,0.5064795017242432,0.556227198071521
boundary_error,lambda_distance,interior,5,1,1,0.2225680947303772,0.21882891399475424
boundary_error,lambda_distance,interior,5,2,2,0.2909921407699585,0.3291592280064564
boundary_error,lambda_distance,interior,5,3,3,0.44972893595695496,0.43181784776413873
boundary_error,lambda_distance,interior,5,4,4,0.5317583680152893,0.5274099926923483
boundary_error,lambda_distance,interior,5,6,1,0.16026443243026733,0.18375625049504715
boundary_error,lambda_distance,interior,5,7,2,0.2847369611263275,0.26228180601818496
boundary_error,lambda_distance,interior,5,8,3,0.39837297797203064,0.3366346916122606
boundary_error,lambda_distance,interior,5,9,4,0.4884812533855438,0.40763114763496944
boundary_error,lambda_distance,interior,5,11,1,0.15804143249988556,0.16720245932947514
boundary_error,lambda_distance,interior,5,12,2,0.2827454209327698,0.23351981689850332
boundary_error,lambda_distance,interior,5,13,3,0.37708160281181335,0.30038143523811117
boundary_error,lambda_distance,interior,5,14,4,0.44911736249923706,0.3692141908009608
boundary_error,lambda_distance,interior,5,16,1,0.1281670778989792,0.179820092422512
boundary_error,lambda_distance,interior,5,17,2,0.24275316298007965,0.27126246461644077
boundary_error,lambda_distance,interior,5,18,3,0.35503217577934265,0.3855017085823317
boundary_error,lambda_distance,interior,5,19,4,0.4847683608531952,0.556227198071521
boundary_error,age+lambda_distance,interior,2,1,1,0.17817099392414093,0.16794650166091138
boundary_error,age+lambda_distance,interior,2,3,1,0.20360401272773743,0.16904132007596934
boundary_error,age+lambda_distance,interior,2,5,1,0.21535776555538177,0.16996945931485077
boundary_error,age+lambda_distance,interior,2,7,1,0.2562112510204315,0.1707035616305047
boundary_error,age+lambda_distance,interior,2,9,1,0.19499264657497406,0.17122215230495083
boundary_error,age+lambda_distance,interior,2,11,1,0.17849382758140564,0.17150243792428585
boundary_error,age+lambda_distance,interior,2,13,1,0.14001305401325226,0.17150695240125485
boundary_error,age+lambda_distance,interior,2,15,1,0.12934356927871704,0.1711026113146706
boundary_error,age+lambda_distance,interior,2,17,1,0.1321502923965454,0.1698138748002774
boundary_error,age+lambda_distance,interior,2,19,1,0.1861850917339325,0.1643529979360523
boundary_error,age+lambda_distance,interior,2,1,1,0.2225680947303772,0.16794650166091138
boundary_error,age+lambda_distance,interior,2,3,1,0.26893487572669983,0.16904132007596934
boundary_error,age+lambda_distance,interior,2,5,1,0.14880655705928802,0.16996945931485077
boundary_error,age+lambda_distance,interior,2,7,1,0.15243998169898987,0.1707035616305047
boundary_error,age+lambda_distance,interior,2,9,1,0.15827704966068268,0.17122215230495083
boundary_error,age+lambda_distance,interior,2,11,1,0.15804143249988556,0.17150243792428585
boundary_error,age+lambda_distance,interior,2,13,1,0.14037123322486877,0.17150695240125485
boundary_error,age+lambda_distance,interior,2,15,1,0.12472021579742432,0.1711026113146706
boundary_error,age+lambda_distance,interior,2,17,1,0.12705078721046448,0.1698138748002774
boundary_error,age+lambda_distance,interior,2,19,1,0.17528650164604187,0.1643529979360523
boundary_error,age+lambda_distance,interior,3,1,1,0.17817099392414093,0.16794650166091138
boundary_error,age+lambda_distance,interior,3,2,2,0.28097909688949585,0.27978887920431533
boundary_error,age+lambda_distance,interior,3,4,1,0.25799188017845154,0.16952804600482235
boundary_error,age+lambda_distance,interior,3,5,2,0.38533157110214233,0.28282697512873106
boundary_error,age+lambda_distance,interior,3,7,1,0.2562112510204315,0.1707035616305047
boundary_error,age+lambda_distance,interior,3,8,2,0.4130997061729431,0.2850239989826377
boundary_error,age+lambda_distance,interior,3,10,1,0.18484540283679962,0.17148750184412426
boundary_error,age+lambda_distance,interior,3,11,2,0.3027590811252594,0.28631940957746804
boundary_error,age+lambda_distance,interior,3,13,1,0.14001305401325226,0.17150695240125485
boundary_error,age+lambda_distance,interior,3,14,2,0.2612180709838867,0.28620760626610103
boundary_error,age+lambda_distance,interior,3,16,1,0.13250158727169037,0.17063335831453183
boundary_error,age+lambda_distance,interior,3,17,2,0.2521570920944214,0.2837767029238672
boundary_error,age+lambda_distance,interior,3,19,1,0.1861850917339325,0.1643529979360523
boundary_error,age+lambda_distance,interior,3,1,1,0.2225680947303772,0.16794650166091138
boundary_error,age+lambda_distance,interior,3,2,2,0.2909921407699585,0.27978887920431533
boundary_error,age+lambda_distance,interior,3,4,1,0.21244949102401733,0.16952804600482235
boundary_error,age+lambda_distance,interior,3,5,2,0.32238084077835083,0.28282697512873106
boundary_error,age+lambda_distance,interior,3,7,1,0.15243998169898987,0.1707035616305047
boundary_error,age+lambda_distance,interior,3,8,2,0.29309386014938354,0.2850239989826377
boundary_error,age+lambda_distance,interior,3,10,1,0.1664649248123169,0.17148750184412426
boundary_error,age+lambda_distance,interior,3,11,2,0.28883519768714905,0.28631940957746804
boundary_error,age+lambda_distance,interior,3,13,1,0.14037123322486877,0.17150695240125485
boundary_error,age+lambda_distance,interior,3,14,2,0.24442178010940552,0.28620760626610103
boundary_error,age+lambda_distance,interior,3,16,1,0.1281670778989792,0.17063335831453183
boundary_error,age+lambda_distance,interior,3,17,2,0.24275316298007965,0.2837767029238672
boundary_error,age+lambda_distance,interior,3,19,1,0.17528650164604187,0.1643529979360523
boundary_error,age+lambda_distance,interior,4,1,1,0.17817099392414093,0.16794650166091138
boundary_error,age+lambda_distance,interior,4,2,2,0.28097909688949585,0.27978887920431533
boundary_error,age+lambda_distance,interior,4,3,3,0.41916707158088684,0.39215966908934263
boundary_error,age+lambda_distance,interior,4,5,1,0.21535776555538177,0.16996945931485077
boundary_error,age+lambda_distance,interior,4,6,2,0.39086928963661194,0.2836611720322162
boundary_error,age+lambda_distance,interior,4,7,3,0.5108515024185181,0.3976942034717788
boundary_error,age+lambda_distance,interior,4,9,1,0.19499264657497406,0.17122215230495083
boundary_error,age+lambda_distance,interior,4,10,2,0.32172417640686035,0.2860391239581331
boundary_error,age+lambda_distance,interior,4,11,3,0.40743184089660645,0.4008710316914768
boundary_error,age+lambda_distance,interior,4,13,1,0.14001305401325226,0.17150695240125485
boundary_error,age+lambda_distance,interior,4,14,2,0.2612180709838867,0.28620760626610103
boundary_error,age+lambda_distance,interior,4,15,3,0.35955414175987244,0.4006396873898296
boundary_error,age+lambda_distance,interior,4,17,1,0.1321502923965454,0.1698138748002774
boundary_error,age+lambda_distance,interior,4,18,2,0.2654290199279785,0.28138701236070734
boundary_error,age+lambda_distance,interior,4,19,3,0.4176292419433594,0.38906948010581754
boundary_error,age+lambda_distance,interior,4,1,1,0.2225680947303772,0.16794650166091138
boundary_error,age+lambda_distance,interior,4,2,2,0.2909921407699585,0.27978887920431533
boundary_error,age+lambda_distance,interior,4,3,3,0.44972893595695496,0.39215966908934263
boundary_error,age+lambda_distance,interior,4,5,1,0.14880655705928802,0.16996945931485077
boundary_error,age+lambda_distance,interior,4,6,2,0.28597110509872437,0.2836611720322162
boundary_error,age+lambda_distance,interior,4,7,3,0.39051327109336853,0.3976942034717788
boundary_error,age+lambda_distance,interior,4,9,1,0.15827704966068268,0.17122215230495083
boundary_error,age+lambda_distance,interior,4,10,2,0.28961053490638733,0.2860391239581331
boundary_error,age+lambda_distance,interior,4,11,3,0.3907623291015625,0.4008710316914768
boundary_error,age+lambda_distance,interior,4,13,1,0.14037123322486877,0.17150695240125485
boundary_error,age+lambda_distance,interior,4,14,2,0.24442178010940552,0.28620760626610103
boundary_error,age+lambda_distance,interior,4,15,3,0.3379366993904114,0.4006396873898296
boundary_error,age+lambda_distance,interior,4,17,1,0.12705078721046448,0.1698138748002774
boundary_error,age+lambda_distance,interior,4,18,2,0.2528684139251709,0.28138701236070734
boundary_error,age+lambda_distance,interior,4,19,3,0.3982946574687958,0.38906948010581754
boundary_error,age+lambda_distance,interior,5,1,1,0.17817099392414093,0.16794650166091138
boundary_error,age+lambda_distance,interior,5,2,2,0.28097909688949585,0.27978887920431533
boundary_error,age+lambda_distance,interior,5,3,3,0.41916707158088684,0.39215966908934263
boundary_error,age+lambda_distance,interior,5,4,4,0.5357973575592041,0.505017184903223
boundary_error,age+lambda_distance,interior,5,6,1,0.2541884779930115,0.17036224290830745
boundary_error,age+lambda_distance,interior,5,7,2,0.4063681364059448,0.2843952743478701
boundary_error,age+lambda_distance,interior,5,8,3,0.5096722841262817,0.39871571170000303
boundary_error,age+lambda_distance,interior,5,9,4,0.5702811479568481,0.5132673338140119
boundary_error,age+lambda_distance,interior,5,11,1,0.17849382758140564,0.17150243792428585
boundary_error,age+lambda_distance,interior,5,12,2,0.3191378116607666,0.28637634782619753
boundary_error,age+lambda_distance,interior,5,13,3,0.40849170088768005,0.4012127700365103
boundary_error,age+lambda_distance,interior,5,14,4,0.48860839009284973,0.5159134239013565
boundary_error,age+lambda_distance,interior,5,16,1,0.13250158727169037,0.17063335831453183
boundary_error,age+lambda_distance,interior,5,17,2,0.2521570920944214,0.2837767029238672
boundary_error,age+lambda_distance,interior,5,18,3,0.37106138467788696,0.3953498404842971
boundary_error,age+lambda_distance,interior,5,19,4,0.5064795017242432,0.5030323082294074
boundary_error,age+lambda_distance,interior,5,1,1,0.2225680947303772,0.16794650166091138
boundary_error,age+lambda_distance,interior,5,2,2,0.2909921407699585,0.27978887920431533
boundary_error,age+lambda_distance,interior,5,3,3,0.44972893595695496,0.39215966908934263
boundary_error,age+lambda_distance,interior,5,4,4,0.5317583680152893,0.505017184903223
boundary_error,age+lambda_distance,interior,5,6,1,0.16026443243026733,0.17036224290830745
boundary_error,age+lambda_distance,interior,5,7,2,0.2847369611263275,0.2843952743478701
boundary_error,age+lambda_distance,interior,5,8,3,0.39837297797203064,0.39871571170000303
boundary_error,age+lambda_distance,interior,5,9,4,0.4884812533855438,0.5132673338140119
boundary_error,age+lambda_distance,interior,5,11,1,0.15804143249988556,0.17150243792428585
boundary_error,age+lambda_distance,interior,5,12,2,0.2827454209327698,0.28637634782619753
boundary_error,age+lambda_distance,interior,5,13,3,0.37708160281181335,0.4012127700365103
boundary_error,age+lambda_distance,interior,5,14,4,0.44911736249923706,0.5159134239013565
boundary_error,age+lambda_distance,interior,5,16,1,0.1281670778989792,0.17063335831453183
boundary_error,age+lambda_distance,interior,5,17,2,0.24275316298007965,0.2837767029238672
boundary_error,age+lambda_distance,interior,5,18,3,0.35503217577934265,0.3953498404842971
boundary_error,age+lambda_distance,interior,5,19,4,0.4847683608531952,0.5030323082294074
boundary_error,intercept,nature,2,1,1,0.18344129621982574,0.2709403462140771
boundary_error,intercept,nature,2,3,1,0.13037368655204773,0.2709403462140771
boundary_error,intercept,nature,2,5,1,0.1213383749127388,0.2709403462140771
boundary_error,intercept,nature,2,7,1,0.10863558202981949,0.2709403462140771
boundary_error,intercept,nature,2,9,1,0.10141929984092712,0.2709403462140771
boundary_error,intercept,nature,2,11,1,0.10155758261680603,0.2709403462140771
boundary_error,intercept,nature,2,13,1,0.09701342135667801,0.2709403462140771
boundary_error,intercept,nature,2,15,1,0.10030458122491837,0.2709403462140771
boundary_error,intercept,nature,2,17,1,0.11720114201307297,0.2709403462140771
boundary_error,intercept,nature,2,19,1,0.17525418102741241,0.2709403462140771
boundary_error,intercept,nature,2,1,1,0.1847197562456131,0.2709403462140771
boundary_error,intercept,nature,2,3,1,0.1262005716562271,0.2709403462140771
boundary_error,intercept,nature,2,5,1,0.15561962127685547,0.2709403462140771
boundary_error,intercept,nature,2,7,1,0.11476117372512817,0.2709403462140771
boundary_error,intercept,nature,2,9,1,0.09946679323911667,0.2709403462140771
boundary_error,intercept,nature,2,11,1,0.10295681655406952,0.2709403462140771
boundary_error,intercept,nature,2,13,1,0.10470603406429291,0.2709403462140771
boundary_error,intercept,nature,2,15,1,0.11463970690965652,0.2709403462140771
boundary_error,intercept,nature,2,17,1,0.12746255099773407,0.2709403462140771
boundary_error,intercept,nature,2,19,1,0.18108917772769928,0.2709403462140771
boundary_error,intercept,nature,3,1,1,0.18344129621982574,0.2709403462140771
boundary_error,intercept,nature,3,2,2,0.3018302917480469,0.2709403462140771
boundary_error,intercept,nature,3,4,1,0.13832885026931763,0.2709403462140771
boundary_error,intercept,nature,3,5,2,0.24733462929725647,0.2709403462140771
boundary_error,intercept,nature,3,7,1,0.10863558202981949,0.2709403462140771
boundary_error,intercept,nature,3,8,2,0.20883415639400482,0.2709403462140771
boundary_error,intercept,nature,3,10,1,0.09721972793340683,0.2709403462140771
boundary_error,intercept,nature,3,11,2,0.19214102625846863,0.2709403462140771
boundary_error,intercept,nature,3,13,1,0.09701342135667801,0.2709403462140771
boundary_error,intercept,nature,3,14,2,0.19046972692012787,0.2709403462140771
boundary_error,intercept,nature,3,16,1,0.10642506182193756,0.2709403462140771
boundary_error,intercept,nature,3,17,2,0.21839071810245514,0.2709403462140771
boundary_error,intercept,nature,3,19,1,0.17525418102741241,0.2709403462140771
boundary_error,intercept,nature,3,1,1,0.1847197562456131,0.2709403462140771
boundary_error,intercept,nature,3,2,2,0.2496752142906189,0.2709403462140771
boundary_error,intercept,nature,3,4,1,0.1312200427055359,0.2709403462140771
boundary_error,intercept,nature,3,5,2,0.2622587978839874,0.2709403462140771
boundary_error,intercept,nature,3,7,1,0.11476117372512817,0.2709403462140771
boundary_error,intercept,nature,3,8,2,0.21315771341323853,0.2709403462140771
boundary_error,intercept,nature,3,10,1,0.09777826815843582,0.2709403462140771
boundary_error,intercept,nature,3,11,2,0.1909993290901184,0.2709403462140771
boundary_error,intercept,nature,3,13,1,0.10470603406429291,0.2709403462140771
boundary_error,intercept,nature,3,14,2,0.20805776119232178,0.2709403462140771
boundary_error,intercept,nature,3,16,1,0.11896335333585739,0.2709403462140771
boundary_error,intercept,nature,3,17,2,0.23933064937591553,0.2709403462140771
boundary_error,intercept,nature,3,19,1,0.18108917772769928,0.2709403462140771
boundary_error,intercept,nature,4,1,1,0.18344129621982574,0.2709403462140771
boundary_error,intercept,nature,4,2,2,0.3018302917480469,0.2709403462140771
boundary_error,intercept,nature,4,3,3,0.38151729106903076,0.2709403462140771
boundary_error,intercept,nature,4,5,1,0.1213383749127388,0.2709403462140771
boundary_error,intercept,nature,4,6,2,0.2403378188610077,0.2709403462140771
boundary_error,intercept,nature,4,7,3,0.32671964168548584,0.2709403462140771
boundary_error,intercept,nature,4,9,1,0.10141929984092712,0.2709403462140771
boundary_error,intercept,nature,4,10,2,0.1922033280134201,0.2709403462140771
boundary_error,intercept,nature,4,11,3,0.2787728011608124,0.2709403462140771
boundary_error,intercept,nature,4,13,1,0.09701342135667801,0.2709403462140771
boundary_error,intercept,nature,4,14,2,0.19046972692012787,0.2709403462140771
boundary_error,intercept,nature,4,15,3,0.28051090240478516,0.2709403462140771
boundary_error,intercept,nature,4,17,1,0.11720114201307297,0.2709403462140771
boundary_error,intercept,nature,4,18,2,0.2452605813741684,0.2709403462140771
boundary_error,intercept,nature,4,19,3,0.39626678824424744,0.2709403462140771
boundary_error,intercept,nature,4,1,1,0.1847197562456131,0.2709403462140771
boundary_error,intercept,nature,4,2,2,0.2496752142906189,0.2709403462140771
boundary_error,intercept,nature,4,3,3,0.34740379452705383,0.2709403462140771
boundary_error,intercept,nature,4,5,1,0.15561962127685547,0.2709403462140771
boundary_error,intercept,nature,4,6,2,0.2444121390581131,0.2709403462140771
boundary_error,intercept,nature,4,7,3,0.3331356346607208,0.2709403462140771
boundary_error,intercept,nature,4,9,1,0.09946679323911667,0.2709403462140771
boundary_error,intercept,nature,4,10,2,0.18852978944778442,0.2709403462140771
boundary_error,intercept,nature,4,11,3,0.27324050664901733,0.2709403462140771
boundary_error,intercept,nature,4,13,1,0.10470603406429291,0.2709403462140771
boundary_error,intercept,nature,4,14,2,0.20805776119232178,0.2709403462140771
boundary_error,intercept,nature,4,15,3,0.30881959199905396,0.2709403462140771
boundary_error,intercept,nature,4,17,1,0.12746255099773407,0.2709403462140771
boundary_error,intercept,nature,4,18,2,0.2608402967453003,0.2709403462140771
boundary_error,intercept,nature,4,19,3,0.4138263761997223,0.2709403462140771
boundary_error,intercept,nature,5,1,1,0.18344129621982574,0.2709403462140771
boundary_error,intercept,nature,5,2,2,0.3018302917480469,0.2709403462140771
boundary_error,intercept,nature,5,3,3,0.38151729106903076,0.2709403462140771
boundary_error,intercept,nature,5,4,4,0.4643435776233673,0.2709403462140771
boundary_error,intercept,nature,5,6,1,0.13517624139785767,0.2709403462140771
boundary_error,intercept,nature,5,7,2,0.2296317219734192,0.2709403462140771
boundary_error,intercept,nature,5,8,3,0.316324383020401,0.2709403462140771
boundary_error,intercept,nature,5,9,4,0.39084815979003906,0.2709403462140771
boundary_error,intercept,nature,5,11,1,0.10155758261680603,0.2709403462140771
boundary_error,intercept,nature,5,12,2,0.19462698698043823,0.2709403462140771
boundary_error,intercept,nature,5,13,3,0.27960848808288574,0.2709403462140771
boundary_error,intercept,nature,5,14,4,0.35991865396499634,0.2709403462140771
boundary_error,intercept,nature,5,16,1,0.10642506182193756,0.2709403462140771
boundary_error,intercept,nature,5,17,2,0.21839071810245514,0.2709403462140771
boundary_error,intercept,nature,5,18,3,0.33830446004867554,0.2709403462140771
boundary_error,intercept,nature,5,19,4,0.4774951934814453,0.2709403462140771
boundary_error,intercept,nature,5,1,1,0.1847197562456131,0.2709403462140771
boundary_error,intercept,nature,5,2,2,0.2496752142906189,0.2709403462140771
boundary_error,intercept,nature,5,3,3,0.34740379452705383,0.2709403462140771
boundary_error,intercept,nature,5,4,4,0.436950147151947,0.2709403462140771
boundary_error,intercept,nature,5,6,1,0.11048002541065216,0.2709403462140771
boundary_error,intercept,nature,5,7,2,0.21174775063991547,0.2709403462140771
boundary_error,intercept,nature,5,8,3,0.3022317588329315,0.2709403462140771
boundary_error,intercept,nature,5,9,4,0.3782801330089569,0.2709403462140771
boundary_error,intercept,nature,5,11,1,0.10295681655406952,0.2709403462140771
boundary_error,intercept,nature,5,12,2,0.19092684984207153,0.2709403462140771
boundary_error,intercept,nature,5,13,3,0.28105786442756653,0.2709403462140771
boundary_error,intercept,nature,5,14,4,0.3700428009033203,0.2709403462140771
boundary_error,intercept,nature,5,16,1,0.11896335333585739,0.2709403462140771
boundary_error,intercept,nature,5,17,2,0.23933064937591553,0.2709403462140771
boundary_error,intercept,nature,5,18,3,0.3627392053604126,0.2709403462140771
boundary_error,intercept,nature,5,19,4,0.5016469955444336,0.2709403462140771
boundary_error,age,nature,2,1,1,0.18344129621982574,0.1751679179511481
boundary_error,age,nature,2,3,1,0.13037368655204773,0.1751679179511481
boundary_error,age,nature,2,5,1,0.1213383749127388,0.1751679179511481
boundary_error,age,nature,2,7,1,0.10863558202981949,0.1751679179511481
boundary_error,age,nature,2,9,1,0.10141929984092712,0.1751679179511481
boundary_error,age,nature,2,11,1,0.10155758261680603,0.1751679179511481
boundary_error,age,nature,2,13,1,0.09701342135667801,0.1751679179511481
boundary_error,age,nature,2,15,1,0.10030458122491837,0.1751679179511481
boundary_error,age,nature,2,17,1,0.11720114201307297,0.1751679179511481
boundary_error,age,nature,2,19,1,0.17525418102741241,0.1751679179511481
boundary_error,age,nature,2,1,1,0.1847197562456131,0.1751679179511481
boundary_error,age,nature,2,3,1,0.1262005716562271,0.1751679179511481
boundary_error,age,nature,2,5,1,0.15561962127685547,0.1751679179511481
boundary_error,age,nature,2,7,1,0.11476117372512817,0.1751679179511481
boundary_error,age,nature,2,9,1,0.09946679323911667,0.1751679179511481
boundary_error,age,nature,2,11,1,0.10295681655406952,0.1751679179511481
boundary_error,age,nature,2,13,1,0.10470603406429291,0.1751679179511481
boundary_error,age,nature,2,15,1,0.11463970690965652,0.1751679179511481
boundary_error,age,nature,2,17,1,0.12746255099773407,0.1751679179511481
boundary_error,age,nature,2,19,1,0.18108917772769928,0.1751679179511481
boundary_error,age,nature,3,1,1,0.18344129621982574,0.1751679179511481
boundary_error,age,nature,3,2,2,0.3018302917480469,0.290094831866663
boundary_error,age,nature,3,4,1,0.13832885026931763,0.1751679179511481
boundary_error,age,nature,3,5,2,0.24733462929725647,0.290094831866663
boundary_error,age,nature,3,7,1,0.10863558202981949,0.1751679179511481
boundary_error,age,nature,3,8,2,0.20883415639400482,0.290094831866663
boundary_error,age,nature,3,10,1,0.09721972793340683,0.1751679179511481
boundary_error,age,nature,3,11,2,0.19214102625846863,0.290094831866663
boundary_error,age,nature,3,13,1,0.09701342135667801,0.1751679179511481
boundary_error,age,nature,3,14,2,0.19046972692012787,0.290094831866663
boundary_error,age,nature,3,16,1,0.10642506182193756,0.1751679179511481
boundary_error,age,nature,3,17,2,0.21839071810245514,0.290094831866663
boundary_error,age,nature,3,19,1,0.17525418102741241,0.1751679179511481
boundary_error,age,nature,3,1,1,0.1847197562456131,0.1751679179511481
boundary_error,age,nature,3,2,2,0.2496752142906189,0.290094831866663
boundary_error,age,nature,3,4,1,0.1312200427055359,0.1751679179511481
boundary_error,age,nature,3,5,2,0.2622587978839874,0.290094831866663
boundary_error,age,nature,3,7,1,0.11476117372512817,0.1751679179511481
boundary_error,age,nature,3,8,2,0.21315771341323853,0.290094831866663
boundary_error,age,nature,3,10,1,0.09777826815843582,0.1751679179511481
boundary_error,age,nature,3,11,2,0.1909993290901184,0.290094831866663
boundary_error,age,nature,3,13,1,0.10470603406429291,0.1751679179511481
boundary_error,age,nature,3,14,2,0.20805776119232178,0.290094831866663
boundary_error,age,nature,3,16,1,0.11896335333585739,0.1751679179511481
boundary_error,age,nature,3,17,2,0.23933064937591553,0.290094831866663
boundary_error,age,nature,3,19,1,0.18108917772769928,0.1751679179511481
boundary_error,age,nature,4,1,1,0.18344129621982574,0.1751679179511481
boundary_error,age,nature,4,2,2,0.3018302917480469,0.290094831866663
boundary_error,age,nature,4,3,3,0.38151729106903076,0.405021745782178
boundary_error,age,nature,4,5,1,0.1213383749127388,0.1751679179511481
boundary_error,age,nature,4,6,2,0.2403378188610077,0.290094831866663
boundary_error,age,nature,4,7,3,0.32671964168548584,0.405021745782178
boundary_error,age,nature,4,9,1,0.10141929984092712,0.1751679179511481
boundary_error,age,nature,4,10,2,0.1922033280134201,0.290094831866663
boundary_error,age,nature,4,11,3,0.2787728011608124,0.405021745782178
boundary_error,age,nature,4,13,1,0.09701342135667801,0.1751679179511481
boundary_error,age,nature,4,14,2,0.19046972692012787,0.290094831866663
boundary_error,age,nature,4,15,3,0.28051090240478516,0.405021745782178
boundary_error,age,nature,4,17,1,0.11720114201307297,0.1751679179511481
boundary_error,age,nature,4,18,2,0.2452605813741684,0.290094831866663
boundary_error,age,nature,4,19,3,0.39626678824424744,0.405021745782178
boundary_error,age,nature,4,1,1,0.1847197562456131,0.1751679179511481
boundary_error,age,nature,4,2,2,0.2496752142906189,0.290094831866663
boundary_error,age,nature,4,3,3,0.34740379452705383,0.405021745782178
boundary_error,age,nature,4,5,1,0.15561962127685547,0.1751679179511481
boundary_error,age,nature,4,6,2,0.2444121390581131,0.290094831866663
boundary_error,age,nature,4,7,3,0.3331356346607208,0.405021745782178
boundary_error,age,nature,4,9,1,0.09946679323911667,0.1751679179511481
boundary_error,age,nature,4,10,2,0.18852978944778442,0.290094831866663
boundary_error,age,nature,4,11,3,0.27324050664901733,0.405021745782178
boundary_error,age,nature,4,13,1,0.10470603406429291,0.1751679179511481
boundary_error,age,nature,4,14,2,0.20805776119232178,0.290094831866663
boundary_error,age,nature,4,15,3,0.30881959199905396,0.405021745782178
boundary_error,age,nature,4,17,1,0.12746255099773407,0.1751679179511481
boundary_error,age,nature,4,18,2,0.2608402967453003,0.290094831866663
boundary_error,age,nature,4,19,3,0.4138263761997223,0.405021745782178
boundary_error,age,nature,5,1,1,0.18344129621982574,0.1751679179511481
boundary_error,age,nature,5,2,2,0.3018302917480469,0.290094831866663
boundary_error,age,nature,5,3,3,0.38151729106903076,0.405021745782178
boundary_error,age,nature,5,4,4,0.4643435776233673,0.5199486596976929
boundary_error,age,nature,5,6,1,0.13517624139785767,0.1751679179511481
boundary_error,age,nature,5,7,2,0.2296317219734192,0.290094831866663
boundary_error,age,nature,5,8,3,0.316324383020401,0.405021745782178
boundary_error,age,nature,5,9,4,0.39084815979003906,0.5199486596976929
boundary_error,age,nature,5,11,1,0.10155758261680603,0.1751679179511481
boundary_error,age,nature,5,12,2,0.19462698698043823,0.290094831866663
boundary_error,age,nature,5,13,3,0.27960848808288574,0.405021745782178
boundary_error,age,nature,5,14,4,0.35991865396499634,0.5199486596976929
boundary_error,age,nature,5,16,1,0.10642506182193756,0.1751679179511481
boundary_error,age,nature,5,17,2,0.21839071810245514,0.290094831866663
boundary_error,age,nature,5,18,3,0.33830446004867554,0.405021745782178
boundary_error,age,nature,5,19,4,0.4774951934814453,0.5199486596976929
boundary_error,age,nature,5,1,1,0.1847197562456131,0.1751679179511481
boundary_error,age,nature,5,2,2,0.2496752142906189,0.290094831866663
boundary_error,age,nature,5,3,3,0.34740379452705383,0.405021745782178
boundary_error,age,nature,5,4,4,0.436950147151947,0.5199486596976929
boundary_error,age,nature,5,6,1,0.11048002541065216,0.1751679179511481
boundary_error,age,nature,5,7,2,0.21174775063991547,0.290094831866663
boundary_error,age,nature,5,8,3,0.3022317588329315,0.405021745782178
boundary_error,age,nature,5,9,4,0.3782801330089569,0.5199486596976929
boundary_error,age,nature,5,11,1,0.10295681655406952,0.1751679179511481
boundary_error,age,nature,5,12,2,0.19092684984207153,0.290094831866663
boundary_error,age,nature,5,13,3,0.28105786442756653,0.405021745782178
boundary_error,age,nature,5,14,4,0.3700428009033203,0.5199486596976929
boundary_error,age,nature,5,16,1,0.11896335333585739,0.1751679179511481
boundary_error,age,nature,5,17,2,0.23933064937591553,0.290094831866663
boundary_error,age,nature,5,18,3,0.3627392053604126,0.405021745782178
boundary_error,age,nature,5,19,4,0.5016469955444336,0.5199486596976929
boundary_error,lambda_distance,nature,2,1,1,0.18344129621982574,0.22535286785242398
boundary_error,lambda_distance,nature,2,3,1,0.13037368655204773,0.20943333635013317
boundary_error,lambda_distance,nature,2,5,1,0.1213383749127388,0.19593745278746733
boundary_error,lambda_distance,nature,2,7,1,0.10863558202981949,0.1852630205901075
boundary_error,lambda_distance,nature,2,9,1,0.10141929984092712,0.17772229925669597
boundary_error,lambda_distance,nature,2,11,1,0.10155758261680603,0.1736467231746054
boundary_error,lambda_distance,nature,2,13,1,0.09701342135667801,0.17358107908483122
boundary_error,lambda_distance,nature,2,15,1,0.10030458122491837,0.17946052043968563
boundary_error,lambda_distance,nature,2,17,1,0.11720114201307297,0.19819977551327583
boundary_error,lambda_distance,nature,2,19,1,0.17525418102741241,0.2776052733332575
boundary_error,lambda_distance,nature,2,1,1,0.1847197562456131,0.22535286785242398
boundary_error,lambda_distance,nature,2,3,1,0.1262005716562271,0.20943333635013317
boundary_error,lambda_distance,nature,2,5,1,0.15561962127685547,0.19593745278746733
boundary_error,lambda_distance,nature,2,7,1,0.11476117372512817,0.1852630205901075
boundary_error,lambda_distance,nature,2,9,1,0.09946679323911667,0.17772229925669597
boundary_error,lambda_distance,nature,2,11,1,0.10295681655406952,0.1736467231746054
boundary_error,lambda_distance,nature,2,13,1,0.10470603406429291,0.17358107908483122
boundary_error,lambda_distance,nature,2,15,1,0.11463970690965652,0.17946052043968563
boundary_error,lambda_distance,nature,2,17,1,0.12746255099773407,0.19819977551327583
boundary_error,lambda_distance,nature,2,19,1,0.18108917772769928,0.2776052733332575
boundary_error,lambda_distance,nature,3,1,1,0.18344129621982574,0.22535286785242398
boundary_error,lambda_distance,nature,3,2,2,0.3018302917480469,0.3358534864911643
boundary_error,lambda_distance,nature,3,4,1,0.13832885026931763,0.20235595378989674
boundary_error,lambda_distance,nature,3,5,2,0.24733462929725647,0.2916771526713172
boundary_error,lambda_distance,nature,3,7,1,0.10863558202981949,0.1852630205901075
boundary_error,lambda_distance,nature,3,8,2,0.20883415639400482,0.25973067645891446
boundary_error,lambda_distance,nature,3,10,1,0.09721972793340683,0.173863905672984
boundary_error,lambda_distance,nature,3,11,2,0.19214102625846863,0.2408943749415425
boundary_error,lambda_distance,nature,3,13,1,0.09701342135667801,0.17358107908483122
boundary_error,lambda_distance,nature,3,14,2,0.19046972692012787,0.24252008411202028
boundary_error,lambda_distance,nature,3,16,1,0.10642506182193756,0.18628383270362692
boundary_error,lambda_distance,nature,3,17,2,0.21839071810245514,0.27786735431085585
boundary_error,lambda_distance,nature,3,19,1,0.17525418102741241,0.2776052733332575
boundary_error,lambda_distance,nature,3,1,1,0.1847197562456131,0.22535286785242398
boundary_error,lambda_distance,nature,3,2,2,0.2496752142906189,0.3358534864911643
boundary_error,lambda_distance,nature,3,4,1,0.1312200427055359,0.20235595378989674
boundary_error,lambda_distance,nature,3,5,2,0.2622587978839874,0.2916771526713172
boundary_error,lambda_distance,nature,3,7,1,0.11476117372512817,0.1852630205901075
boundary_error,lambda_distance,nature,3,8,2,0.21315771341323853,0.25973067645891446
boundary_error,lambda_distance,nature,3,10,1,0.09777826815843582,0.173863905672984
boundary_error,lambda_distance,nature,3,11,2,0.1909993290901184,0.2408943749415425
boundary_error,lambda_distance,nature,3,13,1,0.10470603406429291,0.17358107908483122
boundary_error,lambda_distance,nature,3,14,2,0.20805776119232178,0.24252008411202028
boundary_error,lambda_distance,nature,3,16,1,0.11896335333585739,0.18628383270362692
boundary_error,lambda_distance,nature,3,17,2,0.23933064937591553,0.27786735431085585
boundary_error,lambda_distance,nature,3,19,1,0.18108917772769928,0.2776052733332575
boundary_error,lambda_distance,nature,4,1,1,0.18344129621982574,0.22535286785242398
boundary_error,lambda_distance,nature,4,2,2,0.3018302917480469,0.3358534864911643
boundary_error,lambda_distance,nature,4,3,3,0.38151729106903076,0.4386705689352506
boundary_error,lambda_distance,nature,4,5,1,0.1213383749127388,0.19593745278746733
boundary_error,lambda_distance,nature,4,6,2,0.2403378188610077,0.2795472654667426
boundary_error,lambda_distance,nature,4,7,3,0.32671964168548584,0.35819403215080314
boundary_error,lambda_distance,nature,4,9,1,0.10141929984092712,0.17772229925669597
boundary_error,lambda_distance,nature,4,10,2,0.1922033280134201,0.24496995102363306
boundary_error,lambda_distance,nature,4,11,3,0.2787728011608124,0.31200042029219155
boundary_error,lambda_distance,nature,4,13,1,0.09701342135667801,0.17358107908483122
boundary_error,lambda_distance,nature,4,14,2,0.19046972692012787,0.24252008411202028
boundary_error,lambda_distance,nature,4,15,3,0.28051090240478516,0.315364350645659
boundary_error,lambda_distance,nature,4,17,1,0.11720114201307297,0.19819977551327583
boundary_error,lambda_distance,nature,4,18,2,0.2452605813741684,0.3126153578863489
boundary_error,lambda_distance,nature,4,19,3,0.39626678824424744,0.48360437731355954
boundary_error,lambda_distance,nature,4,1,1,0.1847197562456131,0.22535286785242398
boundary_error,lambda_distance,nature,4,2,2,0.2496752142906189,0.3358534864911643
boundary_error,lambda_distance,nature,4,3,3,0.34740379452705383,0.4386705689352506
boundary_error,lambda_distance,nature,4,5,1,0.15561962127685547,0.19593745278746733
boundary_error,lambda_distance,nature,4,6,2,0.2444121390581131,0.2795472654667426
boundary_error,lambda_distance,nature,4,7,3,0.3331356346607208,0.35819403215080314
boundary_error,lambda_distance,nature,4,9,1,0.09946679323911667,0.17772229925669597
boundary_error,lambda_distance,nature,4,10,2,0.18852978944778442,0.24496995102363306
boundary_error,lambda_distance,nature,4,11,3,0.27324050664901733,0.31200042029219155
boundary_error,lambda_distance,nature,4,13,1,0.10470603406429291,0.17358107908483122
boundary_error,lambda_distance,nature,4,14,2,0.20805776119232178,0.24252008411202028
boundary_error,lambda_distance,nature,4,15,3,0.30881959199905396,0.315364350645659
boundary_error,lambda_distance,nature,4,17,1,0.12746255099773407,0.19819977551327583
boundary_error,lambda_distance,nature,4,18,2,0.2608402967453003,0.3126153578863489
boundary_error,lambda_distance,nature,4,19,3,0.4138263761997223,0.48360437731355954
boundary_error,lambda_distance,nature,5,1,1,0.18344129621982574,0.22535286785242398
boundary_error,lambda_distance,nature,5,2,2,0.3018302917480469,0.3358534864911643
boundary_error,lambda_distance,nature,5,3,3,0.38151729106903076,0.4386705689352506
boundary_error,lambda_distance,nature,5,4,4,0.4643435776233673,0.5344102688191005
boundary_error,lambda_distance,nature,5,6,1,0.13517624139785767,0.19022606658532215
boundary_error,lambda_distance,nature,5,7,2,0.2296317219734192,0.2688728332693827
boundary_error,lambda_distance,nature,5,8,3,0.316324383020401,0.3433404891381897
boundary_error,lambda_distance,nature,5,9,4,0.39084815979003906,0.4144465344888387
boundary_error,lambda_distance,nature,5,11,1,0.10155758261680603,0.1736467231746054
boundary_error,lambda_distance,nature,5,12,2,0.19462698698043823,0.24006644746802952
boundary_error,lambda_distance,nature,5,13,3,0.27960848808288574,0.30703127264681385
boundary_error,lambda_distance,nature,5,14,4,0.35991865396499634,0.3759702776740029
boundary_error,lambda_distance,nature,5,16,1,0.10642506182193756,0.18628383270362692
boundary_error,lambda_distance,nature,5,17,2,0.21839071810245514,0.27786735431085585
boundary_error,lambda_distance,nature,5,18,3,0.33830446004867554,0.39228293668392894
boundary_error,lambda_distance,nature,5,19,4,0.4774951934814453,0.5632719561111396
boundary_error,lambda_distance,nature,5,1,1,0.1847197562456131,0.22535286785242398
boundary_error,lambda_distance,nature,5,2,2,0.2496752142906189,0.3358534864911643
boundary_error,lambda_distance,nature,5,3,3,0.34740379452705383,0.4386705689352506
boundary_error,lambda_distance,nature,5,4,4,0.436950147151947,0.5344102688191005
boundary_error,lambda_distance,nature,5,6,1,0.11048002541065216,0.19022606658532215
boundary_error,lambda_distance,nature,5,7,2,0.21174775063991547,0.2688728332693827
boundary_error,lambda_distance,nature,5,8,3,0.3022317588329315,0.3433404891381897
boundary_error,lambda_distance,nature,5,9,4,0.3782801330089569,0.4144465344888387
boundary_error,lambda_distance,nature,5,11,1,0.10295681655406952,0.1736467231746054
boundary_error,lambda_distance,nature,5,12,2,0.19092684984207153,0.24006644746802952
boundary_error,lambda_distance,nature,5,13,3,0.28105786442756653,0.30703127264681385
boundary_error,lambda_distance,nature,5,14,4,0.3700428009033203,0.3759702776740029
boundary_error,lambda_distance,nature,5,16,1,0.11896335333585739,0.18628383270362692
boundary_error,lambda_distance,nature,5,17,2,0.23933064937591553,0.27786735431085585
boundary_error,lambda_distance,nature,5,18,3,0.3627392053604126,0.39228293668392894
boundary_error,lambda_distance,nature,5,19,4,0.5016469955444336,0.5632719561111396
boundary_error,age+lambda_distance,nature,2,1,1,0.18344129621982574,0.1712360707134938
boundary_error,age+lambda_distance,nature,2,3,1,0.13037368655204773,0.17338632613602128
boundary_error,age+lambda_distance,nature,2,5,1,0.1213383749127388,0.17520921877631324
boundary_error,age+lambda_distance,nature,2,7,1,0.10863558202981949,0.17665101721815007
boundary_error,age+lambda_distance,nature,2,9,1,0.10141929984092712,0.17766954448665692
boundary_error,age+lambda_distance,nature,2,11,1,0.10155758261680603,0.1782200336495558
boundary_error,age+lambda_distance,nature,2,13,1,0.09701342135667801,0.178228900214503
boundary_error,age+lambda_distance,nature,2,15,1,0.10030458122491837,0.17743476248168788
boundary_error,age+lambda_distance,nature,2,17,1,0.11720114201307297,0.17490364623430868
boundary_error,age+lambda_distance,nature,2,19,1,0.17525418102741241,0.16417832418313266
boundary_error,age+lambda_distance,nature,2,1,1,0.1847197562456131,0.1712360707134938
boundary_error,age+lambda_distance,nature,2,3,1,0.1262005716562271,0.17338632613602128
boundary_error,age+lambda_distance,nature,2,5,1,0.15561962127685547,0.17520921877631324
boundary_error,age+lambda_distance,nature,2,7,1,0.11476117372512817,0.17665101721815007
boundary_error,age+lambda_distance,nature,2,9,1,0.09946679323911667,0.17766954448665692
boundary_error,age+lambda_distance,nature,2,11,1,0.10295681655406952,0.1782200336495558
boundary_error,age+lambda_distance,nature,2,13,1,0.10470603406429291,0.178228900214503
boundary_error,age+lambda_distance,nature,2,15,1,0.11463970690965652,0.17743476248168788
boundary_error,age+lambda_distance,nature,2,17,1,0.12746255099773407,0.17490364623430868
boundary_error,age+lambda_distance,nature,2,19,1,0.18108917772769928,0.16417832418313266
boundary_error,age+lambda_distance,nature,3,1,1,0.18344129621982574,0.1712360707134938
boundary_error,age+lambda_distance,nature,3,2,2,0.3018302917480469,0.2833448685177462
boundary_error,age+lambda_distance,nature,3,4,1,0.13832885026931763,0.1743422701112105
boundary_error,age+lambda_distance,nature,3,5,2,0.24733462929725647,0.28931177786616785
boundary_error,age+lambda_distance,nature,3,7,1,0.10863558202981949,0.17665101721815007
boundary_error,age+lambda_distance,nature,3,8,2,0.20883415639400482,0.2936267970422334
boundary_error,age+lambda_distance,nature,3,10,1,0.09721972793340683,0.1781906987508027
boundary_error,age+lambda_distance,nature,3,11,2,0.19214102625846863,0.2961710213790026
boundary_error,age+lambda_distance,nature,3,13,1,0.09701342135667801,0.178228900214503
boundary_error,age+lambda_distance,nature,3,14,2,0.19046972692012787,0.2959514364019717
boundary_error,age+lambda_distance,nature,3,16,1,0.10642506182193756,0.17651313585008588
boundary_error,age+lambda_distance,nature,3,17,2,0.21839071810245514,0.29117707106303864
boundary_error,age+lambda_distance,nature,3,19,1,0.17525418102741241,0.16417832418313266
boundary_error,age+lambda_distance,nature,3,1,1,0.1847197562456131,0.1712360707134938
boundary_error,age+lambda_distance,nature,3,2,2,0.2496752142906189,0.2833448685177462
boundary_error,age+lambda_distance,nature,3,4,1,0.1312200427055359,0.1743422701112105
boundary_error,age+lambda_distance,nature,3,5,2,0.2622587978839874,0.28931177786616785
boundary_error,age+lambda_distance,nature,3,7,1,0.11476117372512817,0.17665101721815007
boundary_error,age+lambda_distance,nature,3,8,2,0.21315771341323853,0.2936267970422334
boundary_error,age+lambda_distance,nature,3,10,1,0.09777826815843582,0.1781906987508027
boundary_error,age+lambda_distance,nature,3,11,2,0.1909993290901184,0.2961710213790026
boundary_error,age+lambda_distance,nature,3,13,1,0.10470603406429291,0.178228900214503
boundary_error,age+lambda_distance,nature,3,14,2,0.20805776119232178,0.2959514364019717
boundary_error,age+lambda_distance,nature,3,16,1,0.11896335333585739,0.17651313585008588
boundary_error,age+lambda_distance,nature,3,17,2,0.23933064937591553,0.29117707106303864
boundary_error,age+lambda_distance,nature,3,19,1,0.18108917772769928,0.16417832418313266
boundary_error,age+lambda_distance,nature,4,1,1,0.18344129621982574,0.1712360707134938
boundary_error,age+lambda_distance,nature,4,2,2,0.3018302917480469,0.2833448685177462
boundary_error,age+lambda_distance,nature,4,3,3,0.38151729106903076,0.39649148363241166
boundary_error,age+lambda_distance,nature,4,5,1,0.1213383749127388,0.17520921877631324
boundary_error,age+lambda_distance,nature,4,6,2,0.2403378188610077,0.29095016500918963
boundary_error,age+lambda_distance,nature,4,7,3,0.32671964168548584,0.4073614712059838
boundary_error,age+lambda_distance,nature,4,9,1,0.10141929984092712,0.17766954448665692
boundary_error,age+lambda_distance,nature,4,10,2,0.1922033280134201,0.2956205322161037
boundary_error,age+lambda_distance,nature,4,11,3,0.2787728011608124,0.4136008548443036
boundary_error,age+lambda_distance,nature,4,13,1,0.09701342135667801,0.178228900214503
boundary_error,age+lambda_distance,nature,4,14,2,0.19046972692012787,0.2959514364019717
boundary_error,age+lambda_distance,nature,4,15,3,0.28051090240478516,0.41314648786230374
boundary_error,age+lambda_distance,nature,4,17,1,0.11720114201307297,0.17490364623430868
boundary_error,age+lambda_distance,nature,4,18,2,0.2452605813741684,0.286483648828882
boundary_error,age+lambda_distance,nature,4,19,3,0.39626678824424744,0.39042226199065877
boundary_error,age+lambda_distance,nature,4,1,1,0.1847197562456131,0.1712360707134938
boundary_error,age+lambda_distance,nature,4,2,2,0.2496752142906189,0.2833448685177462
boundary_error,age+lambda_distance,nature,4,3,3,0.34740379452705383,0.39649148363241166
boundary_error,age+lambda_distance,nature,4,5,1,0.15561962127685547,0.17520921877631324
boundary_error,age+lambda_distance,nature,4,6,2,0.2444121390581131,0.29095016500918963
boundary_error,age+lambda_distance,nature,4,7,3,0.3331356346607208,0.4073614712059838
boundary_error,age+lambda_distance,nature,4,9,1,0.09946679323911667,0.17766954448665692
boundary_error,age+lambda_distance,nature,4,10,2,0.18852978944778442,0.2956205322161037
boundary_error,age+lambda_distance,nature,4,11,3,0.27324050664901733,0.4136008548443036
boundary_error,age+lambda_distance,nature,4,13,1,0.10470603406429291,0.178228900214503
boundary_error,age+lambda_distance,nature,4,14,2,0.20805776119232178,0.2959514364019717
boundary_error,age+lambda_distance,nature,4,15,3,0.30881959199905396,0.41314648786230374
boundary_error,age+lambda_distance,nature,4,17,1,0.12746255099773407,0.17490364623430868
boundary_error,age+lambda_distance,nature,4,18,2,0.2608402967453003,0.286483648828882
boundary_error,age+lambda_distance,nature,4,19,3,0.4138263761997223,0.39042226199065877
boundary_error,age+lambda_distance,nature,5,1,1,0.18344129621982574,0.1712360707134938
boundary_error,age+lambda_distance,nature,5,2,2,0.3018302917480469,0.2833448685177462
boundary_error,age+lambda_distance,nature,5,3,3,0.38151729106903076,0.39649148363241166
boundary_error,age+lambda_distance,nature,5,4,4,0.4643435776233673,0.5105940427222663
boundary_error,age+lambda_distance,nature,5,6,1,0.13517624139785767,0.1759806572542323
boundary_error,age+lambda_distance,nature,5,7,2,0.2296317219734192,0.2923919634510264
boundary_error,age+lambda_distance,nature,5,8,3,0.316324383020401,0.4093677432751098
boundary_error,age+lambda_distance,nature,5,9,4,0.39084815979003906,0.5267975767404108
boundary_error,age+lambda_distance,nature,5,11,1,0.10155758261680603,0.1782200336495558
boundary_error,age+lambda_distance,nature,5,12,2,0.19462698698043823,0.2962828497666109
boundary_error,age+lambda_distance,nature,5,13,3,0.27960848808288574,0.414272038959758
boundary_error,age+lambda_distance,nature,5,14,4,0.35991865396499634,0.5319945751472267
boundary_error,age+lambda_distance,nature,5,16,1,0.10642506182193756,0.17651313585008588
boundary_error,age+lambda_distance,nature,5,17,2,0.21839071810245514,0.29117707106303864
boundary_error,age+lambda_distance,nature,5,18,3,0.33830446004867554,0.402757073657612
boundary_error,age+lambda_distance,nature,5,19,4,0.4774951934814453,0.5066956868193887
boundary_error,age+lambda_distance,nature,5,1,1,0.1847197562456131,0.1712360707134938
boundary_error,age+lambda_distance,nature,5,2,2,0.2496752142906189,0.2833448685177462
boundary_error,age+lambda_distance,nature,5,3,3,0.34740379452705383,0.39649148363241166
boundary_error,age+lambda_distance,nature,5,4,4,0.436950147151947,0.5105940427222663
boundary_error,age+lambda_distance,nature,5,6,1,0.11048002541065216,0.1759806572542323
boundary_error,age+lambda_distance,nature,5,7,2,0.21174775063991547,0.2923919634510264
boundary_error,age+lambda_distance,nature,5,8,3,0.3022317588329315,0.4093677432751098
boundary_error,age+lambda_distance,nature,5,9,4,0.3782801330089569,0.5267975767404108
boundary_error,age+lambda_distance,nature,5,11,1,0.10295681655406952,0.1782200336495558
boundary_error,age+lambda_distance,nature,5,12,2,0.19092684984207153,0.2962828497666109
boundary_error,age+lambda_distance,nature,5,13,3,0.28105786442756653,0.414272038959758
boundary_error,age+lambda_distance,nature,5,14,4,0.3700428009033203,0.5319945751472267
boundary_error,age+lambda_distance,nature,5,16,1,0.11896335333585739,0.17651313585008588
boundary_error,age+lambda_distance,nature,5,17,2,0.23933064937591553,0.29117707106303864
boundary_error,age+lambda_distance,nature,5,18,3,0.3627392053604126,0.402757073657612
boundary_error,age+lambda_distance,nature,5,19,4,0.5016469955444336,0.5066956868193887
boundary_error,intercept,objects,2,1,1,0.14023444056510925,0.26735462509708885
boundary_error,intercept,objects,2,3,1,0.27364835143089294,0.26735462509708885
boundary_error,intercept,objects,2,5,1,0.2360074669122696,0.26735462509708885
boundary_error,intercept,objects,2,7,1,0.1904611438512802,0.26735462509708885
boundary_error,intercept,objects,2,9,1,0.12360256910324097,0.26735462509708885
boundary_error,intercept,objects,2,11,1,0.11077108979225159,0.26735462509708885
boundary_error,intercept,objects,2,13,1,0.10057761520147324,0.26735462509708885
boundary_error,intercept,objects,2,15,1,0.10492846369743347,0.26735462509708885
boundary_error,intercept,objects,2,17,1,0.11625336110591888,0.26735462509708885
boundary_error,intercept,objects,2,19,1,0.17046183347702026,0.26735462509708885
boundary_error,intercept,objects,2,1,1,0.10940248519182205,0.26735462509708885
boundary_error,intercept,objects,2,3,1,0.17055381834506989,0.26735462509708885
boundary_error,intercept,objects,2,5,1,0.24581964313983917,0.26735462509708885
boundary_error,intercept,objects,2,7,1,0.21104146540164948,0.26735462509708885
boundary_error,intercept,objects,2,9,1,0.1605440080165863,0.26735462509708885
boundary_error,intercept,objects,2,11,1,0.142130509018898,0.26735462509708885
boundary_error,intercept,objects,2,13,1,0.12520882487297058,0.26735462509708885
boundary_error,intercept,objects,2,15,1,0.1285124123096466,0.26735462509708885
boundary_error,intercept,objects,2,17,1,0.13424628973007202,0.26735462509708885
boundary_error,intercept,objects,2,19,1,0.18623334169387817,0.26735462509708885
boundary_error,intercept,objects,3,1,1,0.14023444056510925,0.26735462509708885
boundary_error,intercept,objects,3,2,2,0.3158015310764313,0.26735462509708885
boundary_error,intercept,objects,3,4,1,0.22858819365501404,0.26735462509708885
boundary_error,intercept,objects,3,5,2,0.379562646150589,0.26735462509708885
boundary_error,intercept,objects,3,7,1,0.1904611438512802,0.26735462509708885
boundary_error,intercept,objects,3,8,2,0.30384090542793274,0.26735462509708885
boundary_error,intercept,objects,3,10,1,0.10945463180541992,0.26735462509708885
boundary_error,intercept,objects,3,11,2,0.21038618683815002,0.26735462509708885
boundary_error,intercept,objects,3,13,1,0.10057761520147324,0.26735462509708885
boundary_error,intercept,objects,3,14,2,0.19623158872127533,0.26735462509708885
boundary_error,intercept,objects,3,16,1,0.1088973805308342,0.26735462509708885
boundary_error,intercept,objects,3,17,2,0.21914461255073547,0.26735462509708885
boundary_error,intercept,objects,3,19,1,0.17046183347702026,0.26735462509708885
boundary_error,intercept,objects,3,1,1,0.10940248519182205,0.26735462509708885
boundary_error,intercept,objects,3,2,2,0.18863782286643982,0.26735462509708885
boundary_error,intercept,objects,3,4,1,0.14601942896842957,0.26735462509708885
boundary_error,intercept,objects,3,5,2,0.3393908739089966,0.26735462509708885
boundary_error,intercept,objects,3,7,1,0.21104146540164948,0.26735462509708885
boundary_error,intercept,objects,3,8,2,0.35438036918640137,0.26735462509708885
boundary_error,intercept,objects,3,10,1,0.1406763195991516,0.26735462509708885
boundary_error,intercept,objects,3,11,2,0.26043522357940674,0.26735462509708885
boundary_error,intercept,objects,3,13,1,0.12520882487297058,0.26735462509708885
boundary_error,intercept,objects,3,14,2,0.24336232244968414,0.26735462509708885
boundary_error,intercept,objects,3,16,1,0.12694387137889862,0.26735462509708885
boundary_error,intercept,objects,3,17,2,0.2524047791957855,0.26735462509708885
boundary_error,intercept,objects,3,19,1,0.18623334169387817,0.26735462509708885
boundary_error,intercept,objects,4,1,1,0.14023444056510925,0.26735462509708885
boundary_error,intercept,objects,4,2,2,0.3158015310764313,0.26735462509708885
boundary_error,intercept,objects,4,3,3,0.4277085065841675,0.26735462509708885
boundary_error,intercept,objects,4,5,1,0.2360074669122696,0.26735462509708885
boundary_error,intercept,objects,4,6,2,0.3587469160556793,0.26735462509708885
boundary_error,intercept,objects,4,7,3,0.4651690125465393,0.26735462509708885
boundary_error,intercept,objects,4,9,1,0.12360256910324097,0.26735462509708885
boundary_error,intercept,objects,4,10,2,0.22268176078796387,0.26735462509708885
boundary_error,intercept,objects,4,11,3,0.31202882528305054,0.26735462509708885
boundary_error,intercept,objects,4,13,1,0.10057761520147324,0.26735462509708885
boundary_error,intercept,objects,4,14,2,0.19623158872127533,0.26735462509708885
boundary_error,intercept,objects,4,15,3,0.287616103887558,0.26735462509708885
boundary_error,intercept,objects,4,17,1,0.11625336110591888,0.26735462509708885
boundary_error,intercept,objects,4,18,2,0.24168086051940918,0.26735462509708885
boundary_error,intercept,objects,4,19,3,0.38755035400390625,0.26735462509708885
boundary_error,intercept,objects,4,1,1,0.10940248519182205,0.26735462509708885
boundary_error,intercept,objects,4,2,2,0.18863782286643982,0.26735462509708885
boundary_error,intercept,objects,4,3,3,0.2973373234272003,0.26735462509708885
boundary_error,intercept,objects,4,5,1,0.24581964313983917,0.26735462509708885
boundary_error,intercept,objects,4,6,2,0.3511860966682434,0.26735462509708885
boundary_error,intercept,objects,4,7,3,0.4622842073440552,0.26735462509708885
boundary_error,intercept,objects,4,9,1,0.1605440080165863,0.26735462509708885
boundary_error,intercept,objects,4,10,2,0.2660279870033264,0.26735462509708885
boundary_error,intercept,objects,4,11,3,0.36454856395721436,0.26735462509708885
boundary_error,intercept,objects,4,13,1,0.12520882487297058,0.26735462509708885
boundary_error,intercept,objects,4,14,2,0.24336232244968414,0.26735462509708885
boundary_error,intercept,objects,4,15,3,0.3474137485027313,0.26735462509708885
boundary_error,intercept,objects,4,17,1,0.13424628973007202,0.26735462509708885
boundary_error,intercept,objects,4,18,2,0.27475541830062866,0.26735462509708885
boundary_error,intercept,objects,4,19,3,0.4309781789779663,0.26735462509708885
boundary_error,intercept,objects,5,1,1,0.14023444056510925,0.26735462509708885
boundary_error,intercept,objects,5,2,2,0.3158015310764313,0.26735462509708885
boundary_error,intercept,objects,5,3,3,0.4277085065841675,0.26735462509708885
boundary_error,intercept,objects,5,4,4,0.5242941975593567,0.26735462509708885
boundary_error,intercept,objects,5,6,1,0.19869619607925415,0.26735462509708885
boundary_error,intercept,objects,5,7,2,0.33406272530555725,0.26735462509708885
boundary_error,intercept,objects,5,8,3,0.42430976033210754,0.26735462509708885
boundary_error,intercept,objects,5,9,4,0.4923359751701355,0.26735462509708885
boundary_error,intercept,objects,5,11,1,0.11077108979225159,0.26735462509708885
boundary_error,intercept,objects,5,12,2,0.21181710064411163,0.26735462509708885
boundary_error,intercept,objects,5,13,3,0.2957603633403778,0.26735462509708885
boundary_error,intercept,objects,5,14,4,0.373485803604126,0.26735462509708885
boundary_error,intercept,objects,5,16,1,0.1088973805308342,0.26735462509708885
boundary_error,intercept,objects,5,17,2,0.21914461255073547,0.26735462509708885
boundary_error,intercept,objects,5,18,3,0.3354737162590027,0.26735462509708885
boundary_error,intercept,objects,5,19,4,0.46868014335632324,0.26735462509708885
boundary_error,intercept,objects,5,1,1,0.10940248519182205,0.26735462509708885
boundary_error,intercept,objects,5,2,2,0.18863782286643982,0.26735462509708885
boundary_error,intercept,objects,5,3,3,0.2973373234272003,0.26735462509708885
boundary_error,intercept,objects,5,4,4,0.39090225100517273,0.26735462509708885
boundary_error,intercept,objects,5,6,1,0.20193809270858765,0.26735462509708885
boundary_error,intercept,objects,5,7,2,0.3346434235572815,0.26735462509708885
boundary_error,intercept,objects,5,8,3,0.44491448998451233,0.26735462509708885
boundary_error,intercept,objects,5,9,4,0.513542115688324,0.26735462509708885
boundary_error,intercept,objects,5,11,1,0.142130509018898,0.26735462509708885
boundary_error,intercept,objects,5,12,2,0.2633068263530731,0.26735462509708885
boundary_error,intercept,objects,5,13,3,0.3545019030570984,0.26735462509708885
boundary_error,intercept,objects,5,14,4,0.4411211311817169,0.26735462509708885
boundary_error,intercept,objects,5,16,1,0.12694387137889862,0.26735462509708885
boundary_error,intercept,objects,5,17,2,0.2524047791957855,0.26735462509708885
boundary_error,intercept,objects,5,18,3,0.38081854581832886,0.26735462509708885
boundary_error,intercept,objects,5,19,4,0.5222480893135071,0.26735462509708885
boundary_error,age,objects,2,1,1,0.14023444056510925,0.17241196544017046
boundary_error,age,objects,2,3,1,0.27364835143089294,0.17241196544017046
boundary_error,age,objects,2,5,1,0.2360074669122696,0.17241196544017046
boundary_error,age,objects,2,7,1,0.1904611438512802,0.17241196544017046
boundary_error,age,objects,2,9,1,0.12360256910324097,0.17241196544017046
boundary_error,age,objects,2,11,1,0.11077108979225159,0.17241196544017046
boundary_error,age,objects,2,13,1,0.10057761520147324,0.17241196544017046
boundary_error,age,objects,2,15,1,0.10492846369743347,0.17241196544017046
boundary_error,age,objects,2,17,1,0.11625336110591888,0.17241196544017046
boundary_error,age,objects,2,19,1,0.17046183347702026,0.17241196544017046
boundary_error,age,objects,2,1,1,0.10940248519182205,0.17241196544017046
boundary_error,age,objects,2,3,1,0.17055381834506989,0.17241196544017046
boundary_error,age,objects,2,5,1,0.24581964313983917,0.17241196544017046
boundary_error,age,objects,2,7,1,0.21104146540164948,0.17241196544017046
boundary_error,age,objects,2,9,1,0.1605440080165863,0.17241196544017046
boundary_error,age,objects,2,11,1,0.142130509018898,0.17241196544017046
boundary_error,age,objects,2,13,1,0.12520882487297058,0.17241196544017046
boundary_error,age,objects,2,15,1,0.1285124123096466,0.17241196544017046
boundary_error,age,objects,2,17,1,0.13424628973007202,0.17241196544017046
boundary_error,age,objects,2,19,1,0.18623334169387817,0.17241196544017046
boundary_error,age,objects,3,1,1,0.14023444056510925,0.17241196544017046
boundary_error,age,objects,3,2,2,0.3158015310764313,0.28634315702847263
boundary_error,age,objects,3,4,1,0.22858819365501404,0.17241196544017046
boundary_error,age,objects,3,5,2,0.379562646150589,0.28634315702847263
boundary_error,age,objects,3,7,1,0.1904611438512802,0.17241196544017046
boundary_error,age,objects,3,8,2,0.30384090542793274,0.28634315702847263
boundary_error,age,objects,3,10,1,0.10945463180541992,0.17241196544017046
boundary_error,age,objects,3,11,2,0.21038618683815002,0.28634315702847263
boundary_error,age,objects,3,13,1,0.10057761520147324,0.17241196544017046
boundary_error,age,objects,3,14,2,0.19623158872127533,0.28634315702847263
boundary_error,age,objects,3,16,1,0.1088973805308342,0.17241196544017046
boundary_error,age,objects,3,17,2,0.21914461255073547,0.28634315702847263
boundary_error,age,objects,3,19,1,0.17046183347702026,0.17241196544017046
boundary_error,age,objects,3,1,1,0.10940248519182205,0.17241196544017046
boundary_error,age,objects,3,2,2,0.18863782286643982,0.28634315702847263
boundary_error,age,objects,3,4,1,0.14601942896842957,0.17241196544017046
boundary_error,age,objects,3,5,2,0.3393908739089966,0.28634315702847263
boundary_error,age,objects,3,7,1,0.21104146540164948,0.17241196544017046
boundary_error,age,objects,3,8,2,0.35438036918640137,0.28634315702847263
boundary_error,age,objects,3,10,1,0.1406763195991516,0.17241196544017046
boundary_error,age,objects,3,11,2,0.26043522357940674,0.28634315702847263
boundary_error,age,objects,3,13,1,0.12520882487297058,0.17241196544017046
boundary_error,age,objects,3,14,2,0.24336232244968414,0.28634315702847263
boundary_error,age,objects,3,16,1,0.12694387137889862,0.17241196544017046
boundary_error,age,objects,3,17,2,0.2524047791957855,0.28634315702847263
boundary_error,age,objects,3,19,1,0.18623334169387817,0.17241196544017046
boundary_error,age,objects,4,1,1,0.14023444056510925,0.17241196544017046
boundary_error,age,objects,4,2,2,0.3158015310764313,0.28634315702847263
boundary_error,age,objects,4,3,3,0.4277085065841675,0.4002743486167748
boundary_error,age,objects,4,5,1,0.2360074669122696,0.17241196544017046
boundary_error,age,objects,4,6,2,0.3587469160556793,0.28634315702847263
boundary_error,age,objects,4,7,3,0.4651690125465393,0.4002743486167748
boundary_error,age,objects,4,9,1,0.12360256910324097,0.17241196544017046
boundary_error,age,objects,4,10,2,0.22268176078796387,0.28634315702847263
boundary_error,age,objects,4,11,3,0.31202882528305054,0.4002743486167748
boundary_error,age,objects,4,13,1,0.10057761520147324,0.17241196544017046
boundary_error,age,objects,4,14,2,0.19623158872127533,0.28634315702847263
boundary_error,age,objects,4,15,3,0.287616103887558,0.4002743486167748
boundary_error,age,objects,4,17,1,0.11625336110591888,0.17241196544017046
boundary_error,age,objects,4,18,2,0.24168086051940918,0.28634315702847263
boundary_error,age,objects,4,19,3,0.38755035400390625,0.4002743486167748
boundary_error,age,objects,4,1,1,0.10940248519182205,0.17241196544017046
boundary_error,age,objects,4,2,2,0.18863782286643982,0.28634315702847263
boundary_error,age,objects,4,3,3,0.2973373234272003,0.4002743486167748
boundary_error,age,objects,4,5,1,0.24581964313983917,0.17241196544017046
boundary_error,age,objects,4,6,2,0.3511860966682434,0.28634315702847263
boundary_error,age,objects,4,7,3,0.4622842073440552,0.4002743486167748
boundary_error,age,objects,4,9,1,0.1605440080165863,0.17241196544017046
boundary_error,age,objects,4,10,2,0.2660279870033264,0.28634315702847263
boundary_error,age,objects,4,11,3,0.36454856395721436,0.4002743486167748
boundary_error,age,objects,4,13,1,0.12520882487297058,0.17241196544017046
boundary_error,age,objects,4,14,2,0.24336232244968414,0.28634315702847263
boundary_error,age,objects,4,15,3,0.3474137485027313,0.4002743486167748
boundary_error,age,objects,4,17,1,0.13424628973007202,0.17241196544017046
boundary_error,age,objects,4,18,2,0.27475541830062866,0.28634315702847263
boundary_error,age,objects,4,19,3,0.4309781789779663,0.4002743486167748
boundary_error,age,objects,5,1,1,0.14023444056510925,0.17241196544017046
boundary_error,age,objects,5,2,2,0.3158015310764313,0.28634315702847263
boundary_error,age,objects,5,3,3,0.4277085065841675,0.4002743486167748
boundary_error,age,objects,5,4,4,0.5242941975593567,0.5142055402050769
boundary_error,age,objects,5,6,1,0.19869619607925415,0.17241196544017046
boundary_error,age,objects,5,7,2,0.33406272530555725,0.28634315702847263
boundary_error,age,objects,5,8,3,0.42430976033210754,0.4002743486167748
boundary_error,age,objects,5,9,4,0.4923359751701355,0.5142055402050769
boundary_error,age,objects,5,11,1,0.11077108979225159,0.17241196544017046
boundary_error,age,objects,5,12,2,0.21181710064411163,0.28634315702847263
boundary_error,age,objects,5,13,3,0.2957603633403778,0.4002743486167748
boundary_error,age,objects,5,14,4,0.373485803604126,0.5142055402050769
boundary_error,age,objects,5,16,1,0.1088973805308342,0.17241196544017046
boundary_error,age,objects,5,17,2,0.21914461255073547,0.28634315702847263
boundary_error,age,objects,5,18,3,0.3354737162590027,0.4002743486167748
boundary_error,age,objects,5,19,4,0.46868014335632324,0.5142055402050769
boundary_error,age,objects,5,1,1,0.10940248519182205,0.17241196544017046
boundary_error,age,objects,5,2,2,0.18863782286643982,0.28634315702847263
boundary_error,age,objects,5,3,3,0.2973373234272003,0.4002743486167748
boundary_error,age,objects,5,4,4,0.39090225100517273,0.5142055402050769
boundary_error,age,objects,5,6,1,0.20193809270858765,0.17241196544017046
boundary_error,age,objects,5,7,2,0.3346434235572815,0.28634315702847263
boundary_error,age,objects,5,8,3,0.44491448998451233,0.4002743486167748
boundary_error,age,objects,5,9,4,0.513542115688324,0.5142055402050769
boundary_error,age,objects,5,11,1,0.142130509018898,0.17241196544017046
boundary_error,age,objects,5,12,2,0.2633068263530731,0.28634315702847263
boundary_error,age,objects,5,13,3,0.3545019030570984,0.4002743486167748
boundary_error,age,objects,5,14,4,0.4411211311817169,0.5142055402050769
boundary_error,age,objects,5,16,1,0.12694387137889862,0.17241196544017046
boundary_error,age,objects,5,17,2,0.2524047791957855,0.28634315702847263
boundary_error,age,objects,5,18,3,0.38081854581832886,0.4002743486167748
boundary_error,age,objects,5,19,4,0.5222480893135071,0.5142055402050769
boundary_error,lambda_distance,objects,2,1,1,0.14023444056510925,0.2216434920709333
boundary_error,lambda_distance,objects,2,3,1,0.27364835143089294,0.20568077931805143
boundary_error,lambda_distance,objects,2,5,1,0.2360074669122696,0.19214828857696553
boundary_error,lambda_distance,objects,2,7,1,0.1904611438512802,0.18144490230318921
boundary_error,lambda_distance,objects,2,9,1,0.12360256910324097,0.17388372698986698
boundary_error,lambda_distance,objects,2,11,1,0.11077108979225159,0.1697970960301829
boundary_error,lambda_distance,objects,2,13,1,0.10057761520147324,0.16973127388278877
boundary_error,lambda_distance,objects,2,15,1,0.10492846369743347,0.17562666304555719
boundary_error,lambda_distance,objects,2,17,1,0.11625336110591888,0.19441674778515272
boundary_error,lambda_distance,objects,2,19,1,0.17046183347702026,0.2740376306307039
boundary_error,lambda_distance,objects,2,1,1,0.10940248519182205,0.2216434920709333
boundary_error,lambda_distance,objects,2,3,1,0.17055381834506989,0.20568077931805143
boundary_error,lambda_distance,objects,2,5,1,0.24581964313983917,0.19214828857696553
boundary_error,lambda_distance,objects,2,7,1,0.21104146540164948,0.18144490230318921
boundary_error,lambda_distance,objects,2,9,1,0.1605440080165863,0.17388372698986698
boundary_error,lambda_distance,objects,2,11,1,0.142130509018898,0.1697970960301829
boundary_error,lambda_distance,objects,2,13,1,0.12520882487297058,0.16973127388278877
boundary_error,lambda_distance,objects,2,15,1,0.1285124123096466,0.17562666304555719
boundary_error,lambda_distance,objects,2,17,1,0.13424628973007202,0.19441674778515272
boundary_error,lambda_distance,objects,2,19,1,0.18623334169387817,0.2740376306307039
boundary_error,lambda_distance,objects,3,1,1,0.14023444056510925,0.2216434920709333
boundary_error,lambda_distance,objects,3,2,2,0.3158015310764313,0.33244384031561236
boundary_error,lambda_distance,objects,3,4,1,0.22858819365501404,0.19858419957039658
boundary_error,lambda_distance,objects,3,5,2,0.379562646150589,0.28814767951840753
boundary_error,lambda_distance,objects,3,7,1,0.1904611438512802,0.18144490230318921
boundary_error,lambda_distance,objects,3,8,2,0.30384090542793274,0.25611454944972567
boundary_error,lambda_distance,objects,3,10,1,0.10945463180541992,0.17001486762955892
boundary_error,lambda_distance,objects,3,11,2,0.21038618683815002,0.23722715503078723
boundary_error,lambda_distance,objects,3,13,1,0.10057761520147324,0.16973127388278877
boundary_error,lambda_distance,objects,3,14,2,0.19623158872127533,0.2388572738885142
boundary_error,lambda_distance,objects,3,16,1,0.1088973805308342,0.1824684833388766
boundary_error,lambda_distance,objects,3,17,2,0.21914461255073547,0.27430042249507475
boundary_error,lambda_distance,objects,3,19,1,0.17046183347702026,0.2740376306307039
boundary_error,lambda_distance,objects,3,1,1,0.10940248519182205,0.2216434920709333
boundary_error,lambda_distance,objects,3,2,2,0.18863782286643982,0.33244384031561236
boundary_error,lambda_distance,objects,3,4,1,0.14601942896842957,0.19858419957039658
boundary_error,lambda_distance,objects,3,5,2,0.3393908739089966,0.28814767951840753
boundary_error,lambda_distance,objects,3,7,1,0.21104146540164948,0.18144490230318921
boundary_error,lambda_distance,objects,3,8,2,0.35438036918640137,0.25611454944972567
boundary_error,lambda_distance,objects,3,10,1,0.1406763195991516,0.17001486762955892
boundary_error,lambda_distance,objects,3,11,2,0.26043522357940674,0.23722715503078723
boundary_error,lambda_distance,objects,3,13,1,0.12520882487297058,0.16973127388278877
boundary_error,lambda_distance,objects,3,14,2,0.24336232244968414,0.2388572738885142
boundary_error,lambda_distance,objects,3,16,1,0.12694387137889862,0.1824684833388766
boundary_error,lambda_distance,objects,3,17,2,0.2524047791957855,0.27430042249507475
boundary_error,lambda_distance,objects,3,19,1,0.18623334169387817,0.2740376306307039
boundary_error,lambda_distance,objects,4,1,1,0.14023444056510925,0.2216434920709333
boundary_error,lambda_distance,objects,4,2,2,0.3158015310764313,0.33244384031561236
boundary_error,lambda_distance,objects,4,3,3,0.4277085065841675,0.4355398110047092
boundary_error,lambda_distance,objects,4,5,1,0.2360074669122696,0.19214828857696553
boundary_error,lambda_distance,objects,4,6,2,0.3587469160556793,0.27598489035946655
boundary_error,lambda_distance,objects,4,7,3,0.4651690125465393,0.3548449840337011
boundary_error,lambda_distance,objects,4,9,1,0.12360256910324097,0.17388372698986698
boundary_error,lambda_distance,objects,4,10,2,0.22268176078796387,0.2413137859904713
boundary_error,lambda_distance,objects,4,11,3,0.31202882528305054,0.3085260733916996
boundary_error,lambda_distance,objects,4,13,1,0.10057761520147324,0.16973127388278877
boundary_error,lambda_distance,objects,4,14,2,0.19623158872127533,0.2388572738885142
boundary_error,lambda_distance,objects,4,15,3,0.287616103887558,0.31189912830511674
boundary_error,lambda_distance,objects,4,17,1,0.11625336110591888,0.19441674778515272
boundary_error,lambda_distance,objects,4,18,2,0.24168086051940918,0.30914267898559344
boundary_error,lambda_distance,objects,4,19,3,0.38755035400390625,0.4805955009873428
boundary_error,lambda_distance,objects,4,1,1,0.10940248519182205,0.2216434920709333
boundary_error,lambda_distance,objects,4,2,2,0.18863782286643982,0.33244384031561236
boundary_error,lambda_distance,objects,4,3,3,0.2973373234272003,0.4355398110047092
boundary_error,lambda_distance,objects,4,5,1,0.24581964313983917,0.19214828857696553
boundary_error,lambda_distance,objects,4,6,2,0.3511860966682434,0.27598489035946655
boundary_error,lambda_distance,objects,4,7,3,0.4622842073440552,0.3548449840337011
boundary_error,lambda_distance,objects,4,9,1,0.1605440080165863,0.17388372698986698
boundary_error,lambda_distance,objects,4,10,2,0.2660279870033264,0.2413137859904713
boundary_error,lambda_distance,objects,4,11,3,0.36454856395721436,0.3085260733916996
boundary_error,lambda_distance,objects,4,13,1,0.12520882487297058,0.16973127388278877
boundary_error,lambda_distance,objects,4,14,2,0.24336232244968414,0.2388572738885142
boundary_error,lambda_distance,objects,4,15,3,0.3474137485027313,0.31189912830511674
boundary_error,lambda_distance,objects,4,17,1,0.13424628973007202,0.19441674778515272
boundary_error,lambda_distance,objects,4,18,2,0.27475541830062866,0.30914267898559344
boundary_error,lambda_distance,objects,4,19,3,0.4309781789779663,0.4805955009873428
boundary_error,lambda_distance,objects,5,1,1,0.14023444056510925,0.2216434920709333
boundary_error,lambda_distance,objects,5,2,2,0.3158015310764313,0.33244384031561236
boundary_error,lambda_distance,objects,5,3,3,0.4277085065841675,0.4355398110047092
boundary_error,lambda_distance,objects,5,4,4,0.5242941975593567,0.5315392019461512
boundary_error,lambda_distance,objects,5,6,1,0.19869619607925415,0.1864214104114556
boundary_error,lambda_distance,objects,5,7,2,0.33406272530555725,0.2652815040856902
boundary_error,lambda_distance,objects,5,8,3,0.42430976033210754,0.33995115123222663
boundary_error,lambda_distance,objects,5,9,4,0.4923359751701355,0.41125006959313903
boundary_error,lambda_distance,objects,5,11,1,0.11077108979225159,0.1697970960301829
boundary_error,lambda_distance,objects,5,12,2,0.21181710064411163,0.23639698182889335
boundary_error,lambda_distance,objects,5,13,3,0.2957603633403778,0.3035434470827275
boundary_error,lambda_distance,objects,5,14,4,0.373485803604126,0.3726694470884529
boundary_error,lambda_distance,objects,5,16,1,0.1088973805308342,0.1824684833388766
boundary_error,lambda_distance,objects,5,17,2,0.21914461255073547,0.27430042249507475
boundary_error,lambda_distance,objects,5,18,3,0.3354737162590027,0.38902635369551547
boundary_error,lambda_distance,objects,5,19,4,0.46868014335632324,0.5604791756972648
boundary_error,lambda_distance,objects,5,1,1,0.10940248519182205,0.2216434920709333
boundary_error,lambda_distance,objects,5,2,2,0.18863782286643982,0.33244384031561236
boundary_error,lambda_distance,objects,5,3,3,0.2973373234272003,0.4355398110047092
boundary_error,lambda_distance,objects,5,4,4,0.39090225100517273,0.5315392019461512
boundary_error,lambda_distance,objects,5,6,1,0.20193809270858765,0.1864214104114556
boundary_error,lambda_distance,objects,5,7,2,0.3346434235572815,0.2652815040856902
boundary_error,lambda_distance,objects,5,8,3,0.44491448998451233,0.33995115123222663
boundary_error,lambda_distance,objects,5,9,4,0.513542115688324,0.41125006959313903
boundary_error,lambda_distance,objects,5,11,1,0.142130509018898,0.1697970960301829
boundary_error,lambda_distance,objects,5,12,2,0.2633068263530731,0.23639698182889335
boundary_error,lambda_distance,objects,5,13,3,0.3545019030570984,0.3035434470827275
boundary_error,lambda_distance,objects,5,14,4,0.4411211311817169,0.3726694470884529
boundary_error,lambda_distance,objects,5,16,1,0.12694387137889862,0.1824684833388766
boundary_error,lambda_distance,objects,5,17,2,0.2524047791957855,0.27430042249507475
boundary_error,lambda_distance,objects,5,18,3,0.38081854581832886,0.38902635369551547
boundary_error,lambda_distance,objects,5,19,4,0.5222480893135071,0.5604791756972648
boundary_error,age+lambda_distance,objects,2,1,1,0.14023444056510925,0.170177627684532
boundary_error,age+lambda_distance,objects,2,3,1,0.27364835143089294,0.17139954618350348
boundary_error,age+lambda_distance,objects,2,5,1,0.2360074669122696,0.1724354353227544
boundary_error,age+lambda_distance,objects,2,7,1,0.1904611438512802,0.1732547613290564
boundary_error,age+lambda_distance,objects,2,9,1,0.12360256910324097,0.17383355643314338
boundary_error,age+lambda_distance,objects,2,11,1,0.11077108979225159,0.1741463810792679
boundary_error,age+lambda_distance,objects,2,13,1,0.10057761520147324,0.1741514196526475
boundary_error,age+lambda_distance,objects,2,15,1,0.10492846369743347,0.17370013764387227
boundary_error,age+lambda_distance,objects,2,17,1,0.11625336110591888,0.17226178863039346
boundary_error,age+lambda_distance,objects,2,19,1,0.17046183347702026,0.16616694553200756
boundary_error,age+lambda_distance,objects,2,1,1,0.10940248519182205,0.170177627684532
boundary_error,age+lambda_distance,objects,2,3,1,0.17055381834506989,0.17139954618350348
boundary_error,age+lambda_distance,objects,2,5,1,0.24581964313983917,0.1724354353227544
boundary_error,age+lambda_distance,objects,2,7,1,0.21104146540164948,0.1732547613290564
boundary_error,age+lambda_distance,objects,2,9,1,0.1605440080165863,0.17383355643314338
boundary_error,age+lambda_distance,objects,2,11,1,0.142130509018898,0.1741463810792679
boundary_error,age+lambda_distance,objects,2,13,1,0.12520882487297058,0.1741514196526475
boundary_error,age+lambda_distance,objects,2,15,1,0.1285124123096466,0.17370013764387227
boundary_error,age+lambda_distance,objects,2,17,1,0.13424628973007202,0.17226178863039346
boundary_error,age+lambda_distance,objects,2,19,1,0.18623334169387817,0.16616694553200756
boundary_error,age+lambda_distance,objects,3,1,1,0.14023444056510925,0.170177627684532
boundary_error,age+lambda_distance,objects,3,2,2,0.3158015310764313,0.2825073778010328
boundary_error,age+lambda_distance,objects,3,4,1,0.22858819365501404,0.1719427772875976
boundary_error,age+lambda_distance,objects,3,5,2,0.379562646150589,0.2858981735354074
boundary_error,age+lambda_distance,objects,3,7,1,0.1904611438512802,0.1732547613290564
boundary_error,age+lambda_distance,objects,3,8,2,0.30384090542793274,0.2883502551343709
boundary_error,age+lambda_distance,objects,3,10,1,0.10945463180541992,0.1741297110338973
boundary_error,age+lambda_distance,objects,3,11,2,0.21038618683815002,0.2897960530382206
boundary_error,age+lambda_distance,objects,3,13,1,0.10057761520147324,0.1741514196526475
boundary_error,age+lambda_distance,objects,3,14,2,0.19623158872127533,0.28967127021348305
boundary_error,age+lambda_distance,objects,3,16,1,0.1088973805308342,0.17317640794250705
boundary_error,age+lambda_distance,objects,3,17,2,0.21914461255073547,0.2869581574979559
boundary_error,age+lambda_distance,objects,3,19,1,0.17046183347702026,0.16616694553200756
boundary_error,age+lambda_distance,objects,3,1,1,0.10940248519182205,0.170177627684532
boundary_error,age+lambda_distance,objects,3,2,2,0.18863782286643982,0.2825073778010328
boundary_error,age+lambda_distance,objects,3,4,1,0.14601942896842957,0.1719427772875976
boundary_error,age+lambda_distance,objects,3,5,2,0.3393908739089966,0.2858981735354074
boundary_error,age+lambda_distance,objects,3,7,1,0.21104146540164948,0.1732547613290564
boundary_error,age+lambda_distance,objects,3,8,2,0.35438036918640137,0.2883502551343709
boundary_error,age+lambda_distance,objects,3,10,1,0.1406763195991516,0.1741297110338973
boundary_error,age+lambda_distance,objects,3,11,2,0.26043522357940674,0.2897960530382206
boundary_error,age+lambda_distance,objects,3,13,1,0.12520882487297058,0.1741514196526475
boundary_error,age+lambda_distance,objects,3,14,2,0.24336232244968414,0.28967127021348305
boundary_error,age+lambda_distance,objects,3,16,1,0.12694387137889862,0.17317640794250705
boundary_error,age+lambda_distance,objects,3,17,2,0.2524047791957855,0.2869581574979559
boundary_error,age+lambda_distance,objects,3,19,1,0.18623334169387817,0.16616694553200756
boundary_error,age+lambda_distance,objects,4,1,1,0.14023444056510925,0.170177627684532
boundary_error,age+lambda_distance,objects,4,2,2,0.3158015310764313,0.2825073778010328
boundary_error,age+lambda_distance,objects,4,3,3,0.4277085065841675,0.3954268849095917
boundary_error,age+lambda_distance,objects,4,5,1,0.2360074669122696,0.1724354353227544
boundary_error,age+lambda_distance,objects,4,6,2,0.3587469160556793,0.2868292143492388
boundary_error,age+lambda_distance,objects,4,7,3,0.4651690125465393,0.40160393660335064
boundary_error,age+lambda_distance,objects,4,9,1,0.12360256910324097,0.17383355643314338
boundary_error,age+lambda_distance,objects,4,10,2,0.22268176078796387,0.2894832283920961
boundary_error,age+lambda_distance,objects,4,11,3,0.31202882528305054,0.4051495703964194
boundary_error,age+lambda_distance,objects,4,13,1,0.10057761520147324,0.1741514196526475
boundary_error,age+lambda_distance,objects,4,14,2,0.19623158872127533,0.28967127021348305
boundary_error,age+lambda_distance,objects,4,15,3,0.287616103887558,0.4048913687824107
boundary_error,age+lambda_distance,objects,4,17,1,0.11625336110591888,0.17226178863039346
boundary_error,age+lambda_distance,objects,4,18,2,0.24168086051940918,0.28429104205142963
boundary_error,age+lambda_distance,objects,4,19,3,0.38755035400390625,0.3919779485084926
boundary_error,age+lambda_distance,objects,4,1,1,0.10940248519182205,0.170177627684532
boundary_error,age+lambda_distance,objects,4,2,2,0.18863782286643982,0.2825073778010328
boundary_error,age+lambda_distance,objects,4,3,3,0.2973373234272003,0.3954268849095917
boundary_error,age+lambda_distance,objects,4,5,1,0.24581964313983917,0.1724354353227544
boundary_error,age+lambda_distance,objects,4,6,2,0.3511860966682434,0.2868292143492388
boundary_error,age+lambda_distance,objects,4,7,3,0.4622842073440552,0.40160393660335064
boundary_error,age+lambda_distance,objects,4,9,1,0.1605440080165863,0.17383355643314338
boundary_error,age+lambda_distance,objects,4,10,2,0.2660279870033264,0.2894832283920961
boundary_error,age+lambda_distance,objects,4,11,3,0.36454856395721436,0.4051495703964194
boundary_error,age+lambda_distance,objects,4,13,1,0.12520882487297058,0.1741514196526475
boundary_error,age+lambda_distance,objects,4,14,2,0.24336232244968414,0.28967127021348305
boundary_error,age+lambda_distance,objects,4,15,3,0.3474137485027313,0.4048913687824107
boundary_error,age+lambda_distance,objects,4,17,1,0.13424628973007202,0.17226178863039346
boundary_error,age+lambda_distance,objects,4,18,2,0.27475541830062866,0.28429104205142963
boundary_error,age+lambda_distance,objects,4,19,3,0.4309781789779663,0.3919779485084926
boundary_error,age+lambda_distance,objects,5,1,1,0.14023444056510925,0.170177627684532
boundary_error,age+lambda_distance,objects,5,2,2,0.3158015310764313,0.2825073778010328
boundary_error,age+lambda_distance,objects,5,3,3,0.4277085065841675,0.3954268849095917
boundary_error,age+lambda_distance,objects,5,4,4,0.5242941975593567,0.5088896231222448
boundary_error,age+lambda_distance,objects,5,6,1,0.19869619607925415,0.172873818101429
boundary_error,age+lambda_distance,objects,5,7,2,0.33406272530555725,0.28764854035554077
boundary_error,age+lambda_distance,objects,5,8,3,0.42430976033210754,0.4027440341608553
boundary_error,age+lambda_distance,objects,5,9,4,0.4923359751701355,0.5180975515190542
boundary_error,age+lambda_distance,objects,5,11,1,0.11077108979225159,0.1741463810792679
boundary_error,age+lambda_distance,objects,5,12,2,0.21181710064411163,0.28985960138419714
boundary_error,age+lambda_distance,objects,5,13,3,0.2957603633403778,0.40553098196190007
boundary_error,age+lambda_distance,objects,5,14,4,0.373485803604126,0.5210508325227358
boundary_error,age+lambda_distance,objects,5,16,1,0.1088973805308342,0.17317640794250705
boundary_error,age+lambda_distance,objects,5,17,2,0.21914461255073547,0.2869581574979559
boundary_error,age+lambda_distance,objects,5,18,3,0.3354737162590027,0.3989874109189921
boundary_error,age+lambda_distance,objects,5,19,4,0.46868014335632324,0.5066743173760552
boundary_error,age+lambda_distance,objects,5,1,1,0.10940248519182205,0.170177627684532
boundary_error,age+lambda_distance,objects,5,2,2,0.18863782286643982,0.2825073778010328
boundary_error,age+lambda_distance,objects,5,3,3,0.2973373234272003,0.3954268849095917
boundary_error,age+lambda_distance,objects,5,4,4,0.39090225100517273,0.5088896231222448
boundary_error,age+lambda_distance,objects,5,6,1,0.20193809270858765,0.172873818101429
boundary_error,age+lambda_distance,objects,5,7,2,0.3346434235572815,0.28764854035554077
boundary_error,age+lambda_distance,objects,5,8,3,0.44491448998451233,0.4027440341608553
boundary_error,age+lambda_distance,objects,5,9,4,0.513542115688324,0.5180975515190542
boundary_error,age+lambda_distance,objects,5,11,1,0.142130509018898,0.1741463810792679
boundary_error,age+lambda_distance,objects,5,12,2,0.2633068263530731,0.28985960138419714
boundary_error,age+lambda_distance,objects,5,13,3,0.3545019030570984,0.40553098196190007
boundary_error,age+lambda_distance,objects,5,14,4,0.4411211311817169,0.5210508325227358
boundary_error,age+lambda_distance,objects,5,16,1,0.12694387137889862,0.17317640794250705
boundary_error,age+lambda_distance,objects,5,17,2,0.2524047791957855,0.2869581574979559
boundary_error,age+lambda_distance,objects,5,18,3,0.38081854581832886,0.3989874109189921
boundary_error,age+lambda_distance,objects,5,19,4,0.5222480893135071,0.5066743173760552
boundary_error,intercept,people,2,1,1,0.0840935930609703,0.26551989016004307
boundary_error,intercept,people,2,3,1,0.138423353433609,0.26551989016004307
boundary_error,intercept,people,2,5,1,0.23353515565395355,0.26551989016004307
boundary_error,intercept,people,2,7,1,0.24896937608718872,0.26551989016004307
boundary_error,intercept,people,2,9,1,0.2460489273071289,0.26551989016004307
boundary_error,intercept,people,2,11,1,0.1896120011806488,0.26551989016004307
boundary_error,intercept,people,2,13,1,0.1474090963602066,0.26551989016004307
boundary_error,intercept,people,2,15,1,0.12582220137119293,0.26551989016004307
boundary_error,intercept,people,2,17,1,0.13406124711036682,0.26551989016004307
boundary_error,intercept,people,2,19,1,0.17953245341777802,0.26551989016004307
boundary_error,intercept,people,2,1,1,0.09928516298532486,0.26551989016004307
boundary_error,intercept,people,2,3,1,0.25441449880599976,0.26551989016004307
boundary_error,intercept,people,2,5,1,0.2060118019580841,0.26551989016004307
boundary_error,intercept,people,2,7,1,0.20314893126487732,0.26551989016004307
boundary_error,intercept,people,2,9,1,0.16414771974086761,0.26551989016004307
boundary_error,intercept,people,2,11,1,0.13402597606182098,0.26551989016004307
boundary_error,intercept,people,2,13,1,0.1167529970407486,0.26551989016004307
boundary_error,intercept,people,2,15,1,0.11335379630327225,0.26551989016004307
boundary_error,intercept,people,2,17,1,0.1306571513414383,0.26551989016004307
boundary_error,intercept,people,2,19,1,0.18401454389095306,0.26551989016004307
boundary_error,intercept,people,3,1,1,0.0840935930609703,0.26551989016004307
boundary_error,intercept,people,3,2,2,0.18264424800872803,0.26551989016004307
boundary_error,intercept,people,3,4,1,0.17580752074718475,0.26551989016004307
boundary_error,intercept,people,3,5,2,0.3465682864189148,0.26551989016004307
boundary_error,intercept,people,3,7,1,0.24896937608718872,0.26551989016004307
boundary_error,intercept,people,3,8,2,0.39078110456466675,0.26551989016004307
boundary_error,intercept,people,3,10,1,0.2311151772737503,0.26551989016004307
boundary_error,intercept,people,3,11,2,0.35171443223953247,0.26551989016004307
boundary_error,intercept,people,3,13,1,0.1474090963602066,0.26551989016004307
boundary_error,intercept,people,3,14,2,0.26034578680992126,0.26551989016004307
boundary_error,intercept,people,3,16,1,0.1288192719221115,0.26551989016004307
boundary_error,intercept,people,3,17,2,0.25296059250831604,0.26551989016004307
boundary_error,intercept,people,3,19,1,0.17953245341777802,0.26551989016004307
boundary_error,intercept,people,3,1,1,0.09928516298532486,0.26551989016004307
boundary_error,intercept,people,3,2,2,0.23347245156764984,0.26551989016004307
boundary_error,intercept,people,3,4,1,0.20856820046901703,0.26551989016004307
boundary_error,intercept,people,3,5,2,0.3406044840812683,0.26551989016004307
boundary_error,intercept,people,3,7,1,0.20314893126487732,0.26551989016004307
boundary_error,intercept,people,3,8,2,0.3201935887336731,0.26551989016004307
boundary_error,intercept,people,3,10,1,0.1517661213874817,0.26551989016004307
boundary_error,intercept,people,3,11,2,0.2597792446613312,0.26551989016004307
boundary_error,intercept,people,3,13,1,0.1167529970407486,0.26551989016004307
boundary_error,intercept,people,3,14,2,0.2209182232618332,0.26551989016004307
boundary_error,intercept,people,3,16,1,0.12542939186096191,0.26551989016004307
boundary_error,intercept,people,3,17,2,0.246678426861763,0.26551989016004307
boundary_error,intercept,people,3,19,1,0.18401454389095306,0.26551989016004307
boundary_error,intercept,people,4,1,1,0.0840935930609703,0.26551989016004307
boundary_error,intercept,people,4,2,2,0.18264424800872803,0.26551989016004307
boundary_error,intercept,people,4,3,3,0.29869478940963745,0.26551989016004307
boundary_error,intercept,people,4,5,1,0.23353515565395355,0.26551989016004307
boundary_error,intercept,people,4,6,2,0.4137636423110962,0.26551989016004307
boundary_error,intercept,people,4,7,3,0.5235743522644043,0.26551989016004307
boundary_error,intercept,people,4,9,1,0.2460489273071289,0.26551989016004307
boundary_error,intercept,people,4,10,2,0.3848917782306671,0.26551989016004307
boundary_error,intercept,people,4,11,3,0.47952789068222046,0.26551989016004307
boundary_error,intercept,people,4,13,1,0.1474090963602066,0.26551989016004307
boundary_error,intercept,people,4,14,2,0.26034578680992126,0.26551989016004307
boundary_error,intercept,people,4,15,3,0.3595913350582123,0.26551989016004307
boundary_error,intercept,people,4,17,1,0.13406124711036682,0.26551989016004307
boundary_error,intercept,people,4,18,2,0.2703188955783844,0.26551989016004307
boundary_error,intercept,people,4,19,3,0.417620450258255,0.26551989016004307
boundary_error,intercept,people,4,1,1,0.09928516298532486,0.26551989016004307
boundary_error,intercept,people,4,2,2,0.23347245156764984,0.26551989016004307
boundary_error,intercept,people,4,3,3,0.41351696848869324,0.26551989016004307
boundary_error,intercept,people,4,5,1,0.2060118019580841,0.26551989016004307
boundary_error,intercept,people,4,6,2,0.37978366017341614,0.26551989016004307
boundary_error,intercept,people,4,7,3,0.47718730568885803,0.26551989016004307
boundary_error,intercept,people,4,9,1,0.16414771974086761,0.26551989016004307
boundary_error,intercept,people,4,10,2,0.284673810005188,0.26551989016004307
boundary_error,intercept,people,4,11,3,0.37358546257019043,0.26551989016004307
boundary_error,intercept,people,4,13,1,0.1167529970407486,0.26551989016004307
boundary_error,intercept,people,4,14,2,0.2209182232618332,0.26551989016004307
boundary_error,intercept,people,4,15,3,0.3179134428501129,0.26551989016004307
boundary_error,intercept,people,4,17,1,0.1306571513414383,0.26551989016004307
boundary_error,intercept,people,4,18,2,0.2666874825954437,0.26551989016004307
boundary_error,intercept,people,4,19,3,0.42047223448753357,0.26551989016004307
boundary_error,intercept,people,5,1,1,0.0840935930609703,0.26551989016004307
boundary_error,intercept,people,5,2,2,0.18264424800872803,0.26551989016004307
boundary_error,intercept,people,5,3,3,0.29869478940963745,0.26551989016004307
boundary_error,intercept,people,5,4,4,0.4226727783679962,0.26551989016004307
boundary_error,intercept,people,5,6,1,0.2627445161342621,0.26551989016004307
boundary_error,intercept,people,5,7,2,0.4032706320285797,0.26551989016004307
boundary_error,intercept,people,5,8,3,0.5140162706375122,0.26551989016004307
boundary_error,intercept,people,5,9,4,0.6078516244888306,0.26551989016004307
boundary_error,intercept,people,5,11,1,0.1896120011806488,0.26551989016004307
boundary_error,intercept,people,5,12,2,0.2999476492404938,0.26551989016004307
boundary_error,intercept,people,5,13,3,0.3951457738876343,0.26551989016004307
boundary_error,intercept,people,5,14,4,0.477867990732193,0.26551989016004307
boundary_error,intercept,people,5,16,1,0.1288192719221115,0.26551989016004307
boundary_error,intercept,people,5,17,2,0.25296059250831604,0.26551989016004307
boundary_error,intercept,people,5,18,3,0.37589284777641296,0.26551989016004307
boundary_error,intercept,people,5,19,4,0.5074021220207214,0.26551989016004307
boundary_error,intercept,people,5,1,1,0.09928516298532486,0.26551989016004307
boundary_error,intercept,people,5,2,2,0.23347245156764984,0.26551989016004307
boundary_error,intercept,people,5,3,3,0.41351696848869324,0.26551989016004307
boundary_error,intercept,people,5,4,4,0.48282894492149353,0.26551989016004307
boundary_error,intercept,people,5,6,1,0.24612775444984436,0.26551989016004307
boundary_error,intercept,people,5,7,2,0.36848559975624084,0.26551989016004307
boundary_error,intercept,people,5,8,3,0.45834648609161377,0.26551989016004307
boundary_error,intercept,people,5,9,4,0.5391100645065308,0.26551989016004307
boundary_error,intercept,people,5,11,1,0.13402597606182098,0.26551989016004307
boundary_error,intercept,people,5,12,2,0.24543917179107666,0.26551989016004307
boundary_error,intercept,people,5,13,3,0.3384125828742981,0.26551989016004307
boundary_error,intercept,people,5,14,4,0.421509712934494,0.26551989016004307
boundary_error,intercept,people,5,16,1,0.12542939186096191,0.26551989016004307
boundary_error,intercept,people,5,17,2,0.246678426861763,0.26551989016004307
boundary_error,intercept,people,5,18,3,0.3706373870372772,0.26551989016004307
boundary_error,intercept,people,5,19,4,0.5088698267936707,0.26551989016004307
boundary_error,age,people,2,1,1,0.0840935930609703,0.17126812109049386
boundary_error,age,people,2,3,1,0.138423353433609,0.17126812109049386
boundary_error,age,people,2,5,1,0.23353515565395355,0.17126812109049386
boundary_error,age,people,2,7,1,0.24896937608718872,0.17126812109049386
boundary_error,age,people,2,9,1,0.2460489273071289,0.17126812109049386
boundary_error,age,people,2,11,1,0.1896120011806488,0.17126812109049386
boundary_error,age,people,2,13,1,0.1474090963602066,0.17126812109049386
boundary_error,age,people,2,15,1,0.12582220137119293,0.17126812109049386
boundary_error,age,people,2,17,1,0.13406124711036682,0.17126812109049386
boundary_error,age,people,2,19,1,0.17953245341777802,0.17126812109049386
boundary_error,age,people,2,1,1,0.09928516298532486,0.17126812109049386
boundary_error,age,people,2,3,1,0.25441449880599976,0.17126812109049386
boundary_error,age,people,2,5,1,0.2060118019580841,0.17126812109049386
boundary_error,age,people,2,7,1,0.20314893126487732,0.17126812109049386
boundary_error,age,people,2,9,1,0.16414771974086761,0.17126812109049386
boundary_error,age,people,2,11,1,0.13402597606182098,0.17126812109049386
boundary_error,age,people,2,13,1,0.1167529970407486,0.17126812109049386
boundary_error,age,people,2,15,1,0.11335379630327225,0.17126812109049386
boundary_error,age,people,2,17,1,0.1306571513414383,0.17126812109049386
boundary_error,age,people,2,19,1,0.18401454389095306,0.17126812109049386
boundary_error,age,people,3,1,1,0.0840935930609703,0.17126812109049386
boundary_error,age,people,3,2,2,0.18264424800872803,0.28437024397395294
boundary_error,age,people,3,4,1,0.17580752074718475,0.17126812109049386
boundary_error,age,people,3,5,2,0.3465682864189148,0.28437024397395294
boundary_error,age,people,3,7,1,0.24896937608718872,0.17126812109049386
boundary_error,age,people,3,8,2,0.39078110456466675,0.28437024397395294
boundary_error,age,people,3,10,1,0.2311151772737503,0.17126812109049386
boundary_error,age,people,3,11,2,0.35171443223953247,0.28437024397395294
boundary_error,age,people,3,13,1,0.1474090963602066,0.17126812109049386
boundary_error,age,people,3,14,2,0.26034578680992126,0.28437024397395294
boundary_error,age,people,3,16,1,0.1288192719221115,0.17126812109049386
boundary_error,age,people,3,17,2,0.25296059250831604,0.28437024397395294
boundary_error,age,people,3,19,1,0.17953245341777802,0.17126812109049386
boundary_error,age,people,3,1,1,0.09928516298532486,0.17126812109049386
boundary_error,age,people,3,2,2,0.23347245156764984,0.28437024397395294
boundary_error,age,people,3,4,1,0.20856820046901703,0.17126812109049386
boundary_error,age,people,3,5,2,0.3406044840812683,0.28437024397395294
boundary_error,age,people,3,7,1,0.20314893126487732,0.17126812109049386
boundary_error,age,people,3,8,2,0.3201935887336731,0.28437024397395294
boundary_error,age,people,3,10,1,0.1517661213874817,0.17126812109049386
boundary_error,age,people,3,11,2,0.2597792446613312,0.28437024397395294
boundary_error,age,people,3,13,1,0.1167529970407486,0.17126812109049386
boundary_error,age,people,3,14,2,0.2209182232618332,0.28437024397395294
boundary_error,age,people,3,16,1,0.12542939186096191,0.17126812109049386
boundary_error,age,people,3,17,2,0.246678426861763,0.28437024397395294
boundary_error,age,people,3,19,1,0.18401454389095306,0.17126812109049386
boundary_error,age,people,4,1,1,0.0840935930609703,0.17126812109049386
boundary_error,age,people,4,2,2,0.18264424800872803,0.28437024397395294
boundary_error,age,people,4,3,3,0.29869478940963745,0.397472366857412
boundary_error,age,people,4,5,1,0.23353515565395355,0.17126812109049386
boundary_error,age,people,4,6,2,0.4137636423110962,0.28437024397395294
boundary_error,age,people,4,7,3,0.5235743522644043,0.397472366857412
boundary_error,age,people,4,9,1,0.2460489273071289,0.17126812109049386
boundary_error,age,people,4,10,2,0.3848917782306671,0.28437024397395294
boundary_error,age,people,4,11,3,0.47952789068222046,0.397472366857412
boundary_error,age,people,4,13,1,0.1474090963602066,0.17126812109049386
boundary_error,age,people,4,14,2,0.26034578680992126,0.28437024397395294
boundary_error,age,people,4,15,3,0.3595913350582123,0.397472366857412
boundary_error,age,people,4,17,1,0.13406124711036682,0.17126812109049386
boundary_error,age,people,4,18,2,0.2703188955783844,0.28437024397395294
boundary_error,age,people,4,19,3,0.417620450258255,0.397472366857412
boundary_error,age,people,4,1,1,0.09928516298532486,0.17126812109049386
boundary_error,age,people,4,2,2,0.23347245156764984,0.28437024397395294
boundary_error,age,people,4,3,3,0.41351696848869324,0.397472366857412
boundary_error,age,people,4,5,1,0.2060118019580841,0.17126812109049386
boundary_error,age,people,4,6,2,0.37978366017341614,0.28437024397395294
boundary_error,age,people,4,7,3,0.47718730568885803,0.397472366857412
boundary_error,age,people,4,9,1,0.16414771974086761,0.17126812109049386
boundary_error,age,people,4,10,2,0.284673810005188,0.28437024397395294
boundary_error,age,people,4,11,3,0.37358546257019043,0.397472366857412
boundary_error,age,people,4,13,1,0.1167529970407486,0.17126812109049386
boundary_error,age,people,4,14,2,0.2209182232618332,0.28437024397395294
boundary_error,age,people,4,15,3,0.3179134428501129,0.397472366857412
boundary_error,age,people,4,17,1,0.1306571513414383,0.17126812109049386
boundary_error,age,people,4,18,2,0.2666874825954437,0.28437024397395294
boundary_error,age,people,4,19,3,0.42047223448753357,0.397472366857412
boundary_error,age,people,5,1,1,0.0840935930609703,0.17126812109049386
boundary_error,age,people,5,2,2,0.18264424800872803,0.28437024397395294
boundary_error,age,people,5,3,3,0.29869478940963745,0.397472366857412
boundary_error,age,people,5,4,4,0.4226727783679962,0.510574489740871
boundary_error,age,people,5,6,1,0.2627445161342621,0.17126812109049386
boundary_error,age,people,5,7,2,0.4032706320285797,0.28437024397395294
boundary_error,age,people,5,8,3,0.5140162706375122,0.397472366857412
boundary_error,age,people,5,9,4,0.6078516244888306,0.510574489740871
boundary_error,age,people,5,11,1,0.1896120011806488,0.17126812109049386
boundary_error,age,people,5,12,2,0.2999476492404938,0.28437024397395294
boundary_error,age,people,5,13,3,0.3951457738876343,0.397472366857412
boundary_error,age,people,5,14,4,0.477867990732193,0.510574489740871
boundary_error,age,people,5,16,1,0.1288192719221115,0.17126812109049386
boundary_error,age,people,5,17,2,0.25296059250831604,0.28437024397395294
boundary_error,age,people,5,18,3,0.37589284777641296,0.397472366857412
boundary_error,age,people,5,19,4,0.5074021220207214,0.510574489740871
boundary_error,age,people,5,1,1,0.09928516298532486,0.17126812109049386
boundary_error,age,people,5,2,2,0.23347245156764984,0.28437024397395294
boundary_error,age,people,5,3,3,0.41351696848869324,0.397472366857412
boundary_error,age,people,5,4,4,0.48282894492149353,0.510574489740871
boundary_error,age,people,5,6,1,0.24612775444984436,0.17126812109049386
boundary_error,age,people,5,7,2,0.36848559975624084,0.28437024397395294
boundary_error,age,people,5,8,3,0.45834648609161377,0.397472366857412
boundary_error,age,people,5,9,4,0.5391100645065308,0.510574489740871
boundary_error,age,people,5,11,1,0.13402597606182098,0.17126812109049386
boundary_error,age,people,5,12,2,0.24543917179107666,0.28437024397395294
boundary_error,age,people,5,13,3,0.3384125828742981,0.397472366857412
boundary_error,age,people,5,14,4,0.421509712934494,0.510574489740871
boundary_error,age,people,5,16,1,0.12542939186096191,0.17126812109049386
boundary_error,age,people,5,17,2,0.246678426861763,0.28437024397395294
boundary_error,age,people,5,18,3,0.3706373870372772,0.397472366857412
boundary_error,age,people,5,19,4,0.5088698267936707,0.510574489740871
boundary_error,lambda_distance,people,2,1,1,0.0840935930609703,0.2196552465725757
boundary_error,lambda_distance,people,2,3,1,0.138423353433609,0.20363892663841152
boundary_error,lambda_distance,people,2,5,1,0.23353515565395355,0.19006099007019153
boundary_error,lambda_distance,people,2,7,1,0.24896937608718872,0.1793216588804604
boundary_error,lambda_distance,people,2,9,1,0.2460489273071289,0.17173509106011237
boundary_error,lambda_distance,people,2,11,1,0.1896120011806488,0.16763473606930143
boundary_error,lambda_distance,people,2,13,1,0.1474090963602066,0.16756869287302656
boundary_error,lambda_distance,people,2,15,1,0.12582220137119293,0.1734838803746156
boundary_error,lambda_distance,people,2,17,1,0.13406124711036682,0.19233706738852624
boundary_error,lambda_distance,people,2,19,1,0.17953245341777802,0.2722253390649508
boundary_error,lambda_distance,people,2,1,1,0.09928516298532486,0.2196552465725757
boundary_error,lambda_distance,people,2,3,1,0.25441449880599976,0.20363892663841152
boundary_error,lambda_distance,people,2,5,1,0.2060118019580841,0.19006099007019153
boundary_error,lambda_distance,people,2,7,1,0.20314893126487732,0.1793216588804604
boundary_error,lambda_distance,people,2,9,1,0.16414771974086761,0.17173509106011237
boundary_error,lambda_distance,people,2,11,1,0.13402597606182098,0.16763473606930143
boundary_error,lambda_distance,people,2,13,1,0.1167529970407486,0.16756869287302656
boundary_error,lambda_distance,people,2,15,1,0.11335379630327225,0.1734838803746156
boundary_error,lambda_distance,people,2,17,1,0.1306571513414383,0.19233706738852624
boundary_error,lambda_distance,people,2,19,1,0.18401454389095306,0.2722253390649508
boundary_error,lambda_distance,people,3,1,1,0.0840935930609703,0.2196552465725757
boundary_error,lambda_distance,people,3,2,2,0.18264424800872803,0.33082769287141695
boundary_error,lambda_distance,people,3,4,1,0.17580752074718475,0.19651851462346562
boundary_error,lambda_distance,people,3,5,2,0.3465682864189148,0.2863827733789497
boundary_error,lambda_distance,people,3,7,1,0.24896937608718872,0.1793216588804604
boundary_error,lambda_distance,people,3,8,2,0.39078110456466675,0.25424206724614795
boundary_error,lambda_distance,people,3,10,1,0.2311151772737503,0.16785323900562416
boundary_error,lambda_distance,people,3,11,2,0.35171443223953247,0.23529124376021812
boundary_error,lambda_distance,people,3,13,1,0.1474090963602066,0.16756869287302656
boundary_error,lambda_distance,people,3,14,2,0.26034578680992126,0.2369268370055677
boundary_error,lambda_distance,people,3,16,1,0.1288192719221115,0.18034867738288585
boundary_error,lambda_distance,people,3,17,2,0.25296059250831604,0.2724890134567047
boundary_error,lambda_distance,people,3,19,1,0.17953245341777802,0.2722253390649508
boundary_error,lambda_distance,people,3,1,1,0.09928516298532486,0.2196552465725757
boundary_error,lambda_distance,people,3,2,2,0.23347245156764984,0.33082769287141695
boundary_error,lambda_distance,people,3,4,1,0.20856820046901703,0.19651851462346562
boundary_error,lambda_distance,people,3,5,2,0.3406044840812683,0.2863827733789497
boundary_error,lambda_distance,people,3,7,1,0.20314893126487732,0.1793216588804604
boundary_error,lambda_distance,people,3,8,2,0.3201935887336731,0.25424206724614795
boundary_error,lambda_distance,people,3,10,1,0.1517661213874817,0.16785323900562416
boundary_error,lambda_distance,people,3,11,2,0.2597792446613312,0.23529124376021812
boundary_error,lambda_distance,people,3,13,1,0.1167529970407486,0.16756869287302656
boundary_error,lambda_distance,people,3,14,2,0.2209182232618332,0.2369268370055677
boundary_error,lambda_distance,people,3,16,1,0.12542939186096191,0.18034867738288585
boundary_error,lambda_distance,people,3,17,2,0.246678426861763,0.2724890134567047
boundary_error,lambda_distance,people,3,19,1,0.18401454389095306,0.2722253390649508
boundary_error,lambda_distance,people,4,1,1,0.0840935930609703,0.2196552465725757
boundary_error,lambda_distance,people,4,2,2,0.18264424800872803,0.33082769287141695
boundary_error,lambda_distance,people,4,3,3,0.29869478940963745,0.43426988819512097
boundary_error,lambda_distance,people,4,5,1,0.23353515565395355,0.19006099007019153
boundary_error,lambda_distance,people,4,6,2,0.4137636423110962,0.2741791382276366
boundary_error,lambda_distance,people,4,7,3,0.5235743522644043,0.3533040657933896
boundary_error,lambda_distance,people,4,9,1,0.2460489273071289,0.17173509106011237
boundary_error,lambda_distance,people,4,10,2,0.3848917782306671,0.23939159875102906
boundary_error,lambda_distance,people,4,11,3,0.47952789068222046,0.306829603505623
boundary_error,lambda_distance,people,4,13,1,0.1474090963602066,0.16756869287302656
boundary_error,lambda_distance,people,4,14,2,0.26034578680992126,0.2369268370055677
boundary_error,lambda_distance,people,4,15,3,0.3595913350582123,0.31021398606547584
boundary_error,lambda_distance,people,4,17,1,0.13406124711036682,0.19233706738852624
boundary_error,lambda_distance,people,4,18,2,0.2703188955783844,0.3074482798307493
boundary_error,lambda_distance,people,4,19,3,0.417620450258255,0.4794768875809926
boundary_error,lambda_distance,people,4,1,1,0.09928516298532486,0.2196552465725757
boundary_error,lambda_distance,people,4,2,2,0.23347245156764984,0.33082769287141695
boundary_error,lambda_distance,people,4,3,3,0.41351696848869324,0.43426988819512097
boundary_error,lambda_distance,people,4,5,1,0.2060118019580841,0.19006099007019153
boundary_error,lambda_distance,people,4,6,2,0.37978366017341614,0.2741791382276366
boundary_error,lambda_distance,people,4,7,3,0.47718730568885803,0.3533040657933896
boundary_error,lambda_distance,people,4,9,1,0.16414771974086761,0.17173509106011237
boundary_error,lambda_distance,people,4,10,2,0.284673810005188,0.23939159875102906
boundary_error,lambda_distance,people,4,11,3,0.37358546257019043,0.306829603505623
boundary_error,lambda_distance,people,4,13,1,0.1167529970407486,0.16756869287302656
boundary_error,lambda_distance,people,4,14,2,0.2209182232618332,0.2369268370055677
boundary_error,lambda_distance,people,4,15,3,0.3179134428501129,0.31021398606547584
boundary_error,lambda_distance,people,4,17,1,0.1306571513414383,0.19233706738852624
boundary_error,lambda_distance,people,4,18,2,0.2666874825954437,0.3074482798307493
boundary_error,lambda_distance,people,4,19,3,0.42047223448753357,0.4794768875809926
boundary_error,lambda_distance,people,5,1,1,0.0840935930609703,0.2196552465725757
boundary_error,lambda_distance,people,5,2,2,0.18264424800872803,0.33082769287141695
boundary_error,lambda_distance,people,5,3,3,0.29869478940963745,0.43426988819512097
boundary_error,lambda_distance,people,5,4,4,0.4226727783679962,0.5305916715038792
boundary_error,lambda_distance,people,5,6,1,0.2627445161342621,0.18431487947215255
boundary_error,lambda_distance,people,5,7,2,0.4032706320285797,0.2634398070379055
boundary_error,lambda_distance,people,5,8,3,0.5140162706375122,0.338360215403593
boundary_error,lambda_distance,people,5,9,4,0.6078516244888306,0.4098985751489979
boundary_error,lambda_distance,people,5,11,1,0.1896120011806488,0.16763473606930143
boundary_error,lambda_distance,people,5,12,2,0.2999476492404938,0.2344582826083048
boundary_error,lambda_distance,people,5,13,3,0.3951457738876343,0.30183024416662385
boundary_error,lambda_distance,people,5,14,4,0.477867990732193,0.371188388299165
boundary_error,lambda_distance,people,5,16,1,0.1288192719221115,0.18034867738288585
boundary_error,lambda_distance,people,5,17,2,0.25296059250831604,0.2724890134567047
boundary_error,lambda_distance,people,5,18,3,0.37589284777641296,0.38760022589892773
boundary_error,lambda_distance,people,5,19,4,0.5074021220207214,0.559628833649171
boundary_error,lambda_distance,people,5,1,1,0.09928516298532486,0.2196552465725757
boundary_error,lambda_distance,people,5,2,2,0.23347245156764984,0.33082769287141695
boundary_error,lambda_distance,people,5,3,3,0.41351696848869324,0.43426988819512097
boundary_error,lambda_distance,people,5,4,4,0.48282894492149353,0.5305916715038792
boundary_error,lambda_distance,people,5,6,1,0.24612775444984436,0.18431487947215255
boundary_error,lambda_distance,people,5,7,2,0.36848559975624084,0.2634398070379055
boundary_error,lambda_distance,people,5,8,3,0.45834648609161377,0.338360215403593
boundary_error,lambda_distance,people,5,9,4,0.5391100645065308,0.4098985751489979
boundary_error,lambda_distance,people,5,11,1,0.13402597606182098,0.16763473606930143
boundary_error,lambda_distance,people,5,12,2,0.24543917179107666,0.2344582826083048
boundary_error,lambda_distance,people,5,13,3,0.3384125828742981,0.30183024416662385
boundary_error,lambda_distance,people,5,14,4,0.421509712934494,0.371188388299165
boundary_error,lambda_distance,people,5,16,1,0.12542939186096191,0.18034867738288585
boundary_error,lambda_distance,people,5,17,2,0.246678426861763,0.2724890134567047
boundary_error,lambda_distance,people,5,18,3,0.3706373870372772,0.38760022589892773
boundary_error,lambda_distance,people,5,19,4,0.5088698267936707,0.559628833649171
boundary_error,age+lambda_distance,people,2,1,1,0.0840935930609703,0.17060932291979042
boundary_error,age+lambda_distance,people,2,3,1,0.138423353433609,0.17096960760362553
boundary_error,age+lambda_distance,people,2,5,1,0.23353515565395355,0.17127504122406537
boundary_error,age+lambda_distance,people,2,7,1,0.24896937608718872,0.17151662084773656
boundary_error,age+lambda_distance,people,2,9,1,0.2460489273071289,0.17168727953835858
boundary_error,age+lambda_distance,people,2,11,1,0.1896120011806488,0.1717795164009805
boundary_error,age+lambda_distance,people,2,13,1,0.1474090963602066,0.17178100203264787
boundary_error,age+lambda_distance,people,2,15,1,0.12582220137119293,0.1716479407883923
boundary_error,age+lambda_distance,people,2,17,1,0.13406124711036682,0.17122384121055467
boundary_error,age+lambda_distance,people,2,19,1,0.17953245341777802,0.16942676667524406
boundary_error,age+lambda_distance,people,2,1,1,0.09928516298532486,0.17060932291979042
boundary_error,age+lambda_distance,people,2,3,1,0.25441449880599976,0.17096960760362553
boundary_error,age+lambda_distance,people,2,5,1,0.2060118019580841,0.17127504122406537
boundary_error,age+lambda_distance,people,2,7,1,0.20314893126487732,0.17151662084773656
boundary_error,age+lambda_distance,people,2,9,1,0.16414771974086761,0.17168727953835858
boundary_error,age+lambda_distance,people,2,11,1,0.13402597606182098,0.1717795164009805
boundary_error,age+lambda_distance,people,2,13,1,0.1167529970407486,0.17178100203264787
boundary_error,age+lambda_distance,people,2,15,1,0.11335379630327225,0.1716479407883923
boundary_error,age+lambda_distance,people,2,17,1,0.1306571513414383,0.17122384121055467
boundary_error,age+lambda_distance,people,2,19,1,0.18401454389095306,0.16942676667524406
boundary_error,age+lambda_distance,people,3,1,1,0.0840935930609703,0.17060932291979042
boundary_error,age+lambda_distance,people,3,2,2,0.18264424800872803,0.28323925814520673
boundary_error,age+lambda_distance,people,3,4,1,0.17580752074718475,0.17112978019022004
boundary_error,age+lambda_distance,people,3,5,2,0.3465682864189148,0.2842390398574379
boundary_error,age+lambda_distance,people,3,7,1,0.24896937608718872,0.17151662084773656
boundary_error,age+lambda_distance,people,3,8,2,0.39078110456466675,0.2849620401593108
boundary_error,age+lambda_distance,people,3,10,1,0.2311151772737503,0.1717746012106213
boundary_error,age+lambda_distance,people,3,11,2,0.35171443223953247,0.2853883360547543
boundary_error,age+lambda_distance,people,3,13,1,0.1474090963602066,0.17178100203264787
boundary_error,age+lambda_distance,people,3,14,2,0.26034578680992126,0.28535154363316767
boundary_error,age+lambda_distance,people,3,16,1,0.1288192719221115,0.17149351822254175
boundary_error,age+lambda_distance,people,3,17,2,0.25296059250831604,0.2845515778762489
boundary_error,age+lambda_distance,people,3,19,1,0.17953245341777802,0.16942676667524406
boundary_error,age+lambda_distance,people,3,1,1,0.09928516298532486,0.17060932291979042
boundary_error,age+lambda_distance,people,3,2,2,0.23347245156764984,0.28323925814520673
boundary_error,age+lambda_distance,people,3,4,1,0.20856820046901703,0.17112978019022004
boundary_error,age+lambda_distance,people,3,5,2,0.3406044840812683,0.2842390398574379
boundary_error,age+lambda_distance,people,3,7,1,0.20314893126487732,0.17151662084773656
boundary_error,age+lambda_distance,people,3,8,2,0.3201935887336731,0.2849620401593108
boundary_error,age+lambda_distance,people,3,10,1,0.1517661213874817,0.1717746012106213
boundary_error,age+lambda_distance,people,3,11,2,0.2597792446613312,0.2853883360547543
boundary_error,age+lambda_distance,people,3,13,1,0.1167529970407486,0.17178100203264787
boundary_error,age+lambda_distance,people,3,14,2,0.2209182232618332,0.28535154363316767
boundary_error,age+lambda_distance,people,3,16,1,0.12542939186096191,0.17149351822254175
boundary_error,age+lambda_distance,people,3,17,2,0.246678426861763,0.2845515778762489
boundary_error,age+lambda_distance,people,3,19,1,0.18401454389095306,0.16942676667524406
boundary_error,age+lambda_distance,people,4,1,1,0.0840935930609703,0.17060932291979042
boundary_error,age+lambda_distance,people,4,2,2,0.18264424800872803,0.28323925814520673
boundary_error,age+lambda_distance,people,4,3,3,0.29869478940963745,0.39604308419198475
boundary_error,age+lambda_distance,people,4,5,1,0.23353515565395355,0.17127504122406537
boundary_error,age+lambda_distance,people,4,6,2,0.4137636423110962,0.2845135587762784
boundary_error,age+lambda_distance,people,4,7,3,0.5235743522644043,0.3978643980671674
boundary_error,age+lambda_distance,people,4,9,1,0.2460489273071289,0.17168727953835858
boundary_error,age+lambda_distance,people,4,10,2,0.3848917782306671,0.28529609919213234
boundary_error,age+lambda_distance,people,4,11,3,0.47952789068222046,0.3989098340362653
boundary_error,age+lambda_distance,people,4,13,1,0.1474090963602066,0.17178100203264787
boundary_error,age+lambda_distance,people,4,14,2,0.26034578680992126,0.28535154363316767
boundary_error,age+lambda_distance,people,4,15,3,0.3595913350582123,0.3988337028647124
boundary_error,age+lambda_distance,people,4,17,1,0.13406124711036682,0.17122384121055467
boundary_error,age+lambda_distance,people,4,18,2,0.2703188955783844,0.2837651744899246
boundary_error,age+lambda_distance,people,4,19,3,0.417620450258255,0.3950261596083211
boundary_error,age+lambda_distance,people,4,1,1,0.09928516298532486,0.17060932291979042
boundary_error,age+lambda_distance,people,4,2,2,0.23347245156764984,0.28323925814520673
boundary_error,age+lambda_distance,people,4,3,3,0.41351696848869324,0.39604308419198475
boundary_error,age+lambda_distance,people,4,5,1,0.2060118019580841,0.17127504122406537
boundary_error,age+lambda_distance,people,4,6,2,0.37978366017341614,0.2845135587762784
boundary_error,age+lambda_distance,people,4,7,3,0.47718730568885803,0.3978643980671674
boundary_error,age+lambda_distance,people,4,9,1,0.16414771974086761,0.17168727953835858
boundary_error,age+lambda_distance,people,4,10,2,0.284673810005188,0.28529609919213234
boundary_error,age+lambda_distance,people,4,11,3,0.37358546257019043,0.3989098340362653
boundary_error,age+lambda_distance,people,4,13,1,0.1167529970407486,0.17178100203264787
boundary_error,age+lambda_distance,people,4,14,2,0.2209182232618332,0.28535154363316767
boundary_error,age+lambda_distance,people,4,15,3,0.3179134428501129,0.3988337028647124
boundary_error,age+lambda_distance,people,4,17,1,0.1306571513414383,0.17122384121055467
boundary_error,age+lambda_distance,people,4,18,2,0.2666874825954437,0.2837651744899246
boundary_error,age+lambda_distance,people,4,19,3,0.42047223448753357,0.3950261596083211
boundary_error,age+lambda_distance,people,5,1,1,0.0840935930609703,0.17060932291979042
boundary_error,age+lambda_distance,people,5,2,2,0.18264424800872803,0.28323925814520673
boundary_error,age+lambda_distance,people,5,3,3,0.29869478940963745,0.39604308419198475
boundary_error,age+lambda_distance,people,5,4,4,0.4226727783679962,0.5090070828253573
boundary_error,age+lambda_distance,people,5,6,1,0.2627445161342621,0.17140429910906052
boundary_error,age+lambda_distance,people,5,7,2,0.4032706320285797,0.2847551383999496
boundary_error,age+lambda_distance,people,5,8,3,0.5140162706375122,0.3982005577115238
boundary_error,age+lambda_distance,people,5,9,4,0.6078516244888306,0.5117220556930349
boundary_error,age+lambda_distance,people,5,11,1,0.1896120011806488,0.1717795164009805
boundary_error,age+lambda_distance,people,5,12,2,0.2999476492404938,0.2854070733893291
boundary_error,age+lambda_distance,people,5,13,3,0.3951457738876343,0.39902229386512944
boundary_error,age+lambda_distance,people,5,14,4,0.477867990732193,0.5125928354656493
boundary_error,age+lambda_distance,people,5,16,1,0.1288192719221115,0.17149351822254175
boundary_error,age+lambda_distance,people,5,17,2,0.25296059250831604,0.2845515778762489
boundary_error,age+lambda_distance,people,5,18,3,0.37589284777641296,0.3970929111556188
boundary_error,age+lambda_distance,people,5,19,4,0.5074021220207214,0.5083538962740154
boundary_error,age+lambda_distance,people,5,1,1,0.09928516298532486,0.17060932291979042
boundary_error,age+lambda_distance,people,5,2,2,0.23347245156764984,0.28323925814520673
boundary_error,age+lambda_distance,people,5,3,3,0.41351696848869324,0.39604308419198475
boundary_error,age+lambda_distance,people,5,4,4,0.48282894492149353,0.5090070828253573
boundary_error,age+lambda_distance,people,5,6,1,0.24612775444984436,0.17140429910906052
boundary_error,age+lambda_distance,people,5,7,2,0.36848559975624084,0.2847551383999496
boundary_error,age+lambda_distance,people,5,8,3,0.45834648609161377,0.3982005577115238
boundary_error,age+lambda_distance,people,5,9,4,0.5391100645065308,0.5117220556930349
boundary_error,age+lambda_distance,people,5,11,1,0.13402597606182098,0.1717795164009805
boundary_error,age+lambda_distance,people,5,12,2,0.24543917179107666,0.2854070733893291
boundary_error,age+lambda_distance,people,5,13,3,0.3384125828742981,0.39902229386512944
boundary_error,age+lambda_distance,people,5,14,4,0.421509712934494,0.5125928354656493
boundary_error,age+lambda_distance,people,5,16,1,0.12542939186096191,0.17149351822254175
boundary_error,age+lambda_distance,people,5,17,2,0.246678426861763,0.2845515778762489
boundary_error,age+lambda_distance,people,5,18,3,0.3706373870372772,0.3970929111556188
boundary_error,age+lambda_distance,people,5,19,4,0.5088698267936707,0.5083538962740154
boundary_error,intercept,portrait,2,1,1,0.10528232902288437,0.2685790433943149
boundary_error,intercept,portrait,2,3,1,0.19533006846904755,0.2685790433943149
boundary_error,intercept,portrait,2,5,1,0.13448776304721832,0.2685790433943149
boundary_error,intercept,portrait,2,7,1,0.12831541895866394,0.2685790433943149
boundary_error,intercept,portrait,2,9,1,0.09329299628734589,0.2685790433943149
boundary_error,intercept,portrait,2,11,1,0.09404528886079788,0.2685790433943149
boundary_error,intercept,portrait,2,13,1,0.11436117440462112,0.2685790433943149
boundary_error,intercept,portrait,2,15,1,0.117234006524086,0.2685790433943149
boundary_error,intercept,portrait,2,17,1,0.13336090743541718,0.2685790433943149
boundary_error,intercept,portrait,2,19,1,0.18923525512218475,0.2685790433943149
boundary_error,intercept,portrait,2,1,1,0.1040787547826767,0.2685790433943149
boundary_error,intercept,portrait,2,3,1,0.1660681813955307,0.2685790433943149
boundary_error,intercept,portrait,2,5,1,0.16454271972179413,0.2685790433943149
boundary_error,intercept,portrait,2,7,1,0.15396781265735626,0.2685790433943149
boundary_error,intercept,portrait,2,9,1,0.13984379172325134,0.2685790433943149
boundary_error,intercept,portrait,2,11,1,0.13181139528751373,0.2685790433943149
boundary_error,intercept,portrait,2,13,1,0.1307995766401291,0.2685790433943149
boundary_error,intercept,portrait,2,15,1,0.13893258571624756,0.2685790433943149
boundary_error,intercept,portrait,2,17,1,0.1415114849805832,0.2685790433943149
boundary_error,intercept,portrait,2,19,1,0.1911635547876358,0.2685790433943149
boundary_error,intercept,portrait,3,1,1,0.10528232902288437,0.2685790433943149
boundary_error,intercept,portrait,3,2,2,0.2820061147212982,0.2685790433943149
boundary_error,intercept,portrait,3,4,1,0.24945811927318573,0.2685790433943149
boundary_error,intercept,portrait,3,5,2,0.32289695739746094,0.2685790433943149
boundary_error,intercept,portrait,3,7,1,0.12831541895866394,0.2685790433943149
boundary_error,intercept,portrait,3,8,2,0.21758580207824707,0.2685790433943149
boundary_error,intercept,portrait,3,10,1,0.09009845554828644,0.2685790433943149
boundary_error,intercept,portrait,3,11,2,0.1797073483467102,0.2685790433943149
boundary_error,intercept,portrait,3,13,1,0.11436117440462112,0.2685790433943149
boundary_error,intercept,portrait,3,14,2,0.21951794624328613,0.2685790433943149
boundary_error,intercept,portrait,3,16,1,0.12111160904169083,0.2685790433943149
boundary_error,intercept,portrait,3,17,2,0.24662363529205322,0.2685790433943149
boundary_error,intercept,portrait,3,19,1,0.18923525512218475,0.2685790433943149
boundary_error,intercept,portrait,3,1,1,0.1040787547826767,0.2685790433943149
boundary_error,intercept,portrait,3,2,2,0.3509242534637451,0.2685790433943149
boundary_error,intercept,portrait,3,4,1,0.23758172988891602,0.2685790433943149
boundary_error,intercept,portrait,3,5,2,0.34437069296836853,0.2685790433943149
boundary_error,intercept,portrait,3,7,1,0.15396781265735626,0.2685790433943149
boundary_error,intercept,portrait,3,8,2,0.26950863003730774,0.2685790433943149
boundary_error,intercept,portrait,3,10,1,0.12905898690223694,0.2685790433943149
boundary_error,intercept,portrait,3,11,2,0.2462921142578125,0.2685790433943149
boundary_error,intercept,portrait,3,13,1,0.1307995766401291,0.2685790433943149
boundary_error,intercept,portrait,3,14,2,0.2481459528207779,0.2685790433943149
boundary_error,intercept,portrait,3,16,1,0.14056572318077087,0.2685790433943149
boundary_error,intercept,portrait,3,17,2,0.26622045040130615,0.2685790433943149
boundary_error,intercept,portrait,3,19,1,0.1911635547876358,0.2685790433943149
boundary_error,intercept,portrait,4,1,1,0.10528232902288437,0.2685790433943149
boundary_error,intercept,portrait,4,2,2,0.2820061147212982,0.2685790433943149
boundary_error,intercept,portrait,4,3,3,0.3853030204772949,0.2685790433943149
boundary_error,intercept,portrait,4,5,1,0.13448776304721832,0.2685790433943149
boundary_error,intercept,portrait,4,6,2,0.24291525781154633,0.2685790433943149
boundary_error,intercept,portrait,4,7,3,0.3381662666797638,0.2685790433943149
boundary_error,intercept,portrait,4,9,1,0.09329299628734589,0.2685790433943149
boundary_error,intercept,portrait,4,10,2,0.17886802554130554,0.2685790433943149
boundary_error,intercept,portrait,4,11,3,0.2622937560081482,0.2685790433943149
boundary_error,intercept,portrait,4,13,1,0.11436117440462112,0.2685790433943149
boundary_error,intercept,portrait,4,14,2,0.21951794624328613,0.2685790433943149
boundary_error,intercept,portrait,4,15,3,0.3189544379711151,0.2685790433943149
boundary_error,intercept,portrait,4,17,1,0.13336090743541718,0.2685790433943149
boundary_error,intercept,portrait,4,18,2,0.27314430475234985,0.2685790433943149
boundary_error,intercept,portrait,4,19,3,0.4328818917274475,0.2685790433943149
boundary_error,intercept,portrait,4,1,1,0.1040787547826767,0.2685790433943149
boundary_error,intercept,portrait,4,2,2,0.3509242534637451,0.2685790433943149
boundary_error,intercept,portrait,4,3,3,0.4026641547679901,0.2685790433943149
boundary_error,intercept,portrait,4,5,1,0.16454271972179413,0.2685790433943149
boundary_error,intercept,portrait,4,6,2,0.26891425251960754,0.2685790433943149
boundary_error,intercept,portrait,4,7,3,0.3729555308818817,0.2685790433943149
boundary_error,intercept,portrait,4,9,1,0.13984379172325134,0.2685790433943149
boundary_error,intercept,portrait,4,10,2,0.2525404095649719,0.2685790433943149
boundary_error,intercept,portrait,4,11,3,0.35578054189682007,0.2685790433943149
boundary_error,intercept,portrait,4,13,1,0.1307995766401291,0.2685790433943149
boundary_error,intercept,portrait,4,14,2,0.2481459528207779,0.2685790433943149
boundary_error,intercept,portrait,4,15,3,0.35512781143188477,0.2685790433943149
boundary_error,intercept,portrait,4,17,1,0.1415114849805832,0.2685790433943149
boundary_error,intercept,portrait,4,18,2,0.2779652774333954,0.2685790433943149
boundary_error,intercept,portrait,4,19,3,0.4312170743942261,0.2685790433943149
boundary_error,intercept,portrait,5,1,1,0.10528232902288437,0.2685790433943149
boundary_error,intercept,portrait,5,2,2,0.2820061147212982,0.2685790433943149
boundary_error,intercept,portrait,5,3,3,0.3853030204772949,0.2685790433943149
boundary_error,intercept,portrait,5,4,4,0.5188251733779907,0.2685790433943149
boundary_error,intercept,portrait,5,6,1,0.12686139345169067,0.2685790433943149
boundary_error,intercept,portrait,5,7,2,0.23622938990592957,0.2685790433943149
boundary_error,intercept,portrait,5,8,3,0.3172686696052551,0.2685790433943149
boundary_error,intercept,portrait,5,9,4,0.38689789175987244,0.2685790433943149
boundary_error,intercept,portrait,5,11,1,0.09404528886079788,0.2685790433943149
boundary_error,intercept,portrait,5,12,2,0.19320820271968842,0.2685790433943149
boundary_error,intercept,portrait,5,13,3,0.291343629360199,0.2685790433943149
boundary_error,intercept,portrait,5,14,4,0.3808443546295166,0.2685790433943149
boundary_error,intercept,portrait,5,16,1,0.12111160904169083,0.2685790433943149
boundary_error,intercept,portrait,5,17,2,0.24662363529205322,0.2685790433943149
boundary_error,intercept,portrait,5,18,3,0.37615108489990234,0.2685790433943149
boundary_error,intercept,portrait,5,19,4,0.52176833152771,0.2685790433943149
boundary_error,intercept,portrait,5,1,1,0.1040787547826767,0.2685790433943149
boundary_error,intercept,portrait,5,2,2,0.3509242534637451,0.2685790433943149
boundary_error,intercept,portrait,5,3,3,0.4026641547679901,0.2685790433943149
boundary_error,intercept,portrait,5,4,4,0.5096887350082397,0.2685790433943149
boundary_error,intercept,portrait,5,6,1,0.156720370054245,0.2685790433943149
boundary_error,intercept,portrait,5,7,2,0.2680201530456543,0.2685790433943149
boundary_error,intercept,portrait,5,8,3,0.36851173639297485,0.2685790433943149
boundary_error,intercept,portrait,5,9,4,0.4483841359615326,0.2685790433943149
boundary_error,intercept,portrait,5,11,1,0.13181139528751373,0.2685790433943149
boundary_error,intercept,portrait,5,12,2,0.24696776270866394,0.2685790433943149
boundary_error,intercept,portrait,5,13,3,0.3471658229827881,0.2685790433943149
boundary_error,intercept,portrait,5,14,4,0.43822991847991943,0.2685790433943149
boundary_error,intercept,portrait,5,16,1,0.14056572318077087,0.2685790433943149
boundary_error,intercept,portrait,5,17,2,0.26622045040130615,0.2685790433943149
boundary_error,intercept,portrait,5,18,3,0.3856692612171173,0.2685790433943149
boundary_error,intercept,portrait,5,19,4,0.5204114317893982,0.2685790433943149
boundary_error,age,portrait,2,1,1,0.10528232902288437,0.1740062454566016
boundary_error,age,portrait,2,3,1,0.19533006846904755,0.1740062454566016
boundary_error,age,portrait,2,5,1,0.13448776304721832,0.1740062454566016
boundary_error,age,portrait,2,7,1,0.12831541895866394,0.1740062454566016
boundary_error,age,portrait,2,9,1,0.09329299628734589,0.1740062454566016
boundary_error,age,portrait,2,11,1,0.09404528886079788,0.1740062454566016
boundary_error,age,portrait,2,13,1,0.11436117440462112,0.1740062454566016
boundary_error,age,portrait,2,15,1,0.117234006524086,0.1740062454566016
boundary_error,age,portrait,2,17,1,0.13336090743541718,0.1740062454566016
boundary_error,age,portrait,2,19,1,0.18923525512218475,0.1740062454566016
boundary_error,age,portrait,2,1,1,0.1040787547826767,0.1740062454566016
boundary_error,age,portrait,2,3,1,0.1660681813955307,0.1740062454566016
boundary_error,age,portrait,2,5,1,0.16454271972179413,0.1740062454566016
boundary_error,age,portrait,2,7,1,0.15396781265735626,0.1740062454566016
boundary_error,age,portrait,2,9,1,0.13984379172325134,0.1740062454566016
boundary_error,age,portrait,2,11,1,0.13181139528751373,0.1740062454566016
boundary_error,age,portrait,2,13,1,0.1307995766401291,0.1740062454566016
boundary_error,age,portrait,2,15,1,0.13893258571624756,0.1740062454566016
boundary_error,age,portrait,2,17,1,0.1415114849805832,0.1740062454566016
boundary_error,age,portrait,2,19,1,0.1911635547876358,0.1740062454566016
boundary_error,age,portrait,3,1,1,0.10528232902288437,0.1740062454566016
boundary_error,age,portrait,3,2,2,0.2820061147212982,0.2874936029818576
boundary_error,age,portrait,3,4,1,0.24945811927318573,0.1740062454566016
boundary_error,age,portrait,3,5,2,0.32289695739746094,0.2874936029818576
boundary_error,age,portrait,3,7,1,0.12831541895866394,0.1740062454566016
boundary_error,age,portrait,3,8,2,0.21758580207824707,0.2874936029818576
boundary_error,age,portrait,3,10,1,0.09009845554828644,0.1740062454566016
boundary_error,age,portrait,3,11,2,0.1797073483467102,0.2874936029818576
boundary_error,age,portrait,3,13,1,0.11436117440462112,0.1740062454566016
boundary_error,age,portrait,3,14,2,0.21951794624328613,0.2874936029818576
boundary_error,age,portrait,3,16,1,0.12111160904169083,0.1740062454566016
boundary_error,age,portrait,3,17,2,0.24662363529205322,0.2874936029818576
boundary_error,age,portrait,3,19,1,0.18923525512218475,0.1740062454566016
boundary_error,age,portrait,3,1,1,0.1040787547826767,0.1740062454566016
boundary_error,age,portrait,3,2,2,0.3509242534637451,0.2874936029818576
boundary_error,age,portrait,3,4,1,0.23758172988891602,0.1740062454566016
boundary_error,age,portrait,3,5,2,0.34437069296836853,0.2874936029818576
boundary_error,age,portrait,3,7,1,0.15396781265735626,0.1740062454566016
boundary_error,age,portrait,3,8,2,0.26950863003730774,0.2874936029818576
boundary_error,age,portrait,3,10,1,0.12905898690223694,0.1740062454566016
boundary_error,age,portrait,3,11,2,0.2462921142578125,0.2874936029818576
boundary_error,age,portrait,3,13,1,0.1307995766401291,0.1740062454566016
boundary_error,age,portrait,3,14,2,0.2481459528207779,0.2874936029818576
boundary_error,age,portrait,3,16,1,0.14056572318077087,0.1740062454566016
boundary_error,age,portrait,3,17,2,0.26622045040130615,0.2874936029818576
boundary_error,age,portrait,3,19,1,0.1911635547876358,0.1740062454566016
boundary_error,age,portrait,4,1,1,0.10528232902288437,0.1740062454566016
boundary_error,age,portrait,4,2,2,0.2820061147212982,0.2874936029818576
boundary_error,age,portrait,4,3,3,0.3853030204772949,0.4009809605071136
boundary_error,age,portrait,4,5,1,0.13448776304721832,0.1740062454566016
boundary_error,age,portrait,4,6,2,0.24291525781154633,0.2874936029818576
boundary_error,age,portrait,4,7,3,0.3381662666797638,0.4009809605071136
boundary_error,age,portrait,4,9,1,0.09329299628734589,0.1740062454566016
boundary_error,age,portrait,4,10,2,0.17886802554130554,0.2874936029818576
boundary_error,age,portrait,4,11,3,0.2622937560081482,0.4009809605071136
boundary_error,age,portrait,4,13,1,0.11436117440462112,0.1740062454566016
boundary_error,age,portrait,4,14,2,0.21951794624328613,0.2874936029818576
boundary_error,age,portrait,4,15,3,0.3189544379711151,0.4009809605071136
boundary_error,age,portrait,4,17,1,0.13336090743541718,0.1740062454566016
boundary_error,age,portrait,4,18,2,0.27314430475234985,0.2874936029818576
boundary_error,age,portrait,4,19,3,0.4328818917274475,0.4009809605071136
boundary_error,age,portrait,4,1,1,0.1040787547826767,0.1740062454566016
boundary_error,age,portrait,4,2,2,0.3509242534637451,0.2874936029818576
boundary_error,age,portrait,4,3,3,0.4026641547679901,0.4009809605071136
boundary_error,age,portrait,4,5,1,0.16454271972179413,0.1740062454566016
boundary_error,age,portrait,4,6,2,0.26891425251960754,0.2874936029818576
boundary_error,age,portrait,4,7,3,0.3729555308818817,0.4009809605071136
boundary_error,age,portrait,4,9,1,0.13984379172325134,0.1740062454566016
boundary_error,age,portrait,4,10,2,0.2525404095649719,0.2874936029818576
boundary_error,age,portrait,4,11,3,0.35578054189682007,0.4009809605071136
boundary_error,age,portrait,4,13,1,0.1307995766401291,0.1740062454566016
boundary_error,age,portrait,4,14,2,0.2481459528207779,0.2874936029818576
boundary_error,age,portrait,4,15,3,0.35512781143188477,0.4009809605071136
boundary_error,age,portrait,4,17,1,0.1415114849805832,0.1740062454566016
boundary_error,age,portrait,4,18,2,0.2779652774333954,0.2874936029818576
boundary_error,age,portrait,4,19,3,0.4312170743942261,0.4009809605071136
boundary_error,age,portrait,5,1,1,0.10528232902288437,0.1740062454566016
boundary_error,age,portrait,5,2,2,0.2820061147212982,0.2874936029818576
boundary_error,age,portrait,5,3,3,0.3853030204772949,0.4009809605071136
boundary_error,age,portrait,5,4,4,0.5188251733779907,0.5144683180323696
boundary_error,age,portrait,5,6,1,0.12686139345169067,0.1740062454566016
boundary_error,age,portrait,5,7,2,0.23622938990592957,0.2874936029818576
boundary_error,age,portrait,5,8,3,0.3172686696052551,0.4009809605071136
boundary_error,age,portrait,5,9,4,0.38689789175987244,0.5144683180323696
boundary_error,age,portrait,5,11,1,0.09404528886079788,0.1740062454566016
boundary_error,age,portrait,5,12,2,0.19320820271968842,0.2874936029818576
boundary_error,age,portrait,5,13,3,0.291343629360199,0.4009809605071136
boundary_error,age,portrait,5,14,4,0.3808443546295166,0.5144683180323696
boundary_error,age,portrait,5,16,1,0.12111160904169083,0.1740062454566016
boundary_error,age,portrait,5,17,2,0.24662363529205322,0.2874936029818576
boundary_error,age,portrait,5,18,3,0.37615108489990234,0.4009809605071136
boundary_error,age,portrait,5,19,4,0.52176833152771,0.5144683180323696
boundary_error,age,portrait,5,1,1,0.1040787547826767,0.1740062454566016
boundary_error,age,portrait,5,2,2,0.3509242534637451,0.2874936029818576
boundary_error,age,portrait,5,3,3,0.4026641547679901,0.4009809605071136
boundary_error,age,portrait,5,4,4,0.5096887350082397,0.5144683180323696
boundary_error,age,portrait,5,6,1,0.156720370054245,0.1740062454566016
boundary_error,age,portrait,5,7,2,0.2680201530456543,0.2874936029818576
boundary_error,age,portrait,5,8,3,0.36851173639297485,0.4009809605071136
boundary_error,age,portrait,5,9,4,0.4483841359615326,0.5144683180323696
boundary_error,age,portrait,5,11,1,0.13181139528751373,0.1740062454566016
boundary_error,age,portrait,5,12,2,0.24696776270866394,0.2874936029818576
boundary_error,age,portrait,5,13,3,0.3471658229827881,0.4009809605071136
boundary_error,age,portrait,5,14,4,0.43822991847991943,0.5144683180323696
boundary_error,age,portrait,5,16,1,0.14056572318077087,0.1740062454566016
boundary_error,age,portrait,5,17,2,0.26622045040130615,0.2874936029818576
boundary_error,age,portrait,5,18,3,0.3856692612171173,0.4009809605071136
boundary_error,age,portrait,5,19,4,0.5204114317893982,0.5144683180323696
boundary_error,lambda_distance,portrait,2,1,1,0.10528232902288437,0.22346565392355422
boundary_error,lambda_distance,portrait,2,3,1,0.19533006846904755,0.20771167825599454
boundary_error,lambda_distance,portrait,2,5,1,0.13448776304721832,0.1943561456997845
boundary_error,lambda_distance,portrait,2,7,1,0.12831541895866394,0.18379272270721564
boundary_error,lambda_distance,portrait,2,9,1,0.09329299628734589,0.17633042142119354
boundary_error,lambda_distance,portrait,2,11,1,0.09404528886079788,0.17229722946329556
boundary_error,lambda_distance,portrait,2,13,1,0.11436117440462112,0.17223226804198286
boundary_error,lambda_distance,portrait,2,15,1,0.117234006524086,0.1780505659001762
boundary_error,lambda_distance,portrait,2,17,1,0.13336090743541718,0.19659494130563665
boundary_error,lambda_distance,portrait,2,19,1,0.18923525512218475,0.27517465832472393
boundary_error,lambda_distance,portrait,2,1,1,0.1040787547826767,0.22346565392355422
boundary_error,lambda_distance,portrait,2,3,1,0.1660681813955307,0.20771167825599454
boundary_error,lambda_distance,portrait,2,5,1,0.16454271972179413,0.1943561456997845
boundary_error,lambda_distance,portrait,2,7,1,0.15396781265735626,0.18379272270721564
boundary_error,lambda_distance,portrait,2,9,1,0.13984379172325134,0.17633042142119354
boundary_error,lambda_distance,portrait,2,11,1,0.13181139528751373,0.17229722946329556
boundary_error,lambda_distance,portrait,2,13,1,0.1307995766401291,0.17223226804198286
boundary_error,lambda_distance,portrait,2,15,1,0.13893258571624756,0.1780505659001762
boundary_error,lambda_distance,portrait,2,17,1,0.1415114849805832,0.19659494130563665
boundary_error,lambda_distance,portrait,2,19,1,0.1911635547876358,0.27517465832472393
boundary_error,lambda_distance,portrait,3,1,1,0.10528232902288437,0.22346565392355422
boundary_error,lambda_distance,portrait,3,2,2,0.2820061147212982,0.3328171167498633
boundary_error,lambda_distance,portrait,3,4,1,0.24945811927318573,0.20070789723216656
boundary_error,lambda_distance,portrait,3,5,2,0.32289695739746094,0.289100196564133
boundary_error,lambda_distance,portrait,3,7,1,0.12831541895866394,0.18379272270721564
boundary_error,lambda_distance,portrait,3,8,2,0.21758580207824707,0.2574859490693468
boundary_error,lambda_distance,portrait,3,10,1,0.09009845554828644,0.17251215336318446
boundary_error,lambda_distance,portrait,3,11,2,0.1797073483467102,0.238845536458662
boundary_error,lambda_distance,portrait,3,13,1,0.11436117440462112,0.17223226804198286
boundary_error,lambda_distance,portrait,3,14,2,0.21951794624328613,0.24045433899852
boundary_error,lambda_distance,portrait,3,16,1,0.12111160904169083,0.18480291884239847
boundary_error,lambda_distance,portrait,3,17,2,0.24662363529205322,0.2754340137802171
boundary_error,lambda_distance,portrait,3,19,1,0.18923525512218475,0.27517465832472393
boundary_error,lambda_distance,portrait,3,1,1,0.1040787547826767,0.22346565392355422
boundary_error,lambda_distance,portrait,3,2,2,0.3509242534637451,0.3328171167498633
boundary_error,lambda_distance,portrait,3,4,1,0.23758172988891602,0.20070789723216656
boundary_error,lambda_distance,portrait,3,5,2,0.34437069296836853,0.289100196564133
boundary_error,lambda_distance,portrait,3,7,1,0.15396781265735626,0.18379272270721564
boundary_error,lambda_distance,portrait,3,8,2,0.26950863003730774,0.2574859490693468
boundary_error,lambda_distance,portrait,3,10,1,0.12905898690223694,0.17251215336318446
boundary_error,lambda_distance,portrait,3,11,2,0.2462921142578125,0.238845536458662
boundary_error,lambda_distance,portrait,3,13,1,0.1307995766401291,0.17223226804198286
boundary_error,lambda_distance,portrait,3,14,2,0.2481459528207779,0.24045433899852
boundary_error,lambda_distance,portrait,3,16,1,0.14056572318077087,0.18480291884239847
boundary_error,lambda_distance,portrait,3,17,2,0.26622045040130615,0.2754340137802171
boundary_error,lambda_distance,portrait,3,19,1,0.1911635547876358,0.27517465832472393
boundary_error,lambda_distance,portrait,4,1,1,0.10528232902288437,0.22346565392355422
boundary_error,lambda_distance,portrait,4,2,2,0.2820061147212982,0.3328171167498633
boundary_error,lambda_distance,portrait,4,3,3,0.3853030204772949,0.43456494863803985
boundary_error,lambda_distance,portrait,4,5,1,0.13448776304721832,0.1943561456997845
boundary_error,lambda_distance,portrait,4,6,2,0.24291525781154633,0.2770964546296663
boundary_error,lambda_distance,portrait,4,7,3,0.3381662666797638,0.35492533096906387
boundary_error,lambda_distance,portrait,4,9,1,0.09329299628734589,0.17633042142119354
boundary_error,lambda_distance,portrait,4,10,2,0.17886802554130554,0.24287872841655997
boundary_error,lambda_distance,portrait,4,11,3,0.2622937560081482,0.30921211151203754
boundary_error,lambda_distance,portrait,4,13,1,0.11436117440462112,0.17223226804198286
boundary_error,lambda_distance,portrait,4,14,2,0.21951794624328613,0.24045433899852
boundary_error,lambda_distance,portrait,4,15,3,0.3189544379711151,0.3125410585308782
boundary_error,lambda_distance,portrait,4,17,1,0.13336090743541718,0.19659494130563665
boundary_error,lambda_distance,portrait,4,18,2,0.27314430475234985,0.30982065403692455
boundary_error,lambda_distance,portrait,4,19,3,0.4328818917274475,0.4790314659938304
boundary_error,lambda_distance,portrait,4,1,1,0.1040787547826767,0.22346565392355422
boundary_error,lambda_distance,portrait,4,2,2,0.3509242534637451,0.3328171167498633
boundary_error,lambda_distance,portrait,4,3,3,0.4026641547679901,0.43456494863803985
boundary_error,lambda_distance,portrait,4,5,1,0.16454271972179413,0.1943561456997845
boundary_error,lambda_distance,portrait,4,6,2,0.26891425251960754,0.2770964546296663
boundary_error,lambda_distance,portrait,4,7,3,0.3729555308818817,0.35492533096906387
boundary_error,lambda_distance,portrait,4,9,1,0.13984379172325134,0.17633042142119354
boundary_error,lambda_distance,portrait,4,10,2,0.2525404095649719,0.24287872841655997
boundary_error,lambda_distance,portrait,4,11,3,0.35578054189682007,0.30921211151203754
boundary_error,lambda_distance,portrait,4,13,1,0.1307995766401291,0.17223226804198286
boundary_error,lambda_distance,portrait,4,14,2,0.2481459528207779,0.24045433899852
boundary_error,lambda_distance,portrait,4,15,3,0.35512781143188477,0.3125410585308782
boundary_error,lambda_distance,portrait,4,17,1,0.1415114849805832,0.19659494130563665
boundary_error,lambda_distance,portrait,4,18,2,0.2779652774333954,0.30982065403692455
boundary_error,lambda_distance,portrait,4,19,3,0.4312170743942261,0.4790314659938304
boundary_error,lambda_distance,portrait,5,1,1,0.10528232902288437,0.22346565392355422
boundary_error,lambda_distance,portrait,5,2,2,0.2820061147212982,0.3328171167498633
boundary_error,lambda_distance,portrait,5,3,3,0.3853030204772949,0.43456494863803985
boundary_error,lambda_distance,portrait,5,4,4,0.5188251733779907,0.5293089995023884
boundary_error,lambda_distance,portrait,5,6,1,0.12686139345169067,0.18870415529769985
boundary_error,lambda_distance,portrait,5,7,2,0.23622938990592957,0.2665330316370974
boundary_error,lambda_distance,portrait,5,8,3,0.3172686696052551,0.34022625799922857
boundary_error,lambda_distance,portrait,5,9,4,0.38689789175987244,0.4105928330526041
boundary_error,lambda_distance,portrait,5,11,1,0.09404528886079788,0.17229722946329556
boundary_error,lambda_distance,portrait,5,12,2,0.19320820271968842,0.23802621905159188
boundary_error,lambda_distance,portrait,5,13,3,0.291343629360199,0.3042946407257567
boundary_error,lambda_distance,portrait,5,14,4,0.3808443546295166,0.37251671168229383
boundary_error,lambda_distance,portrait,5,16,1,0.12111160904169083,0.18480291884239847
boundary_error,lambda_distance,portrait,5,17,2,0.24662363529205322,0.2754340137802171
boundary_error,lambda_distance,portrait,5,18,3,0.37615108489990234,0.38865972651150493
boundary_error,lambda_distance,portrait,5,19,4,0.52176833152771,0.5578705384684108
boundary_error,lambda_distance,portrait,5,1,1,0.1040787547826767,0.22346565392355422
boundary_error,lambda_distance,portrait,5,2,2,0.3509242534637451,0.3328171167498633
boundary_error,lambda_distance,portrait,5,3,3,0.4026641547679901,0.43456494863803985
boundary_error,lambda_distance,portrait,5,4,4,0.5096887350082397,0.5293089995023884
boundary_error,lambda_distance,portrait,5,6,1,0.156720370054245,0.18870415529769985
boundary_error,lambda_distance,portrait,5,7,2,0.2680201530456543,0.2665330316370974
boundary_error,lambda_distance,portrait,5,8,3,0.36851173639297485,0.34022625799922857
boundary_error,lambda_distance,portrait,5,9,4,0.4483841359615326,0.4105928330526041
boundary_error,lambda_distance,portrait,5,11,1,0.13181139528751373,0.17229722946329556
boundary_error,lambda_distance,portrait,5,12,2,0.24696776270866394,0.23802621905159188
boundary_error,lambda_distance,portrait,5,13,3,0.3471658229827881,0.3042946407257567
boundary_error,lambda_distance,portrait,5,14,4,0.43822991847991943,0.37251671168229383
boundary_error,lambda_distance,portrait,5,16,1,0.14056572318077087,0.18480291884239847
boundary_error,lambda_distance,portrait,5,17,2,0.26622045040130615,0.2754340137802171
boundary_error,lambda_distance,portrait,5,18,3,0.3856692612171173,0.38865972651150493
boundary_error,lambda_distance,portrait,5,19,4,0.5204114317893982,0.5578705384684108
boundary_error,age+lambda_distance,portrait,2,1,1,0.10528232902288437,0.17043455225094328
boundary_error,age+lambda_distance,portrait,2,3,1,0.19533006846904755,0.17238784601310206
boundary_error,age+lambda_distance,portrait,2,5,1,0.13448776304721832,0.1740437631595321
boundary_error,age+lambda_distance,portrait,2,7,1,0.12831541895866394,0.1753534940283513
boundary_error,age+lambda_distance,portrait,2,9,1,0.09329299628734589,0.17627872502152536
boundary_error,age+lambda_distance,portrait,2,11,1,0.09404528886079788,0.17677878982162362
boundary_error,age+lambda_distance,portrait,2,13,1,0.11436117440462112,0.1767868442163814
boundary_error,age+lambda_distance,portrait,2,15,1,0.117234006524086,0.17606544885862463
boundary_error,age+lambda_distance,portrait,2,17,1,0.13336090743541718,0.1737661808156248
boundary_error,age+lambda_distance,portrait,2,19,1,0.18923525512218475,0.16402328960362125
boundary_error,age+lambda_distance,portrait,2,1,1,0.1040787547826767,0.17043455225094328
boundary_error,age+lambda_distance,portrait,2,3,1,0.1660681813955307,0.17238784601310206
boundary_error,age+lambda_distance,portrait,2,5,1,0.16454271972179413,0.1740437631595321
boundary_error,age+lambda_distance,portrait,2,7,1,0.15396781265735626,0.1753534940283513
boundary_error,age+lambda_distance,portrait,2,9,1,0.13984379172325134,0.17627872502152536
boundary_error,age+lambda_distance,portrait,2,11,1,0.13181139528751373,0.17677878982162362
boundary_error,age+lambda_distance,portrait,2,13,1,0.1307995766401291,0.1767868442163814
boundary_error,age+lambda_distance,portrait,2,15,1,0.13893258571624756,0.17606544885862463
boundary_error,age+lambda_distance,portrait,2,17,1,0.1415114849805832,0.1737661808156248
boundary_error,age+lambda_distance,portrait,2,19,1,0.1911635547876358,0.16402328960362125
boundary_error,age+lambda_distance,portrait,3,1,1,0.10528232902288437,0.17043455225094328
boundary_error,age+lambda_distance,portrait,3,2,2,0.2820061147212982,0.28136193082509503
boundary_error,age+lambda_distance,portrait,3,4,1,0.24945811927318573,0.1732562262920903
boundary_error,age+lambda_distance,portrait,3,5,2,0.32289695739746094,0.28678227609549034
boundary_error,age+lambda_distance,portrait,3,7,1,0.12831541895866394,0.1753534940283513
boundary_error,age+lambda_distance,portrait,3,8,2,0.21758580207824707,0.29070204299941343
boundary_error,age+lambda_distance,portrait,3,10,1,0.09009845554828644,0.17675214197590833
boundary_error,age+lambda_distance,portrait,3,11,2,0.1797073483467102,0.2930132184413999
boundary_error,age+lambda_distance,portrait,3,13,1,0.11436117440462112,0.1767868442163814
boundary_error,age+lambda_distance,portrait,3,14,2,0.21951794624328613,0.29281374727094983
boundary_error,age+lambda_distance,portrait,3,16,1,0.12111160904169083,0.17522824248226235
boundary_error,age+lambda_distance,portrait,3,17,2,0.24662363529205322,0.2884767099417551
boundary_error,age+lambda_distance,portrait,3,19,1,0.18923525512218475,0.16402328960362125
boundary_error,age+lambda_distance,portrait,3,1,1,0.1040787547826767,0.17043455225094328
boundary_error,age+lambda_distance,portrait,3,2,2,0.3509242534637451,0.28136193082509503
boundary_error,age+lambda_distance,portrait,3,4,1,0.23758172988891602,0.1732562262920903
boundary_error,age+lambda_distance,portrait,3,5,2,0.34437069296836853,0.28678227609549034
boundary_error,age+lambda_distance,portrait,3,7,1,0.15396781265735626,0.1753534940283513
boundary_error,age+lambda_distance,portrait,3,8,2,0.26950863003730774,0.29070204299941343
boundary_error,age+lambda_distance,portrait,3,10,1,0.12905898690223694,0.17675214197590833
boundary_error,age+lambda_distance,portrait,3,11,2,0.2462921142578125,0.2930132184413999
boundary_error,age+lambda_distance,portrait,3,13,1,0.1307995766401291,0.1767868442163814
boundary_error,age+lambda_distance,portrait,3,14,2,0.2481459528207779,0.29281374727094983
boundary_error,age+lambda_distance,portrait,3,16,1,0.14056572318077087,0.17522824248226235
boundary_error,age+lambda_distance,portrait,3,17,2,0.26622045040130615,0.2884767099417551
boundary_error,age+lambda_distance,portrait,3,19,1,0.1911635547876358,0.16402328960362125
boundary_error,age+lambda_distance,portrait,4,1,1,0.10528232902288437,0.17043455225094328
boundary_error,age+lambda_distance,portrait,4,2,2,0.2820061147212982,0.28136193082509503
boundary_error,age+lambda_distance,portrait,4,3,3,0.3853030204772949,0.39323206348206513
boundary_error,age+lambda_distance,portrait,4,5,1,0.13448776304721832,0.1740437631595321
boundary_error,age+lambda_distance,portrait,4,6,2,0.24291525781154633,0.28827058829921165
boundary_error,age+lambda_distance,portrait,4,7,3,0.3381662666797638,0.403106368971431
boundary_error,age+lambda_distance,portrait,4,9,1,0.09329299628734589,0.17627872502152536
boundary_error,age+lambda_distance,portrait,4,10,2,0.17886802554130554,0.29251315364130165
boundary_error,age+lambda_distance,portrait,4,11,3,0.2622937560081482,0.40877423010679326
boundary_error,age+lambda_distance,portrait,4,13,1,0.11436117440462112,0.1767868442163814
boundary_error,age+lambda_distance,portrait,4,14,2,0.21951794624328613,0.29281374727094983
boundary_error,age+lambda_distance,portrait,4,15,3,0.3189544379711151,0.4083614827734425
boundary_error,age+lambda_distance,portrait,4,17,1,0.13336090743541718,0.1737661808156248
boundary_error,age+lambda_distance,portrait,4,18,2,0.27314430475234985,0.28421320139430106
boundary_error,age+lambda_distance,portrait,4,19,3,0.4328818917274475,0.3877187776417903
boundary_error,age+lambda_distance,portrait,4,1,1,0.1040787547826767,0.17043455225094328
boundary_error,age+lambda_distance,portrait,4,2,2,0.3509242534637451,0.28136193082509503
boundary_error,age+lambda_distance,portrait,4,3,3,0.4026641547679901,0.39323206348206513
boundary_error,age+lambda_distance,portrait,4,5,1,0.16454271972179413,0.1740437631595321
boundary_error,age+lambda_distance,portrait,4,6,2,0.26891425251960754,0.28827058829921165
boundary_error,age+lambda_distance,portrait,4,7,3,0.3729555308818817,0.403106368971431
boundary_error,age+lambda_distance,portrait,4,9,1,0.13984379172325134,0.17627872502152536
boundary_error,age+lambda_distance,portrait,4,10,2,0.2525404095649719,0.29251315364130165
boundary_error,age+lambda_distance,portrait,4,11,3,0.35578054189682007,0.40877423010679326
boundary_error,age+lambda_distance,portrait,4,13,1,0.1307995766401291,0.1767868442163814
boundary_error,age+lambda_distance,portrait,4,14,2,0.2481459528207779,0.29281374727094983
boundary_error,age+lambda_distance,portrait,4,15,3,0.35512781143188477,0.4083614827734425
boundary_error,age+lambda_distance,portrait,4,17,1,0.1415114849805832,0.1737661808156248
boundary_error,age+lambda_distance,portrait,4,18,2,0.2779652774333954,0.28421320139430106
boundary_error,age+lambda_distance,portrait,4,19,3,0.4312170743942261,0.3877187776417903
boundary_error,age+lambda_distance,portrait,5,1,1,0.10528232902288437,0.17043455225094328
boundary_error,age+lambda_distance,portrait,5,2,2,0.2820061147212982,0.28136193082509503
boundary_error,age+lambda_distance,portrait,5,3,3,0.3853030204772949,0.39323206348206513
boundary_error,age+lambda_distance,portrait,5,4,4,0.5188251733779907,0.5059705764180235
boundary_error,age+lambda_distance,portrait,5,6,1,0.12686139345169067,0.1747445384958116
boundary_error,age+lambda_distance,portrait,5,7,2,0.23622938990592957,0.28958031916803084
boundary_error,age+lambda_distance,portrait,5,8,3,0.3172686696052551,0.404928868139093
boundary_error,age+lambda_distance,portrait,5,9,4,0.38689789175987244,0.5206898798044863
boundary_error,age+lambda_distance,portrait,5,11,1,0.09404528886079788,0.17677878982162362
boundary_error,age+lambda_distance,portrait,5,12,2,0.19320820271968842,0.2931148034390049
boundary_error,age+lambda_distance,portrait,5,13,3,0.291343629360199,0.4093839342992543
boundary_error,age+lambda_distance,portrait,5,14,4,0.3808443546295166,0.5254108373538228
boundary_error,age+lambda_distance,portrait,5,16,1,0.12111160904169083,0.17522824248226235
boundary_error,age+lambda_distance,portrait,5,17,2,0.24662363529205322,0.2884767099417551
boundary_error,age+lambda_distance,portrait,5,18,3,0.37615108489990234,0.3989237305204314
boundary_error,age+lambda_distance,portrait,5,19,4,0.52176833152771,0.5024293067679206
boundary_error,age+lambda_distance,portrait,5,1,1,0.1040787547826767,0.17043455225094328
boundary_error,age+lambda_distance,portrait,5,2,2,0.3509242534637451,0.28136193082509503
boundary_error,age+lambda_distance,portrait,5,3,3,0.4026641547679901,0.39323206348206513
boundary_error,age+lambda_distance,portrait,5,4,4,0.5096887350082397,0.5059705764180235
boundary_error,age+lambda_distance,portrait,5,6,1,0.156720370054245,0.1747445384958116
boundary_error,age+lambda_distance,portrait,5,7,2,0.2680201530456543,0.28958031916803084
boundary_error,age+lambda_distance,portrait,5,8,3,0.36851173639297485,0.404928868139093
boundary_error,age+lambda_distance,portrait,5,9,4,0.4483841359615326,0.5206898798044863
boundary_error,age+lambda_distance,portrait,5,11,1,0.13181139528751373,0.17677878982162362
boundary_error,age+lambda_distance,portrait,5,12,2,0.24696776270866394,0.2931148034390049
boundary_error,age+lambda_distance,portrait,5,13,3,0.3471658229827881,0.4093839342992543
boundary_error,age+lambda_distance,portrait,5,14,4,0.43822991847991943,0.5254108373538228
boundary_error,age+lambda_distance,portrait,5,16,1,0.14056572318077087,0.17522824248226235
boundary_error,age+lambda_distance,portrait,5,17,2,0.26622045040130615,0.2884767099417551
boundary_error,age+lambda_distance,portrait,5,18,3,0.3856692612171173,0.3989237305204314
boundary_error,age+lambda_distance,portrait,5,19,4,0.5204114317893982,0.5024293067679206
boundary_error,intercept,text,2,1,1,0.08944033086299896,0.26623693025774425
boundary_error,intercept,text,2,3,1,0.1621565818786621,0.26623693025774425
boundary_error,intercept,text,2,5,1,0.24714909493923187,0.26623693025774425
boundary_error,intercept,text,2,7,1,0.22165906429290771,0.26623693025774425
boundary_error,intercept,text,2,9,1,0.1725412756204605,0.26623693025774425
boundary_error,intercept,text,2,11,1,0.14413754642009735,0.26623693025774425
boundary_error,intercept,text,2,13,1,0.13131923973560333,0.26623693025774425
boundary_error,intercept,text,2,15,1,0.13540758192539215,0.26623693025774425
boundary_error,intercept,text,2,17,1,0.14318786561489105,0.26623693025774425
boundary_error,intercept,text,2,19,1,0.1844216287136078,0.26623693025774425
boundary_error,intercept,text,2,1,1,0.11533299088478088,0.26623693025774425
boundary_error,intercept,text,2,3,1,0.22117669880390167,0.26623693025774425
boundary_error,intercept,text,2,5,1,0.16878017783164978,0.26623693025774425
boundary_error,intercept,text,2,7,1,0.1604059934616089,0.26623693025774425
boundary_error,intercept,text,2,9,1,0.15378959476947784,0.26623693025774425
boundary_error,intercept,text,2,11,1,0.14078451693058014,0.26623693025774425
boundary_error,intercept,text,2,13,1,0.14164325594902039,0.26623693025774425
boundary_error,intercept,text,2,15,1,0.1380462348461151,0.26623693025774425
boundary_error,intercept,text,2,17,1,0.1525108367204666,0.26623693025774425
boundary_error,intercept,text,2,19,1,0.1931186318397522,0.26623693025774425
boundary_error,intercept,text,3,1,1,0.08944033086299896,0.26623693025774425
boundary_error,intercept,text,3,2,2,0.18118509650230408,0.26623693025774425
boundary_error,intercept,text,3,4,1,0.335744708776474,0.26623693025774425
boundary_error,intercept,text,3,5,2,0.37400880455970764,0.26623693025774425
boundary_error,intercept,text,3,7,1,0.22165906429290771,0.26623693025774425
boundary_error,intercept,text,3,8,2,0.36566638946533203,0.26623693025774425
boundary_error,intercept,text,3,10,1,0.146584153175354,0.26623693025774425
boundary_error,intercept,text,3,11,2,0.2703338861465454,0.26623693025774425
boundary_error,intercept,text,3,13,1,0.13131923973560333,0.26623693025774425
boundary_error,intercept,text,3,14,2,0.25353559851646423,0.26623693025774425
boundary_error,intercept,text,3,16,1,0.1467457115650177,0.26623693025774425
boundary_error,intercept,text,3,17,2,0.27538785338401794,0.26623693025774425
boundary_error,intercept,text,3,19,1,0.1844216287136078,0.26623693025774425
boundary_error,intercept,text,3,1,1,0.11533299088478088,0.26623693025774425
boundary_error,intercept,text,3,2,2,0.22600124776363373,0.26623693025774425
boundary_error,intercept,text,3,4,1,0.18332624435424805,0.26623693025774425
boundary_error,intercept,text,3,5,2,0.3027306795120239,0.26623693025774425
boundary_error,intercept,text,3,7,1,0.1604059934616089,0.26623693025774425
boundary_error,intercept,text,3,8,2,0.28039979934692383,0.26623693025774425
boundary_error,intercept,text,3,10,1,0.16556301712989807,0.26623693025774425
boundary_error,intercept,text,3,11,2,0.2811448872089386,0.26623693025774425
boundary_error,intercept,text,3,13,1,0.14164325594902039,0.26623693025774425
boundary_error,intercept,text,3,14,2,0.2655380964279175,0.26623693025774425
boundary_error,intercept,text,3,16,1,0.14819291234016418,0.26623693025774425
boundary_error,intercept,text,3,17,2,0.2843118906021118,0.26623693025774425
boundary_error,intercept,text,3,19,1,0.1931186318397522,0.26623693025774425
boundary_error,intercept,text,4,1,1,0.08944033086299896,0.26623693025774425
boundary_error,intercept,text,4,2,2,0.18118509650230408,0.26623693025774425
boundary_error,intercept,text,4,3,3,0.3101634979248047,0.26623693025774425
boundary_error,intercept,text,4,5,1,0.24714909493923187,0.26623693025774425
boundary_error,intercept,text,4,6,2,0.3196593225002289,0.26623693025774425
boundary_error,intercept,text,4,7,3,0.4272353947162628,0.26623693025774425
boundary_error,intercept,text,4,9,1,0.1725412756204605,0.26623693025774425
boundary_error,intercept,text,4,10,2,0.2937343418598175,0.26623693025774425
boundary_error,intercept,text,4,11,3,0.39609575271606445,0.26623693025774425
boundary_error,intercept,text,4,13,1,0.13131923973560333,0.26623693025774425
boundary_error,intercept,text,4,14,2,0.25353559851646423,0.26623693025774425
boundary_error,intercept,text,4,15,3,0.36426934599876404,0.26623693025774425
boundary_error,intercept,text,4,17,1,0.14318786561489105,0.26623693025774425
boundary_error,intercept,text,4,18,2,0.2832517921924591,0.26623693025774425
boundary_error,intercept,text,4,19,3,0.4329847991466522,0.26623693025774425
boundary_error,intercept,text,4,1,1,0.11533299088478088,0.26623693025774425
boundary_error,intercept,text,4,2,2,0.22600124776363373,0.26623693025774425
boundary_error,intercept,text,4,3,3,0.3886447250843048,0.26623693025774425
boundary_error,intercept,text,4,5,1,0.16878017783164978,0.26623693025774425
boundary_error,intercept,text,4,6,2,0.2963835597038269,0.26623693025774425
boundary_error,intercept,text,4,7,3,0.4099234640598297,0.26623693025774425
boundary_error,intercept,text,4,9,1,0.15378959476947784,0.26623693025774425
boundary_error,intercept,text,4,10,2,0.29598602652549744,0.26623693025774425
boundary_error,intercept,text,4,11,3,0.39466753602027893,0.26623693025774425
boundary_error,intercept,text,4,13,1,0.14164325594902039,0.26623693025774425
boundary_error,intercept,text,4,14,2,0.2655380964279175,0.26623693025774425
boundary_error,intercept,text,4,15,3,0.3744671046733856,0.26623693025774425
boundary_error,intercept,text,4,17,1,0.1525108367204666,0.26623693025774425
boundary_error,intercept,text,4,18,2,0.29345375299453735,0.26623693025774425
boundary_error,intercept,text,4,19,3,0.4446244239807129,0.26623693025774425
boundary_error,intercept,text,5,1,1,0.08944033086299896,0.26623693025774425
boundary_error,intercept,text,5,2,2,0.18118509650230408,0.26623693025774425
boundary_error,intercept,text,5,3,3,0.3101634979248047,0.26623693025774425
boundary_error,intercept,text,5,4,4,0.5069665312767029,0.26623693025774425
boundary_error,intercept,text,5,6,1,0.23425470292568207,0.26623693025774425
boundary_error,intercept,text,5,7,2,0.33380892872810364,0.26623693025774425
boundary_error,intercept,text,5,8,3,0.45131969451904297,0.26623693025774425
boundary_error,intercept,text,5,9,4,0.5312430262565613,0.26623693025774425
boundary_error,intercept,text,5,11,1,0.14413754642009735,0.26623693025774425
boundary_error,intercept,text,5,12,2,0.25953778624534607,0.26623693025774425
boundary_error,intercept,text,5,13,3,0.3614940047264099,0.26623693025774425
boundary_error,intercept,text,5,14,4,0.4556148648262024,0.26623693025774425
boundary_error,intercept,text,5,16,1,0.1467457115650177,0.26623693025774425
boundary_error,intercept,text,5,17,2,0.27538785338401794,0.26623693025774425
boundary_error,intercept,text,5,18,3,0.3992975056171417,0.26623693025774425
boundary_error,intercept,text,5,19,4,0.5307279825210571,0.26623693025774425
boundary_error,intercept,text,5,1,1,0.11533299088478088,0.26623693025774425
boundary_error,intercept,text,5,2,2,0.22600124776363373,0.26623693025774425
boundary_error,intercept,text,5,3,3,0.3886447250843048,0.26623693025774425
boundary_error,intercept,text,5,4,4,0.4949156641960144,0.26623693025774425
boundary_error,intercept,text,5,6,1,0.15620510280132294,0.26623693025774425
boundary_error,intercept,text,5,7,2,0.29431989789009094,0.26623693025774425
boundary_error,intercept,text,5,8,3,0.39619946479797363,0.26623693025774425
boundary_error,intercept,text,5,9,4,0.4906338155269623,0.26623693025774425
boundary_error,intercept,text,5,11,1,0.14078451693058014,0.26623693025774425
boundary_error,intercept,text,5,12,2,0.2630762457847595,0.26623693025774425
boundary_error,intercept,text,5,13,3,0.37171995639801025,0.26623693025774425
boundary_error,intercept,text,5,14,4,0.46687957644462585,0.26623693025774425
boundary_error,intercept,text,5,16,1,0.14819291234016418,0.26623693025774425
boundary_error,intercept,text,5,17,2,0.2843118906021118,0.26623693025774425
boundary_error,intercept,text,5,18,3,0.4081262946128845,0.26623693025774425
boundary_error,intercept,text,5,19,4,0.5398092269897461,0.26623693025774425
boundary_error,age,text,2,1,1,0.08944033086299896,0.17193256620160208
boundary_error,age,text,2,3,1,0.1621565818786621,0.17193256620160208
boundary_error,age,text,2,5,1,0.24714909493923187,0.17193256620160208
boundary_error,age,text,2,7,1,0.22165906429290771,0.17193256620160208
boundary_error,age,text,2,9,1,0.1725412756204605,0.17193256620160208
boundary_error,age,text,2,11,1,0.14413754642009735,0.17193256620160208
boundary_error,age,text,2,13,1,0.13131923973560333,0.17193256620160208
boundary_error,age,text,2,15,1,0.13540758192539215,0.17193256620160208
boundary_error,age,text,2,17,1,0.14318786561489105,0.17193256620160208
boundary_error,age,text,2,19,1,0.1844216287136078,0.17193256620160208
boundary_error,age,text,2,1,1,0.11533299088478088,0.17193256620160208
boundary_error,age,text,2,3,1,0.22117669880390167,0.17193256620160208
boundary_error,age,text,2,5,1,0.16878017783164978,0.17193256620160208
boundary_error,age,text,2,7,1,0.1604059934616089,0.17193256620160208
boundary_error,age,text,2,9,1,0.15378959476947784,0.17193256620160208
boundary_error,age,text,2,11,1,0.14078451693058014,0.17193256620160208
boundary_error,age,text,2,13,1,0.14164325594902039,0.17193256620160208
boundary_error,age,text,2,15,1,0.1380462348461151,0.17193256620160208
boundary_error,age,text,2,17,1,0.1525108367204666,0.17193256620160208
boundary_error,age,text,2,19,1,0.1931186318397522,0.17193256620160208
boundary_error,age,text,3,1,1,0.08944033086299896,0.17193256620160208
boundary_error,age,text,3,2,2,0.18118509650230408,0.28509780306897264
boundary_error,age,text,3,4,1,0.335744708776474,0.17193256620160208
boundary_error,age,text,3,5,2,0.37400880455970764,0.28509780306897264
boundary_error,age,text,3,7,1,0.22165906429290771,0.17193256620160208
boundary_error,age,text,3,8,2,0.36566638946533203,0.28509780306897264
boundary_error,age,text,3,10,1,0.146584153175354,0.17193256620160208
boundary_error,age,text,3,11,2,0.2703338861465454,0.28509780306897264
boundary_error,age,text,3,13,1,0.13131923973560333,0.17193256620160208
boundary_error,age,text,3,14,2,0.25353559851646423,0.28509780306897264
boundary_error,age,text,3,16,1,0.1467457115650177,0.17193256620160208
boundary_error,age,text,3,17,2,0.27538785338401794,0.28509780306897264
boundary_error,age,text,3,19,1,0.1844216287136078,0.17193256620160208
boundary_error,age,text,3,1,1,0.11533299088478088,0.17193256620160208
boundary_error,age,text,3,2,2,0.22600124776363373,0.28509780306897264
boundary_error,age,text,3,4,1,0.18332624435424805,0.17193256620160208
boundary_error,age,text,3,5,2,0.3027306795120239,0.28509780306897264
boundary_error,age,text,3,7,1,0.1604059934616089,0.17193256620160208
boundary_error,age,text,3,8,2,0.28039979934692383,0.28509780306897264
boundary_error,age,text,3,10,1,0.16556301712989807,0.17193256620160208
boundary_error,age,text,3,11,2,0.2811448872089386,0.28509780306897264
boundary_error,age,text,3,13,1,0.14164325594902039,0.17193256620160208
boundary_error,age,text,3,14,2,0.2655380964279175,0.28509780306897264
boundary_error,age,text,3,16,1,0.14819291234016418,0.17193256620160208
boundary_error,age,text,3,17,2,0.2843118906021118,0.28509780306897264
boundary_error,age,text,3,19,1,0.1931186318397522,0.17193256620160208
boundary_error,age,text,4,1,1,0.08944033086299896,0.17193256620160208
boundary_error,age,text,4,2,2,0.18118509650230408,0.28509780306897264
boundary_error,age,text,4,3,3,0.3101634979248047,0.3982630399363432
boundary_error,age,text,4,5,1,0.24714909493923187,0.17193256620160208
boundary_error,age,text,4,6,2,0.3196593225002289,0.28509780306897264
boundary_error,age,text,4,7,3,0.4272353947162628,0.3982630399363432
boundary_error,age,text,4,9,1,0.1725412756204605,0.17193256620160208
boundary_error,age,text,4,10,2,0.2937343418598175,0.28509780306897264
boundary_error,age,text,4,11,3,0.39609575271606445,0.3982630399363432
boundary_error,age,text,4,13,1,0.13131923973560333,0.17193256620160208
boundary_error,age,text,4,14,2,0.25353559851646423,0.28509780306897264
boundary_error,age,text,4,15,3,0.36426934599876404,0.3982630399363432
boundary_error,age,text,4,17,1,0.14318786561489105,0.17193256620160208
boundary_error,age,text,4,18,2,0.2832517921924591,0.28509780306897264
boundary_error,age,text,4,19,3,0.4329847991466522,0.3982630399363432
boundary_error,age,text,4,1,1,0.11533299088478088,0.17193256620160208
boundary_error,age,text,4,2,2,0.22600124776363373,0.28509780306897264
boundary_error,age,text,4,3,3,0.3886447250843048,0.3982630399363432
boundary_error,age,text,4,5,1,0.16878017783164978,0.17193256620160208
boundary_error,age,text,4,6,2,0.2963835597038269,0.28509780306897264
boundary_error,age,text,4,7,3,0.4099234640598297,0.3982630399363432
boundary_error,age,text,4,9,1,0.15378959476947784,0.17193256620160208
boundary_error,age,text,4,10,2,0.29598602652549744,0.28509780306897264
boundary_error,age,text,4,11,3,0.39466753602027893,0.3982630399363432
boundary_error,age,text,4,13,1,0.14164325594902039,0.17193256620160208
boundary_error,age,text,4,14,2,0.2655380964279175,0.28509780306897264
boundary_error,age,text,4,15,3,0.3744671046733856,0.3982630399363432
boundary_error,age,text,4,17,1,0.1525108367204666,0.17193256620160208
boundary_error,age,text,4,18,2,0.29345375299453735,0.28509780306897264
boundary_error,age,text,4,19,3,0.4446244239807129,0.3982630399363432
boundary_error,age,text,5,1,1,0.08944033086299896,0.17193256620160208
boundary_error,age,text,5,2,2,0.18118509650230408,0.28509780306897264
boundary_error,age,text,5,3,3,0.3101634979248047,0.3982630399363432
boundary_error,age,text,5,4,4,0.5069665312767029,0.5114282768037138
boundary_error,age,text,5,6,1,0.23425470292568207,0.17193256620160208
boundary_error,age,text,5,7,2,0.33380892872810364,0.28509780306897264
boundary_error,age,text,5,8,3,0.45131969451904297,0.3982630399363432
boundary_error,age,text,5,9,4,0.5312430262565613,0.5114282768037138
boundary_error,age,text,5,11,1,0.14413754642009735,0.17193256620160208
boundary_error,age,text,5,12,2,0.25953778624534607,0.28509780306897264
boundary_error,age,text,5,13,3,0.3614940047264099,0.3982630399363432
boundary_error,age,text,5,14,4,0.4556148648262024,0.5114282768037138
boundary_error,age,text,5,16,1,0.1467457115650177,0.17193256620160208
boundary_error,age,text,5,17,2,0.27538785338401794,0.28509780306897264
boundary_error,age,text,5,18,3,0.3992975056171417,0.3982630399363432
boundary_error,age,text,5,19,4,0.5307279825210571,0.5114282768037138
boundary_error,age,text,5,1,1,0.11533299088478088,0.17193256620160208
boundary_error,age,text,5,2,2,0.22600124776363373,0.28509780306897264
boundary_error,age,text,5,3,3,0.3886447250843048,0.3982630399363432
boundary_error,age,text,5,4,4,0.4949156641960144,0.5114282768037138
boundary_error,age,text,5,6,1,0.15620510280132294,0.17193256620160208
boundary_error,age,text,5,7,2,0.29431989789009094,0.28509780306897264
boundary_error,age,text,5,8,3,0.39619946479797363,0.3982630399363432
boundary_error,age,text,5,9,4,0.4906338155269623,0.5114282768037138
boundary_error,age,text,5,11,1,0.14078451693058014,0.17193256620160208
boundary_error,age,text,5,12,2,0.2630762457847595,0.28509780306897264
boundary_error,age,text,5,13,3,0.37171995639801025,0.3982630399363432
boundary_error,age,text,5,14,4,0.46687957644462585,0.5114282768037138
boundary_error,age,text,5,16,1,0.14819291234016418,0.17193256620160208
boundary_error,age,text,5,17,2,0.2843118906021118,0.28509780306897264
boundary_error,age,text,5,18,3,0.4081262946128845,0.3982630399363432
boundary_error,age,text,5,19,4,0.5398092269897461,0.5114282768037138
boundary_error,lambda_distance,text,2,1,1,0.08944033086299896,0.22058645736353563
boundary_error,lambda_distance,text,2,3,1,0.1621565818786621,0.20464492763976985
boundary_error,lambda_distance,text,2,5,1,0.24714909493923187,0.19113039494565376
boundary_error,lambda_distance,text,2,7,1,0.22165906429290771,0.18044121240695604
boundary_error,lambda_distance,text,2,9,1,0.1725412756204605,0.17289007101451515
boundary_error,lambda_distance,text,2,11,1,0.14413754642009735,0.16880886314449925
boundary_error,lambda_distance,text,2,13,1,0.13131923973560333,0.16874312834519478
boundary_error,lambda_distance,text,2,15,1,0.13540758192539215,0.17463069413845078
boundary_error,lambda_distance,text,2,17,1,0.14318786561489105,0.1933958438360961
boundary_error,lambda_distance,text,2,19,1,0.1844216287136078,0.2729110672297937
boundary_error,lambda_distance,text,2,1,1,0.11533299088478088,0.22058645736353563
boundary_error,lambda_distance,text,2,3,1,0.22117669880390167,0.20464492763976985
boundary_error,lambda_distance,text,2,5,1,0.16878017783164978,0.19113039494565376
boundary_error,lambda_distance,text,2,7,1,0.1604059934616089,0.18044121240695604
boundary_error,lambda_distance,text,2,9,1,0.15378959476947784,0.17289007101451515
boundary_error,lambda_distance,text,2,11,1,0.14078451693058014,0.16880886314449925
boundary_error,lambda_distance,text,2,13,1,0.14164325594902039,0.16874312834519478
boundary_error,lambda_distance,text,2,15,1,0.1380462348461151,0.17463069413845078
boundary_error,lambda_distance,text,2,17,1,0.1525108367204666,0.1933958438360961
boundary_error,lambda_distance,text,2,19,1,0.1931186318397522,0.2729110672297937
boundary_error,lambda_distance,text,3,1,1,0.08944033086299896,0.22058645736353563
boundary_error,lambda_distance,text,3,2,2,0.18118509650230408,0.3312397700109904
boundary_error,lambda_distance,text,3,4,1,0.335744708776474,0.1975577652798577
boundary_error,lambda_distance,text,3,5,2,0.37400880455970764,0.28700239163243985
boundary_error,lambda_distance,text,3,7,1,0.22165906429290771,0.18044121240695604
boundary_error,lambda_distance,text,3,8,2,0.36566638946533203,0.2550117705493815
boundary_error,lambda_distance,text,3,10,1,0.146584153175354,0.16902634575401485
boundary_error,lambda_distance,text,3,11,2,0.2703338861465454,0.23614944030544247
boundary_error,lambda_distance,text,3,13,1,0.13131923973560333,0.16874312834519478
boundary_error,lambda_distance,text,3,14,2,0.25353559851646423,0.237777395943436
boundary_error,lambda_distance,text,3,16,1,0.1467457115650177,0.18146343511795157
boundary_error,lambda_distance,text,3,17,2,0.27538785338401794,0.27317351036097604
boundary_error,lambda_distance,text,3,19,1,0.1844216287136078,0.2729110672297937
boundary_error,lambda_distance,text,3,1,1,0.11533299088478088,0.22058645736353563
boundary_error,lambda_distance,text,3,2,2,0.22600124776363373,0.3312397700109904
boundary_error,lambda_distance,text,3,4,1,0.18332624435424805,0.1975577652798577
boundary_error,lambda_distance,text,3,5,2,0.3027306795120239,0.28700239163243985
boundary_error,lambda_distance,text,3,7,1,0.1604059934616089,0.18044121240695604
boundary_error,lambda_distance,text,3,8,2,0.28039979934692383,0.2550117705493815
boundary_error,lambda_distance,text,3,10,1,0.16556301712989807,0.16902634575401485
boundary_error,lambda_distance,text,3,11,2,0.2811448872089386,0.23614944030544247
boundary_error,lambda_distance,text,3,13,1,0.14164325594902039,0.16874312834519478
boundary_error,lambda_distance,text,3,14,2,0.2655380964279175,0.237777395943436
boundary_error,lambda_distance,text,3,16,1,0.14819291234016418,0.18146343511795157
boundary_error,lambda_distance,text,3,17,2,0.2843118906021118,0.27317351036097604
boundary_error,lambda_distance,text,3,19,1,0.1931186318397522,0.2729110672297937
boundary_error,lambda_distance,text,4,1,1,0.08944033086299896,0.22058645736353563
boundary_error,lambda_distance,text,4,2,2,0.18118509650230408,0.3312397700109904
boundary_error,lambda_distance,text,4,3,3,0.3101634979248047,0.43419892905768864
boundary_error,lambda_distance,text,4,5,1,0.24714909493923187,0.19113039494565376
boundary_error,lambda_distance,text,4,6,2,0.3196593225002289,0.2748557428827686
boundary_error,lambda_distance,text,4,7,3,0.4272353947162628,0.35361118669665303
boundary_error,lambda_distance,text,4,9,1,0.1725412756204605,0.17289007101451515
boundary_error,lambda_distance,text,4,10,2,0.2937343418598175,0.2402306481754584
boundary_error,lambda_distance,text,4,11,3,0.39609575271606445,0.307353742726886
boundary_error,lambda_distance,text,4,13,1,0.13131923973560333,0.16874312834519478
boundary_error,lambda_distance,text,4,14,2,0.25353559851646423,0.237777395943436
boundary_error,lambda_distance,text,4,15,3,0.36426934599876404,0.3107223214888152
boundary_error,lambda_distance,text,4,17,1,0.14318786561489105,0.1933958438360961
boundary_error,lambda_distance,text,4,18,2,0.2832517921924591,0.3079695300654839
boundary_error,lambda_distance,text,4,19,3,0.4329847991466522,0.479194828702206
boundary_error,lambda_distance,text,4,1,1,0.11533299088478088,0.22058645736353563
boundary_error,lambda_distance,text,4,2,2,0.22600124776363373,0.3312397700109904
boundary_error,lambda_distance,text,4,3,3,0.3886447250843048,0.43419892905768864
boundary_error,lambda_distance,text,4,5,1,0.16878017783164978,0.19113039494565376
boundary_error,lambda_distance,text,4,6,2,0.2963835597038269,0.2748557428827686
boundary_error,lambda_distance,text,4,7,3,0.4099234640598297,0.35361118669665303
boundary_error,lambda_distance,text,4,9,1,0.15378959476947784,0.17289007101451515
boundary_error,lambda_distance,text,4,10,2,0.29598602652549744,0.2402306481754584
boundary_error,lambda_distance,text,4,11,3,0.39466753602027893,0.307353742726886
boundary_error,lambda_distance,text,4,13,1,0.14164325594902039,0.16874312834519478
boundary_error,lambda_distance,text,4,14,2,0.2655380964279175,0.237777395943436
boundary_error,lambda_distance,text,4,15,3,0.3744671046733856,0.3107223214888152
boundary_error,lambda_distance,text,4,17,1,0.1525108367204666,0.1933958438360961
boundary_error,lambda_distance,text,4,18,2,0.29345375299453735,0.3079695300654839
boundary_error,lambda_distance,text,4,19,3,0.4446244239807129,0.479194828702206
boundary_error,lambda_distance,text,5,1,1,0.08944033086299896,0.22058645736353563
boundary_error,lambda_distance,text,5,2,2,0.18118509650230408,0.3312397700109904
boundary_error,lambda_distance,text,5,3,3,0.3101634979248047,0.43419892905768864
boundary_error,lambda_distance,text,5,4,4,0.5069665312767029,0.5300709257444747
boundary_error,lambda_distance,text,5,6,1,0.23425470292568207,0.18541111653018644
boundary_error,lambda_distance,text,5,7,2,0.33380892872810364,0.2641665603440709
boundary_error,lambda_distance,text,5,8,3,0.45131969451904297,0.33873711848649635
boundary_error,lambda_distance,text,5,9,4,0.5312430262565613,0.40994142090793984
boundary_error,lambda_distance,text,5,11,1,0.14413754642009735,0.16880886314449925
boundary_error,lambda_distance,text,5,12,2,0.25953778624534607,0.2353203687698743
boundary_error,lambda_distance,text,5,13,3,0.3614940047264099,0.30237772852199746
boundary_error,lambda_distance,text,5,14,4,0.4556148648262024,0.3714119961202387
boundary_error,lambda_distance,text,5,16,1,0.1467457115650177,0.18146343511795157
boundary_error,lambda_distance,text,5,17,2,0.27538785338401794,0.27317351036097604
boundary_error,lambda_distance,text,5,18,3,0.3992975056171417,0.38774719659036383
boundary_error,lambda_distance,text,5,19,4,0.5307279825210571,0.5589724952270859
boundary_error,lambda_distance,text,5,1,1,0.11533299088478088,0.22058645736353563
boundary_error,lambda_distance,text,5,2,2,0.22600124776363373,0.3312397700109904
boundary_error,lambda_distance,text,5,3,3,0.3886447250843048,0.43419892905768864
boundary_error,lambda_distance,text,5,4,4,0.4949156641960144,0.5300709257444747
boundary_error,lambda_distance,text,5,6,1,0.15620510280132294,0.18541111653018644
boundary_error,lambda_distance,text,5,7,2,0.29431989789009094,0.2641665603440709
boundary_error,lambda_distance,text,5,8,3,0.39619946479797363,0.33873711848649635
boundary_error,lambda_distance,text,5,9,4,0.4906338155269623,0.40994142090793984
boundary_error,lambda_distance,text,5,11,1,0.14078451693058014,0.16880886314449925
boundary_error,lambda_distance,text,5,12,2,0.2630762457847595,0.2353203687698743
boundary_error,lambda_distance,text,5,13,3,0.37171995639801025,0.30237772852199746
boundary_error,lambda_distance,text,5,14,4,0.46687957644462585,0.3714119961202387
boundary_error,lambda_distance,text,5,16,1,0.14819291234016418,0.18146343511795157
boundary_error,lambda_distance,text,5,17,2,0.2843118906021118,0.27317351036097604
boundary_error,lambda_distance,text,5,18,3,0.4081262946128845,0.38774719659036383
boundary_error,lambda_distance,text,5,19,4,0.5398092269897461,0.5589724952270859
boundary_error,age+lambda_distance,text,2,1,1,0.08944033086299896,0.17050437397642149
boundary_error,age+lambda_distance,text,2,3,1,0.1621565818786621,0.17128542621242807
boundary_error,age+lambda_distance,text,2,5,1,0.24714909493923187,0.1719475681876481
boundary_error,age+lambda_distance,text,2,7,1,0.22165906429290771,0.1724712826659698
boundary_error,age+lambda_distance,text,2,9,1,0.1725412756204605,0.17284124941139292
boundary_error,age+lambda_distance,text,2,11,1,0.14413754642009735,0.17304120741967186
boundary_error,age+lambda_distance,text,2,13,1,0.13131923973560333,0.1730444280837405
boundary_error,age+lambda_distance,text,2,15,1,0.13540758192539215,0.1727559679103982
boundary_error,age+lambda_distance,text,2,17,1,0.14318786561489105,0.17183657294741084
boundary_error,age+lambda_distance,text,2,19,1,0.1844216287136078,0.16794073960491668
boundary_error,age+lambda_distance,text,2,1,1,0.11533299088478088,0.17050437397642149
boundary_error,age+lambda_distance,text,2,3,1,0.22117669880390167,0.17128542621242807
boundary_error,age+lambda_distance,text,2,5,1,0.16878017783164978,0.1719475681876481
boundary_error,age+lambda_distance,text,2,7,1,0.1604059934616089,0.1724712826659698
boundary_error,age+lambda_distance,text,2,9,1,0.15378959476947784,0.17284124941139292
boundary_error,age+lambda_distance,text,2,11,1,0.14078451693058014,0.17304120741967186
boundary_error,age+lambda_distance,text,2,13,1,0.14164325594902039,0.1730444280837405
boundary_error,age+lambda_distance,text,2,15,1,0.1380462348461151,0.1727559679103982
boundary_error,age+lambda_distance,text,2,17,1,0.1525108367204666,0.17183657294741084
boundary_error,age+lambda_distance,text,2,19,1,0.1931186318397522,0.16794073960491668
boundary_error,age+lambda_distance,text,3,1,1,0.08944033086299896,0.17050437397642149
boundary_error,age+lambda_distance,text,3,2,2,0.18118509650230408,0.28264596692364774
boundary_error,age+lambda_distance,text,3,4,1,0.335744708776474,0.17163266039284042
boundary_error,age+lambda_distance,text,3,5,2,0.37400880455970764,0.2848133689168282
boundary_error,age+lambda_distance,text,3,7,1,0.22165906429290771,0.1724712826659698
boundary_error,age+lambda_distance,text,3,8,2,0.36566638946533203,0.28638074335084573
boundary_error,age+lambda_distance,text,3,10,1,0.146584153175354,0.17303055190032096
boundary_error,age+lambda_distance,text,3,11,2,0.2703338861465454,0.2873048996563325
boundary_error,age+lambda_distance,text,3,13,1,0.13131923973560333,0.1730444280837405
boundary_error,age+lambda_distance,text,3,14,2,0.25353559851646423,0.28722513827751833
boundary_error,age+lambda_distance,text,3,16,1,0.1467457115650177,0.17242119905743572
boundary_error,age+lambda_distance,text,3,17,2,0.27538785338401794,0.28549091234118623
boundary_error,age+lambda_distance,text,3,19,1,0.1844216287136078,0.16794073960491668
boundary_error,age+lambda_distance,text,3,1,1,0.11533299088478088,0.17050437397642149
boundary_error,age+lambda_distance,text,3,2,2,0.22600124776363373,0.28264596692364774
boundary_error,age+lambda_distance,text,3,4,1,0.18332624435424805,0.17163266039284042
boundary_error,age+lambda_distance,text,3,5,2,0.3027306795120239,0.2848133689168282
boundary_error,age+lambda_distance,text,3,7,1,0.1604059934616089,0.1724712826659698
boundary_error,age+lambda_distance,text,3,8,2,0.28039979934692383,0.28638074335084573
boundary_error,age+lambda_distance,text,3,10,1,0.16556301712989807,0.17303055190032096
boundary_error,age+lambda_distance,text,3,11,2,0.2811448872089386,0.2873048996563325
boundary_error,age+lambda_distance,text,3,13,1,0.14164325594902039,0.1730444280837405
boundary_error,age+lambda_distance,text,3,14,2,0.2655380964279175,0.28722513827751833
boundary_error,age+lambda_distance,text,3,16,1,0.14819291234016418,0.17242119905743572
boundary_error,age+lambda_distance,text,3,17,2,0.2843118906021118,0.28549091234118623
boundary_error,age+lambda_distance,text,3,19,1,0.1931186318397522,0.16794073960491668
boundary_error,age+lambda_distance,text,4,1,1,0.08944033086299896,0.17050437397642149
boundary_error,age+lambda_distance,text,4,2,2,0.18118509650230408,0.28264596692364774
boundary_error,age+lambda_distance,text,4,3,3,0.3101634979248047,0.3951645334724155
boundary_error,age+lambda_distance,text,4,5,1,0.24714909493923187,0.1719475681876481
boundary_error,age+lambda_distance,text,4,6,2,0.3196593225002289,0.28540849167670823
boundary_error,age+lambda_distance,text,4,7,3,0.4272353947162628,0.3991129146790177
boundary_error,age+lambda_distance,text,4,9,1,0.1725412756204605,0.17284124941139292
boundary_error,age+lambda_distance,text,4,10,2,0.2937343418598175,0.28710494164805356
boundary_error,age+lambda_distance,text,4,11,3,0.39609575271606445,0.40137928940406514
boundary_error,age+lambda_distance,text,4,13,1,0.13131923973560333,0.1730444280837405
boundary_error,age+lambda_distance,text,4,14,2,0.25353559851646423,0.28722513827751833
boundary_error,age+lambda_distance,text,4,15,3,0.36426934599876404,0.40121424652425625
boundary_error,age+lambda_distance,text,4,17,1,0.14318786561489105,0.17183657294741084
boundary_error,age+lambda_distance,text,4,18,2,0.2832517921924591,0.2837860879319065
boundary_error,age+lambda_distance,text,4,19,3,0.4329847991466522,0.3929599678731629
boundary_error,age+lambda_distance,text,4,1,1,0.11533299088478088,0.17050437397642149
boundary_error,age+lambda_distance,text,4,2,2,0.22600124776363373,0.28264596692364774
boundary_error,age+lambda_distance,text,4,3,3,0.3886447250843048,0.3951645334724155
boundary_error,age+lambda_distance,text,4,5,1,0.16878017783164978,0.1719475681876481
boundary_error,age+lambda_distance,text,4,6,2,0.2963835597038269,0.28540849167670823
boundary_error,age+lambda_distance,text,4,7,3,0.4099234640598297,0.3991129146790177
boundary_error,age+lambda_distance,text,4,9,1,0.15378959476947784,0.17284124941139292
boundary_error,age+lambda_distance,text,4,10,2,0.29598602652549744,0.28710494164805356
boundary_error,age+lambda_distance,text,4,11,3,0.39466753602027893,0.40137928940406514
boundary_error,age+lambda_distance,text,4,13,1,0.14164325594902039,0.1730444280837405
boundary_error,age+lambda_distance,text,4,14,2,0.2655380964279175,0.28722513827751833
boundary_error,age+lambda_distance,text,4,15,3,0.3744671046733856,0.40121424652425625
boundary_error,age+lambda_distance,text,4,17,1,0.1525108367204666,0.17183657294741084
boundary_error,age+lambda_distance,text,4,18,2,0.29345375299453735,0.2837860879319065
boundary_error,age+lambda_distance,text,4,19,3,0.4446244239807129,0.3929599678731629
boundary_error,age+lambda_distance,text,5,1,1,0.08944033086299896,0.17050437397642149
boundary_error,age+lambda_distance,text,5,2,2,0.18118509650230408,0.28264596692364774
boundary_error,age+lambda_distance,text,5,3,3,0.3101634979248047,0.3951645334724155
boundary_error,age+lambda_distance,text,5,4,4,0.5069665312767029,0.5080303342015956
boundary_error,age+lambda_distance,text,5,6,1,0.23425470292568207,0.17222778315272044
boundary_error,age+lambda_distance,text,5,7,2,0.33380892872810364,0.28593220615502996
boundary_error,age+lambda_distance,text,5,8,3,0.45131969451904297,0.39984166683990585
boundary_error,age+lambda_distance,text,5,9,4,0.5312430262565613,0.5139160565876384
boundary_error,age+lambda_distance,text,5,11,1,0.14413754642009735,0.17304120741967186
boundary_error,age+lambda_distance,text,5,12,2,0.25953778624534607,0.2873455198595304
boundary_error,age+lambda_distance,text,5,13,3,0.3614940047264099,0.4016230882796106
boundary_error,age+lambda_distance,text,5,14,4,0.4556148648262024,0.5158037984733884
boundary_error,age+lambda_distance,text,5,16,1,0.1467457115650177,0.17242119905743572
boundary_error,age+lambda_distance,text,5,17,2,0.27538785338401794,0.28549091234118623
boundary_error,age+lambda_distance,text,5,18,3,0.3992975056171417,0.3974404273256819
boundary_error,age+lambda_distance,text,5,19,4,0.5307279825210571,0.5066143072669382
boundary_error,age+lambda_distance,text,5,1,1,0.11533299088478088,0.17050437397642149
boundary_error,age+lambda_distance,text,5,2,2,0.22600124776363373,0.28264596692364774
boundary_error,age+lambda_distance,text,5,3,3,0.3886447250843048,0.3951645334724155
boundary_error,age+lambda_distance,text,5,4,4,0.4949156641960144,0.5080303342015956
boundary_error,age+lambda_distance,text,5,6,1,0.15620510280132294,0.17222778315272044
boundary_error,age+lambda_distance,text,5,7,2,0.29431989789009094,0.28593220615502996
boundary_error,age+lambda_distance,text,5,8,3,0.39619946479797363,0.39984166683990585
boundary_error,age+lambda_distance,text,5,9,4,0.4906338155269623,0.5139160565876384
boundary_error,age+lambda_distance,text,5,11,1,0.14078451693058014,0.17304120741967186
boundary_error,age+lambda_distance,text,5,12,2,0.2630762457847595,0.2873455198595304
boundary_error,age+lambda_distance,text,5,13,3,0.37171995639801025,0.4016230882796106
boundary_error,age+lambda_distance,text,5,14,4,0.46687957644462585,0.5158037984733884
boundary_error,age+lambda_distance,text,5,16,1,0.14819291234016418,0.17242119905743572
boundary_error,age+lambda_distance,text,5,17,2,0.2843118906021118,0.28549091234118623
boundary_error,age+lambda_distance,text,5,18,3,0.4081262946128845,0.3974404273256819
boundary_error,age+lambda_distance,text,5,19,4,0.5398092269897461,0.5066143072669382
boundary_error,intercept,texture,2,1,1,0.13850629329681396,0.2561818560117802
boundary_error,intercept,texture,2,3,1,0.16333279013633728,0.2561818560117802
boundary_error,intercept,texture,2,5,1,0.2371395379304886,0.2561818560117802
boundary_error,intercept,texture,2,7,1,0.5891635417938232,0.2561818560117802
boundary_error,intercept,texture,2,9,1,0.3549570143222809,0.2561818560117802
boundary_error,intercept,texture,2,11,1,0.28782087564468384,0.2561818560117802
boundary_error,intercept,texture,2,13,1,0.21446478366851807,0.2561818560117802
boundary_error,intercept,texture,2,15,1,0.1596069633960724,0.2561818560117802
boundary_error,intercept,texture,2,17,1,0.14767028391361237,0.2561818560117802
boundary_error,intercept,texture,2,19,1,0.17394806444644928,0.2561818560117802
boundary_error,intercept,texture,2,1,1,0.11730785667896271,0.2561818560117802
boundary_error,intercept,texture,2,3,1,0.25127628445625305,0.2561818560117802
boundary_error,intercept,texture,2,5,1,0.4789712131023407,0.2561818560117802
boundary_error,intercept,texture,2,7,1,0.2855982482433319,0.2561818560117802
boundary_error,intercept,texture,2,9,1,0.2986268699169159,0.2561818560117802
boundary_error,intercept,texture,2,11,1,0.23780617117881775,0.2561818560117802
boundary_error,intercept,texture,2,13,1,0.17129260301589966,0.2561818560117802
boundary_error,intercept,texture,2,15,1,0.14246399700641632,0.2561818560117802
boundary_error,intercept,texture,2,17,1,0.13512516021728516,0.2561818560117802
boundary_error,intercept,texture,2,19,1,0.1711621731519699,0.2561818560117802
boundary_error,intercept,texture,3,1,1,0.13850629329681396,0.2561818560117802
boundary_error,intercept,texture,3,2,2,0.24872881174087524,0.2561818560117802
boundary_error,intercept,texture,3,4,1,0.2323746532201767,0.2561818560117802
boundary_error,intercept,texture,3,5,2,0.3287503123283386,0.2561818560117802
boundary_error,intercept,texture,3,7,1,0.5891635417938232,0.2561818560117802
boundary_error,intercept,texture,3,8,2,0.6608274579048157,0.2561818560117802
boundary_error,intercept,texture,3,10,1,0.32318317890167236,0.2561818560117802
boundary_error,intercept,texture,3,11,2,0.48733121156692505,0.2561818560117802
boundary_error,intercept,texture,3,13,1,0.21446478366851807,0.2561818560117802
boundary_error,intercept,texture,3,14,2,0.36368492245674133,0.2561818560117802
boundary_error,intercept,texture,3,16,1,0.15483242273330688,0.2561818560117802
boundary_error,intercept,texture,3,17,2,0.2864150106906891,0.2561818560117802
boundary_error,intercept,texture,3,19,1,0.17394806444644928,0.2561818560117802
boundary_error,intercept,texture,3,1,1,0.11730785667896271,0.2561818560117802
boundary_error,intercept,texture,3,2,2,0.22449703514575958,0.2561818560117802
boundary_error,intercept,texture,3,4,1,0.44514939188957214,0.2561818560117802
boundary_error,intercept,texture,3,5,2,0.6452839374542236,0.2561818560117802
boundary_error,intercept,texture,3,7,1,0.2855982482433319,0.2561818560117802
boundary_error,intercept,texture,3,8,2,0.5224423408508301,0.2561818560117802
boundary_error,intercept,texture,3,10,1,0.27837860584259033,0.2561818560117802
boundary_error,intercept,texture,3,11,2,0.43095090985298157,0.2561818560117802
boundary_error,intercept,texture,3,13,1,0.17129260301589966,0.2561818560117802
boundary_error,intercept,texture,3,14,2,0.29924750328063965,0.2561818560117802
boundary_error,intercept,texture,3,16,1,0.13455955684185028,0.2561818560117802
boundary_error,intercept,texture,3,17,2,0.2586411237716675,0.2561818560117802
boundary_error,intercept,texture,3,19,1,0.1711621731519699,0.2561818560117802
boundary_error,intercept,texture,4,1,1,0.13850629329681396,0.2561818560117802
boundary_error,intercept,texture,4,2,2,0.24872881174087524,0.2561818560117802
boundary_error,intercept,texture,4,3,3,0.360212117433548,0.2561818560117802
boundary_error,intercept,texture,4,5,1,0.2371395379304886,0.2561818560117802
boundary_error,intercept,texture,4,6,2,0.4621107280254364,0.2561818560117802
boundary_error,intercept,texture,4,7,3,0.7118028402328491,0.2561818560117802
boundary_error,intercept,texture,4,9,1,0.3549570143222809,0.2561818560117802
boundary_error,intercept,texture,4,10,2,0.5182273387908936,0.2561818560117802
boundary_error,intercept,texture,4,11,3,0.6248388886451721,0.2561818560117802
boundary_error,intercept,texture,4,13,1,0.21446478366851807,0.2561818560117802
boundary_error,intercept,texture,4,14,2,0.36368492245674133,0.2561818560117802
boundary_error,intercept,texture,4,15,3,0.46721842885017395,0.2561818560117802
boundary_error,intercept,texture,4,17,1,0.14767028391361237,0.2561818560117802
boundary_error,intercept,texture,4,18,2,0.2838592231273651,0.2561818560117802
boundary_error,intercept,texture,4,19,3,0.422596275806427,0.2561818560117802
boundary_error,intercept,texture,4,1,1,0.11730785667896271,0.2561818560117802
boundary_error,intercept,texture,4,2,2,0.22449703514575958,0.2561818560117802
boundary_error,intercept,texture,4,3,3,0.3974248468875885,0.2561818560117802
boundary_error,intercept,texture,4,5,1,0.4789712131023407,0.2561818560117802
boundary_error,intercept,texture,4,6,2,0.5404630899429321,0.2561818560117802
boundary_error,intercept,texture,4,7,3,0.6313542723655701,0.2561818560117802
boundary_error,intercept,texture,4,9,1,0.2986268699169159,0.2561818560117802
boundary_error,intercept,texture,4,10,2,0.46509045362472534,0.2561818560117802
boundary_error,intercept,texture,4,11,3,0.5656938552856445,0.2561818560117802
boundary_error,intercept,texture,4,13,1,0.17129260301589966,0.2561818560117802
boundary_error,intercept,texture,4,14,2,0.29924750328063965,0.2561818560117802
boundary_error,intercept,texture,4,15,3,0.399968683719635,0.2561818560117802
boundary_error,intercept,texture,4,17,1,0.13512516021728516,0.2561818560117802
boundary_error,intercept,texture,4,18,2,0.26787346601486206,0.2561818560117802
boundary_error,intercept,texture,4,19,3,0.40766265988349915,0.2561818560117802
boundary_error,intercept,texture,5,1,1,0.13850629329681396,0.2561818560117802
boundary_error,intercept,texture,5,2,2,0.24872881174087524,0.2561818560117802
boundary_error,intercept,texture,5,3,3,0.360212117433548,0.2561818560117802
boundary_error,intercept,texture,5,4,4,0.4831814467906952,0.2561818560117802
boundary_error,intercept,texture,5,6,1,0.36603015661239624,0.2561818560117802
boundary_error,intercept,texture,5,7,2,0.6730610728263855,0.2561818560117802
boundary_error,intercept,texture,5,8,3,0.7373692393302917,0.2561818560117802
boundary_error,intercept,texture,5,9,4,0.7755197882652283,0.2561818560117802
boundary_error,intercept,texture,5,11,1,0.28782087564468384,0.2561818560117802
boundary_error,intercept,texture,5,12,2,0.43551015853881836,0.2561818560117802
boundary_error,intercept,texture,5,13,3,0.5473185777664185,0.2561818560117802
boundary_error,intercept,texture,5,14,4,0.6330966353416443,0.2561818560117802
boundary_error,intercept,texture,5,16,1,0.15483242273330688,0.2561818560117802
boundary_error,intercept,texture,5,17,2,0.2864150106906891,0.2561818560117802
boundary_error,intercept,texture,5,18,3,0.4045901894569397,0.2561818560117802
boundary_error,intercept,texture,5,19,4,0.5243374109268188,0.2561818560117802
boundary_error,intercept,texture,5,1,1,0.11730785667896271,0.2561818560117802
boundary_error,intercept,texture,5,2,2,0.22449703514575958,0.2561818560117802
boundary_error,intercept,texture,5,3,3,0.3974248468875885,0.2561818560117802
boundary_error,intercept,texture,5,4,4,0.5938330292701721,0.2561818560117802
boundary_error,intercept,texture,5,6,1,0.31830331683158875,0.2561818560117802
boundary_error,intercept,texture,5,7,2,0.4560678005218506,0.2561818560117802
boundary_error,intercept,texture,5,8,3,0.609891414642334,0.2561818560117802
boundary_error,intercept,texture,5,9,4,0.6787768006324768,0.2561818560117802
boundary_error,intercept,texture,5,11,1,0.23780617117881775,0.2561818560117802
boundary_error,intercept,texture,5,12,2,0.38042157888412476,0.2561818560117802
boundary_error,intercept,texture,5,13,3,0.48070061206817627,0.2561818560117802
boundary_error,intercept,texture,5,14,4,0.5558128952980042,0.2561818560117802
boundary_error,intercept,texture,5,16,1,0.13455955684185028,0.2561818560117802
boundary_error,intercept,texture,5,17,2,0.2586411237716675,0.2561818560117802
boundary_error,intercept,texture,5,18,3,0.37720707058906555,0.2561818560117802
boundary_error,intercept,texture,5,19,4,0.5009005069732666,0.2561818560117802
boundary_error,age,texture,2,1,1,0.13850629329681396,0.16280866345368147
boundary_error,age,texture,2,3,1,0.16333279013633728,0.16280866345368147
boundary_error,age,texture,2,5,1,0.2371395379304886,0.16280866345368147
boundary_error,age,texture,2,7,1,0.5891635417938232,0.16280866345368147
boundary_error,age,texture,2,9,1,0.3549570143222809,0.16280866345368147
boundary_error,age,texture,2,11,1,0.28782087564468384,0.16280866345368147
boundary_error,age,texture,2,13,1,0.21446478366851807,0.16280866345368147
boundary_error,age,texture,2,15,1,0.1596069633960724,0.16280866345368147
boundary_error,age,texture,2,17,1,0.14767028391361237,0.16280866345368147
boundary_error,age,texture,2,19,1,0.17394806444644928,0.16280866345368147
boundary_error,age,texture,2,1,1,0.11730785667896271,0.16280866345368147
boundary_error,age,texture,2,3,1,0.25127628445625305,0.16280866345368147
boundary_error,age,texture,2,5,1,0.4789712131023407,0.16280866345368147
boundary_error,age,texture,2,7,1,0.2855982482433319,0.16280866345368147
boundary_error,age,texture,2,9,1,0.2986268699169159,0.16280866345368147
boundary_error,age,texture,2,11,1,0.23780617117881775,0.16280866345368147
boundary_error,age,texture,2,13,1,0.17129260301589966,0.16280866345368147
boundary_error,age,texture,2,15,1,0.14246399700641632,0.16280866345368147
boundary_error,age,texture,2,17,1,0.13512516021728516,0.16280866345368147
boundary_error,age,texture,2,19,1,0.1711621731519699,0.16280866345368147
boundary_error,age,texture,3,1,1,0.13850629329681396,0.16280866345368147
boundary_error,age,texture,3,2,2,0.24872881174087524,0.2748564945234
boundary_error,age,texture,3,4,1,0.2323746532201767,0.16280866345368147
boundary_error,age,texture,3,5,2,0.3287503123283386,0.2748564945234
boundary_error,age,texture,3,7,1,0.5891635417938232,0.16280866345368147
boundary_error,age,texture,3,8,2,0.6608274579048157,0.2748564945234
boundary_error,age,texture,3,10,1,0.32318317890167236,0.16280866345368147
boundary_error,age,texture,3,11,2,0.48733121156692505,0.2748564945234
boundary_error,age,texture,3,13,1,0.21446478366851807,0.16280866345368147
boundary_error,age,texture,3,14,2,0.36368492245674133,0.2748564945234
boundary_error,age,texture,3,16,1,0.15483242273330688,0.16280866345368147
boundary_error,age,texture,3,17,2,0.2864150106906891,0.2748564945234
boundary_error,age,texture,3,19,1,0.17394806444644928,0.16280866345368147
boundary_error,age,texture,3,1,1,0.11730785667896271,0.16280866345368147
boundary_error,age,texture,3,2,2,0.22449703514575958,0.2748564945234
boundary_error,age,texture,3,4,1,0.44514939188957214,0.16280866345368147
boundary_error,age,texture,3,5,2,0.6452839374542236,0.2748564945234
boundary_error,age,texture,3,7,1,0.2855982482433319,0.16280866345368147
boundary_error,age,texture,3,8,2,0.5224423408508301,0.2748564945234
boundary_error,age,texture,3,10,1,0.27837860584259033,0.16280866345368147
boundary_error,age,texture,3,11,2,0.43095090985298157,0.2748564945234
boundary_error,age,texture,3,13,1,0.17129260301589966,0.16280866345368147
boundary_error,age,texture,3,14,2,0.29924750328063965,0.2748564945234
boundary_error,age,texture,3,16,1,0.13455955684185028,0.16280866345368147
boundary_error,age,texture,3,17,2,0.2586411237716675,0.2748564945234
boundary_error,age,texture,3,19,1,0.1711621731519699,0.16280866345368147
boundary_error,age,texture,4,1,1,0.13850629329681396,0.16280866345368147
boundary_error,age,texture,4,2,2,0.24872881174087524,0.2748564945234
boundary_error,age,texture,4,3,3,0.360212117433548,0.3869043255931185
boundary_error,age,texture,4,5,1,0.2371395379304886,0.16280866345368147
boundary_error,age,texture,4,6,2,0.4621107280254364,0.2748564945234
boundary_error,age,texture,4,7,3,0.7118028402328491,0.3869043255931185
boundary_error,age,texture,4,9,1,0.3549570143222809,0.16280866345368147
boundary_error,age,texture,4,10,2,0.5182273387908936,0.2748564945234
boundary_error,age,texture,4,11,3,0.6248388886451721,0.3869043255931185
boundary_error,age,texture,4,13,1,0.21446478366851807,0.16280866345368147
boundary_error,age,texture,4,14,2,0.36368492245674133,0.2748564945234
boundary_error,age,texture,4,15,3,0.46721842885017395,0.3869043255931185
boundary_error,age,texture,4,17,1,0.14767028391361237,0.16280866345368147
boundary_error,age,texture,4,18,2,0.2838592231273651,0.2748564945234
boundary_error,age,texture,4,19,3,0.422596275806427,0.3869043255931185
boundary_error,age,texture,4,1,1,0.11730785667896271,0.16280866345368147
boundary_error,age,texture,4,2,2,0.22449703514575958,0.2748564945234
boundary_error,age,texture,4,3,3,0.3974248468875885,0.3869043255931185
boundary_error,age,texture,4,5,1,0.4789712131023407,0.16280866345368147
boundary_error,age,texture,4,6,2,0.5404630899429321,0.2748564945234
boundary_error,age,texture,4,7,3,0.6313542723655701,0.3869043255931185
boundary_error,age,texture,4,9,1,0.2986268699169159,0.16280866345368147
boundary_error,age,texture,4,10,2,0.46509045362472534,0.2748564945234
boundary_error,age,texture,4,11,3,0.5656938552856445,0.3869043255931185
boundary_error,age,texture,4,13,1,0.17129260301589966,0.16280866345368147
boundary_error,age,texture,4,14,2,0.29924750328063965,0.2748564945234
boundary_error,age,texture,4,15,3,0.399968683719635,0.3869043255931185
boundary_error,age,texture,4,17,1,0.13512516021728516,0.16280866345368147
boundary_error,age,texture,4,18,2,0.26787346601486206,0.2748564945234
boundary_error,age,texture,4,19,3,0.40766265988349915,0.3869043255931185
boundary_error,age,texture,5,1,1,0.13850629329681396,0.16280866345368147
boundary_error,age,texture,5,2,2,0.24872881174087524,0.2748564945234
boundary_error,age,texture,5,3,3,0.360212117433548,0.3869043255931185
boundary_error,age,texture,5,4,4,0.4831814467906952,0.4989521566628371
boundary_error,age,texture,5,6,1,0.36603015661239624,0.16280866345368147
boundary_error,age,texture,5,7,2,0.6730610728263855,0.2748564945234
boundary_error,age,texture,5,8,3,0.7373692393302917,0.3869043255931185
boundary_error,age,texture,5,9,4,0.7755197882652283,0.4989521566628371
boundary_error,age,texture,5,11,1,0.28782087564468384,0.16280866345368147
boundary_error,age,texture,5,12,2,0.43551015853881836,0.2748564945234
boundary_error,age,texture,5,13,3,0.5473185777664185,0.3869043255931185
boundary_error,age,texture,5,14,4,0.6330966353416443,0.4989521566628371
boundary_error,age,texture,5,16,1,0.15483242273330688,0.16280866345368147
boundary_error,age,texture,5,17,2,0.2864150106906891,0.2748564945234
boundary_error,age,texture,5,18,3,0.4045901894569397,0.3869043255931185
boundary_error,age,texture,5,19,4,0.5243374109268188,0.4989521566628371
boundary_error,age,texture,5,1,1,0.11730785667896271,0.16280866345368147
boundary_error,age,texture,5,2,2,0.22449703514575958,0.2748564945234
boundary_error,age,texture,5,3,3,0.3974248468875885,0.3869043255931185
boundary_error,age,texture,5,4,4,0.5938330292701721,0.4989521566628371
boundary_error,age,texture,5,6,1,0.31830331683158875,0.16280866345368147
boundary_error,age,texture,5,7,2,0.4560678005218506,0.2748564945234
boundary_error,age,texture,5,8,3,0.609891414642334,0.3869043255931185
boundary_error,age,texture,5,9,4,0.6787768006324768,0.4989521566628371
boundary_error,age,texture,5,11,1,0.23780617117881775,0.16280866345368147
boundary_error,age,texture,5,12,2,0.38042157888412476,0.2748564945234
boundary_error,age,texture,5,13,3,0.48070061206817627,0.3869043255931185
boundary_error,age,texture,5,14,4,0.5558128952980042,0.4989521566628371
boundary_error,age,texture,5,16,1,0.13455955684185028,0.16280866345368147
boundary_error,age,texture,5,17,2,0.2586411237716675,0.2748564945234
boundary_error,age,texture,5,18,3,0.37720707058906555,0.3869043255931185
boundary_error,age,texture,5,19,4,0.5009005069732666,0.4989521566628371
boundary_error,lambda_distance,texture,2,1,1,0.13850629329681396,0.20975317313888048
boundary_error,lambda_distance,texture,2,3,1,0.16333279013633728,0.19353988593441157
boundary_error,lambda_distance,texture,2,5,1,0.2371395379304886,0.17979496911647092
boundary_error,lambda_distance,texture,2,7,1,0.5891635417938232,0.1689235665921239
boundary_error,lambda_distance,texture,2,9,1,0.3549570143222809,0.1612436998391435
boundary_error,lambda_distance,texture,2,11,1,0.28782087564468384,0.15709291904932632
boundary_error,lambda_distance,texture,2,13,1,0.21446478366851807,0.1570260636597295
boundary_error,lambda_distance,texture,2,15,1,0.1596069633960724,0.16301399560825253
boundary_error,lambda_distance,texture,2,17,1,0.14767028391361237,0.18209903743013023
boundary_error,lambda_distance,texture,2,19,1,0.17394806444644928,0.2629697679276915
boundary_error,lambda_distance,texture,2,1,1,0.11730785667896271,0.20975317313888048
boundary_error,lambda_distance,texture,2,3,1,0.25127628445625305,0.19353988593441157
boundary_error,lambda_distance,texture,2,5,1,0.4789712131023407,0.17979496911647092
boundary_error,lambda_distance,texture,2,7,1,0.2855982482433319,0.1689235665921239
boundary_error,lambda_distance,texture,2,9,1,0.2986268699169159,0.1612436998391435
boundary_error,lambda_distance,texture,2,11,1,0.23780617117881775,0.15709291904932632
boundary_error,lambda_distance,texture,2,13,1,0.17129260301589966,0.1570260636597295
boundary_error,lambda_distance,texture,2,15,1,0.14246399700641632,0.16301399560825253
boundary_error,lambda_distance,texture,2,17,1,0.13512516021728516,0.18209903743013023
boundary_error,lambda_distance,texture,2,19,1,0.1711621731519699,0.2629697679276915
boundary_error,lambda_distance,texture,3,1,1,0.13850629329681396,0.20975317313888048
boundary_error,lambda_distance,texture,3,2,2,0.24872881174087524,0.32229280824080453
boundary_error,lambda_distance,texture,3,4,1,0.2323746532201767,0.18633190772924257
boundary_error,lambda_distance,texture,3,5,2,0.3287503123283386,0.2773013091028676
boundary_error,lambda_distance,texture,3,7,1,0.5891635417938232,0.1689235665921239
boundary_error,lambda_distance,texture,3,8,2,0.6608274579048157,0.2447653394401996
boundary_error,lambda_distance,texture,3,10,1,0.32318317890167236,0.1573141091152205
boundary_error,lambda_distance,texture,3,11,2,0.48733121156692505,0.22558146042170094
boundary_error,lambda_distance,texture,3,13,1,0.21446478366851807,0.1570260636597295
boundary_error,lambda_distance,texture,3,14,2,0.36368492245674133,0.22723716804652028
boundary_error,lambda_distance,texture,3,16,1,0.15483242273330688,0.16996321527625197
boundary_error,lambda_distance,texture,3,17,2,0.2864150106906891,0.2632366849635363
boundary_error,lambda_distance,texture,3,19,1,0.17394806444644928,0.2629697679276915
boundary_error,lambda_distance,texture,3,1,1,0.11730785667896271,0.20975317313888048
boundary_error,lambda_distance,texture,3,2,2,0.22449703514575958,0.32229280824080453
boundary_error,lambda_distance,texture,3,4,1,0.44514939188957214,0.18633190772924257
boundary_error,lambda_distance,texture,3,5,2,0.6452839374542236,0.2773013091028676
boundary_error,lambda_distance,texture,3,7,1,0.2855982482433319,0.1689235665921239
boundary_error,lambda_distance,texture,3,8,2,0.5224423408508301,0.2447653394401996
boundary_error,lambda_distance,texture,3,10,1,0.27837860584259033,0.1573141091152205
boundary_error,lambda_distance,texture,3,11,2,0.43095090985298157,0.22558146042170094
boundary_error,lambda_distance,texture,3,13,1,0.17129260301589966,0.1570260636597295
boundary_error,lambda_distance,texture,3,14,2,0.29924750328063965,0.22723716804652028
boundary_error,lambda_distance,texture,3,16,1,0.13455955684185028,0.16996321527625197
boundary_error,lambda_distance,texture,3,17,2,0.2586411237716675,0.2632366849635363
boundary_error,lambda_distance,texture,3,19,1,0.1711621731519699,0.2629697679276915
boundary_error,lambda_distance,texture,4,1,1,0.13850629329681396,0.20975317313888048
boundary_error,lambda_distance,texture,4,2,2,0.24872881174087524,0.32229280824080453
boundary_error,lambda_distance,texture,4,3,3,0.360212117433548,0.42700712643237015
boundary_error,lambda_distance,texture,4,5,1,0.2371395379304886,0.17979496911647092
boundary_error,lambda_distance,texture,4,6,2,0.4621107280254364,0.26494759473776325
boundary_error,lambda_distance,texture,4,7,3,0.7118028402328491,0.34504559358704123
boundary_error,lambda_distance,texture,4,9,1,0.3549570143222809,0.1612436998391435
boundary_error,lambda_distance,texture,4,10,2,0.5182273387908936,0.2297322412115181
boundary_error,lambda_distance,texture,4,11,3,0.6248388886451721,0.29799959251799857
boundary_error,lambda_distance,texture,4,13,1,0.21446478366851807,0.1570260636597295
boundary_error,lambda_distance,texture,4,14,2,0.36368492245674133,0.22723716804652028
boundary_error,lambda_distance,texture,4,15,3,0.46721842885017395,0.3014255959119269
boundary_error,lambda_distance,texture,4,17,1,0.14767028391361237,0.18209903743013023
boundary_error,lambda_distance,texture,4,18,2,0.2838592231273651,0.2986258772692466
boundary_error,lambda_distance,texture,4,19,3,0.422596275806427,0.4727700774540922
boundary_error,lambda_distance,texture,4,1,1,0.11730785667896271,0.20975317313888048
boundary_error,lambda_distance,texture,4,2,2,0.22449703514575958,0.32229280824080453
boundary_error,lambda_distance,texture,4,3,3,0.3974248468875885,0.42700712643237015
boundary_error,lambda_distance,texture,4,5,1,0.4789712131023407,0.17979496911647092
boundary_error,lambda_distance,texture,4,6,2,0.5404630899429321,0.26494759473776325
boundary_error,lambda_distance,texture,4,7,3,0.6313542723655701,0.34504559358704123
boundary_error,lambda_distance,texture,4,9,1,0.2986268699169159,0.1612436998391435
boundary_error,lambda_distance,texture,4,10,2,0.46509045362472534,0.2297322412115181
boundary_error,lambda_distance,texture,4,11,3,0.5656938552856445,0.29799959251799857
boundary_error,lambda_distance,texture,4,13,1,0.17129260301589966,0.1570260636597295
boundary_error,lambda_distance,texture,4,14,2,0.29924750328063965,0.22723716804652028
boundary_error,lambda_distance,texture,4,15,3,0.399968683719635,0.3014255959119269
boundary_error,lambda_distance,texture,4,17,1,0.13512516021728516,0.18209903743013023
boundary_error,lambda_distance,texture,4,18,2,0.26787346601486206,0.2986258772692466
boundary_error,lambda_distance,texture,4,19,3,0.40766265988349915,0.4727700774540922
boundary_error,lambda_distance,texture,5,1,1,0.13850629329681396,0.20975317313888048
boundary_error,lambda_distance,texture,5,2,2,0.24872881174087524,0.32229280824080453
boundary_error,lambda_distance,texture,5,3,3,0.360212117433548,0.42700712643237015
boundary_error,lambda_distance,texture,5,4,4,0.4831814467906952,0.524513466418767
boundary_error,lambda_distance,texture,5,6,1,0.36603015661239624,0.17397819336413822
boundary_error,lambda_distance,texture,5,7,2,0.6730610728263855,0.25407619221341626
boundary_error,lambda_distance,texture,5,8,3,0.7373692393302917,0.32991796506149196
boundary_error,lambda_distance,texture,5,9,4,0.7755197882652283,0.4023360971577896
boundary_error,lambda_distance,texture,5,11,1,0.28782087564468384,0.15709291904932632
boundary_error,lambda_distance,texture,5,12,2,0.43551015853881836,0.2247382555880282
boundary_error,lambda_distance,texture,5,13,3,0.5473185777664185,0.2929387515049118
boundary_error,lambda_distance,texture,5,14,4,0.6330966353416443,0.3631498558917026
boundary_error,lambda_distance,texture,5,16,1,0.15483242273330688,0.16996321527625197
boundary_error,lambda_distance,texture,5,17,2,0.2864150106906891,0.2632366849635363
boundary_error,lambda_distance,texture,5,18,3,0.4045901894569397,0.3797635248026527
boundary_error,lambda_distance,texture,5,19,4,0.5243374109268188,0.5539077249874983
boundary_error,lambda_distance,texture,5,1,1,0.11730785667896271,0.20975317313888048
boundary_error,lambda_distance,texture,5,2,2,0.22449703514575958,0.32229280824080453
boundary_error,lambda_distance,texture,5,3,3,0.3974248468875885,0.42700712643237015
boundary_error,lambda_distance,texture,5,4,4,0.5938330292701721,0.524513466418767
boundary_error,lambda_distance,texture,5,6,1,0.31830331683158875,0.17397819336413822
boundary_error,lambda_distance,texture,5,7,2,0.4560678005218506,0.25407619221341626
boundary_error,lambda_distance,texture,5,8,3,0.609891414642334,0.32991796506149196
boundary_error,lambda_distance,texture,5,9,4,0.6787768006324768,0.4023360971577896
boundary_error,lambda_distance,texture,5,11,1,0.23780617117881775,0.15709291904932632
boundary_error,lambda_distance,texture,5,12,2,0.38042157888412476,0.2247382555880282
boundary_error,lambda_distance,texture,5,13,3,0.48070061206817627,0.2929387515049118
boundary_error,lambda_distance,texture,5,14,4,0.5558128952980042,0.3631498558917026
boundary_error,lambda_distance,texture,5,16,1,0.13455955684185028,0.16996321527625197
boundary_error,lambda_distance,texture,5,17,2,0.2586411237716675,0.2632366849635363
boundary_error,lambda_distance,texture,5,18,3,0.37720707058906555,0.3797635248026527
boundary_error,lambda_distance,texture,5,19,4,0.5009005069732666,0.5539077249874983
boundary_error,age+lambda_distance,texture,2,1,1,0.13850629329681396,0.16533639585852913
boundary_error,age+lambda_distance,texture,2,3,1,0.16333279013633728,0.16395402518599383
boundary_error,age+lambda_distance,texture,2,5,1,0.2371395379304886,0.16278211170133533
boundary_error,age+lambda_distance,texture,2,7,1,0.5891635417938232,0.1618551986189074
boundary_error,age+lambda_distance,texture,2,9,1,0.3549570143222809,0.1612004009560761
boundary_error,age+lambda_distance,texture,2,11,1,0.28782087564468384,0.16084649877944748
boundary_error,age+lambda_distance,texture,2,13,1,0.21446478366851807,0.1608407985825217
boundary_error,age+lambda_distance,texture,2,15,1,0.1596069633960724,0.1613513391909983
boundary_error,age+lambda_distance,texture,2,17,1,0.14767028391361237,0.16297856023297194
boundary_error,age+lambda_distance,texture,2,19,1,0.17394806444644928,0.1698737274311155
boundary_error,age+lambda_distance,texture,2,1,1,0.11730785667896271,0.16533639585852913
boundary_error,age+lambda_distance,texture,2,3,1,0.25127628445625305,0.16395402518599383
boundary_error,age+lambda_distance,texture,2,5,1,0.4789712131023407,0.16278211170133533
boundary_error,age+lambda_distance,texture,2,7,1,0.2855982482433319,0.1618551986189074
boundary_error,age+lambda_distance,texture,2,9,1,0.2986268699169159,0.1612004009560761
boundary_error,age+lambda_distance,texture,2,11,1,0.23780617117881775,0.16084649877944748
boundary_error,age+lambda_distance,texture,2,13,1,0.17129260301589966,0.1608407985825217
boundary_error,age+lambda_distance,texture,2,15,1,0.14246399700641632,0.1613513391909983
boundary_error,age+lambda_distance,texture,2,17,1,0.13512516021728516,0.16297856023297194
boundary_error,age+lambda_distance,texture,2,19,1,0.1711621731519699,0.1698737274311155
boundary_error,age+lambda_distance,texture,3,1,1,0.13850629329681396,0.16533639585852913
boundary_error,age+lambda_distance,texture,3,2,2,0.24872881174087524,0.27919595637359385
boundary_error,age+lambda_distance,texture,3,4,1,0.2323746532201767,0.1633394614918188
boundary_error,age+lambda_distance,texture,3,5,2,0.3287503123283386,0.27535990954747347
boundary_error,age+lambda_distance,texture,3,7,1,0.5891635417938232,0.1618551986189074
boundary_error,age+lambda_distance,texture,3,8,2,0.6608274579048157,0.27258584098895355
boundary_error,age+lambda_distance,texture,3,10,1,0.32318317890167236,0.1608653577965174
boundary_error,age+lambda_distance,texture,3,11,2,0.48733121156692505,0.2709501929302842
boundary_error,age+lambda_distance,texture,3,13,1,0.21446478366851807,0.1608407985825217
boundary_error,age+lambda_distance,texture,3,14,2,0.36368492245674133,0.2710913611976429
boundary_error,age+lambda_distance,texture,3,16,1,0.15483242273330688,0.16194384072044757
boundary_error,age+lambda_distance,texture,3,17,2,0.2864150106906891,0.2741607373077389
boundary_error,age+lambda_distance,texture,3,19,1,0.17394806444644928,0.1698737274311155
boundary_error,age+lambda_distance,texture,3,1,1,0.11730785667896271,0.16533639585852913
boundary_error,age+lambda_distance,texture,3,2,2,0.22449703514575958,0.27919595637359385
boundary_error,age+lambda_distance,texture,3,4,1,0.44514939188957214,0.1633394614918188
boundary_error,age+lambda_distance,texture,3,5,2,0.6452839374542236,0.27535990954747347
boundary_error,age+lambda_distance,texture,3,7,1,0.2855982482433319,0.1618551986189074
boundary_error,age+lambda_distance,texture,3,8,2,0.5224423408508301,0.27258584098895355
boundary_error,age+lambda_distance,texture,3,10,1,0.27837860584259033,0.1608653577965174
boundary_error,age+lambda_distance,texture,3,11,2,0.43095090985298157,0.2709501929302842
boundary_error,age+lambda_distance,texture,3,13,1,0.17129260301589966,0.1608407985825217
boundary_error,age+lambda_distance,texture,3,14,2,0.29924750328063965,0.2710913611976429
boundary_error,age+lambda_distance,texture,3,16,1,0.13455955684185028,0.16194384072044757
boundary_error,age+lambda_distance,texture,3,17,2,0.2586411237716675,0.2741607373077389
boundary_error,age+lambda_distance,texture,3,19,1,0.1711621731519699,0.1698737274311155
boundary_error,age+lambda_distance,texture,4,1,1,0.13850629329681396,0.16533639585852913
boundary_error,age+lambda_distance,texture,4,2,2,0.24872881174087524,0.27919595637359385
boundary_error,age+lambda_distance,texture,4,3,3,0.360212117433548,0.392388317913907
boundary_error,age+lambda_distance,texture,4,5,1,0.2371395379304886,0.16278211170133533
boundary_error,age+lambda_distance,texture,4,6,2,0.4621107280254364,0.27430661219821717
boundary_error,age+lambda_distance,texture,4,7,3,0.7118028402328491,0.3854001471714439
boundary_error,age+lambda_distance,texture,4,9,1,0.3549570143222809,0.1612004009560761
boundary_error,age+lambda_distance,texture,4,10,2,0.5182273387908936,0.27130409510691283
boundary_error,age+lambda_distance,texture,4,11,3,0.6248388886451721,0.3813889302406796
boundary_error,age+lambda_distance,texture,4,13,1,0.21446478366851807,0.1608407985825217
boundary_error,age+lambda_distance,texture,4,14,2,0.36368492245674133,0.2710913611976429
boundary_error,age+lambda_distance,texture,4,15,3,0.46721842885017395,0.3816810367429605
boundary_error,age+lambda_distance,texture,4,17,1,0.14767028391361237,0.16297856023297194
boundary_error,age+lambda_distance,texture,4,18,2,0.2838592231273651,0.2771780761700666
boundary_error,age+lambda_distance,texture,4,19,3,0.422596275806427,0.39629013995550144
boundary_error,age+lambda_distance,texture,4,1,1,0.11730785667896271,0.16533639585852913
boundary_error,age+lambda_distance,texture,4,2,2,0.22449703514575958,0.27919595637359385
boundary_error,age+lambda_distance,texture,4,3,3,0.3974248468875885,0.392388317913907
boundary_error,age+lambda_distance,texture,4,5,1,0.4789712131023407,0.16278211170133533
boundary_error,age+lambda_distance,texture,4,6,2,0.5404630899429321,0.27430661219821717
boundary_error,age+lambda_distance,texture,4,7,3,0.6313542723655701,0.3854001471714439
boundary_error,age+lambda_distance,texture,4,9,1,0.2986268699169159,0.1612004009560761
boundary_error,age+lambda_distance,texture,4,10,2,0.46509045362472534,0.27130409510691283
boundary_error,age+lambda_distance,texture,4,11,3,0.5656938552856445,0.3813889302406796
boundary_error,age+lambda_distance,texture,4,13,1,0.17129260301589966,0.1608407985825217
boundary_error,age+lambda_distance,texture,4,14,2,0.29924750328063965,0.2710913611976429
boundary_error,age+lambda_distance,texture,4,15,3,0.399968683719635,0.3816810367429605
boundary_error,age+lambda_distance,texture,4,17,1,0.13512516021728516,0.16297856023297194
boundary_error,age+lambda_distance,texture,4,18,2,0.26787346601486206,0.2771780761700666
boundary_error,age+lambda_distance,texture,4,19,3,0.40766265988349915,0.39629013995550144
boundary_error,age+lambda_distance,texture,5,1,1,0.13850629329681396,0.16533639585852913
boundary_error,age+lambda_distance,texture,5,2,2,0.24872881174087524,0.27919595637359385
boundary_error,age+lambda_distance,texture,5,3,3,0.360212117433548,0.392388317913907
boundary_error,age+lambda_distance,texture,5,4,4,0.4831814467906952,0.5049661157600451
boundary_error,age+lambda_distance,texture,5,6,1,0.36603015661239624,0.1622861641425625
boundary_error,age+lambda_distance,texture,5,7,2,0.6730610728263855,0.27337969911578924
boundary_error,age+lambda_distance,texture,5,8,3,0.7373692393302917,0.38411034148583534
boundary_error,age+lambda_distance,texture,5,9,4,0.7755197882652283,0.4945490787962308
boundary_error,age+lambda_distance,texture,5,11,1,0.28782087564468384,0.16084649877944748
boundary_error,age+lambda_distance,texture,5,12,2,0.43551015853881836,0.27087829994409895
boundary_error,age+lambda_distance,texture,5,13,3,0.5473185777664185,0.38095743488093997
boundary_error,age+lambda_distance,texture,5,14,4,0.6330966353416443,0.49120799749606114
boundary_error,age+lambda_distance,texture,5,16,1,0.15483242273330688,0.16194384072044757
boundary_error,age+lambda_distance,texture,5,17,2,0.2864150106906891,0.2741607373077389
boundary_error,age+lambda_distance,texture,5,18,3,0.4045901894569397,0.38836025324483353
boundary_error,age+lambda_distance,texture,5,19,4,0.5243374109268188,0.5074723170302684
boundary_error,age+lambda_distance,texture,5,1,1,0.11730785667896271,0.16533639585852913
boundary_error,age+lambda_distance,texture,5,2,2,0.22449703514575958,0.27919595637359385
boundary_error,age+lambda_distance,texture,5,3,3,0.3974248468875885,0.392388317913907
boundary_error,age+lambda_distance,texture,5,4,4,0.5938330292701721,0.5049661157600451
boundary_error,age+lambda_distance,texture,5,6,1,0.31830331683158875,0.1622861641425625
boundary_error,age+lambda_distance,texture,5,7,2,0.4560678005218506,0.27337969911578924
boundary_error,age+lambda_distance,texture,5,8,3,0.609891414642334,0.38411034148583534
boundary_error,age+lambda_distance,texture,5,9,4,0.6787768006324768,0.4945490787962308
boundary_error,age+lambda_distance,texture,5,11,1,0.23780617117881775,0.16084649877944748
boundary_error,age+lambda_distance,texture,5,12,2,0.38042157888412476,0.27087829994409895
boundary_error,age+lambda_distance,texture,5,13,3,0.48070061206817627,0.38095743488093997
boundary_error,age+lambda_distance,texture,5,14,4,0.5558128952980042,0.49120799749606114
boundary_error,age+lambda_distance,texture,5,16,1,0.13455955684185028,0.16194384072044757
boundary_error,age+lambda_distance,texture,5,17,2,0.2586411237716675,0.2741607373077389
boundary_error,age+lambda_distance,texture,5,18,3,0.37720707058906555,0.38836025324483353
boundary_error,age+lambda_distance,texture,5,19,4,0.5009005069732666,0.5074723170302684
