index,timestep,refresh,age,lambda_value,delta_lambda,lambda_distance,conv_previous,conv_cache,noise_error,guided_noise_error,boundary_error,boundary_uncond_error,boundary_cond_error,mid_error,mid_uncond_error,mid_cond_error,case,prompt_id,seed
0,999,True,0,-2.6820242404937744,0.0,0.0,0.0,0.0,0.0,0.0,0.0,0.0,0.0,0.0,0.0,0.0,portrait_101,portrait,101
1,949,False,1,-2.3891515731811523,0.29287266731262207,0.29287266731262207,0.040193624794483185,0.040193624794483185,0.006072300020605326,0.039779625833034515,0.10528232902288437,0.09734437614679337,0.11310914158821106,0.385252445936203,0.42042791843414307,0.355200856924057,portrait_101,portrait,101
2,899,False,2,-2.116593599319458,0.27255797386169434,0.5654306411743164,0.07331649959087372,0.1110411211848259,0.020415635779500008,0.08110732585191727,0.2820061147212982,0.30085334181785583,0.2634655833244324,0.818255603313446,0.9259617328643799,0.7205406427383423,portrait_101,portrait,101
3,849,False,3,-1.8629876375198364,0.2536059617996216,0.819036602973938,0.07094042748212814,0.16258765757083893,0.03280486539006233,0.11146029084920883,0.3853030204772949,0.38468047976493835,0.38590359687805176,0.937995433807373,1.0277013778686523,0.8628530502319336,portrait_101,portrait,101
4,799,True,0,-1.6268385648727417,0.23614907264709473,0.0,0.10663224011659622,0.0,0.0,0.0,0.0,0.0,0.0,0.0,0.0,0.0,portrait_101,portrait,101
5,749,False,1,-1.406521201133728,0.22031736373901367,0.22031736373901367,0.056603070348501205,0.056603070348501205,0.012853948399424553,0.03254372254014015,0.13448776304721832,0.1407794952392578,0.1282414048910141,0.2194444090127945,0.25807273387908936,0.18092074990272522,portrait_101,portrait,101
6,699,False,2,-1.200291395187378,0.2062298059463501,0.42654716968536377,0.06956260651350021,0.12387003004550934,0.024928104132413864,0.062367066740989685,0.24291525781154633,0.25300347805023193,0.2329149693250656,0.4271375834941864,0.49988386034965515,0.3550403416156769,portrait_101,portrait,101
7,649,False,3,-1.006303310394287,0.19398808479309082,0.6205352544784546,0.073826864361763,0.1979098618030548,0.03916575387120247,0.07631023973226547,0.3381662666797638,0.3512239158153534,0.32520246505737305,0.5710041522979736,0.6567233204841614,0.48600760102272034,portrait_101,portrait,101
8,599,True,0,-0.8226233124732971,0.18367999792099,0.0,0.07517863065004349,0.0,0.0,0.0,0.0,0.0,0.0,0.0,0.0,0.0,portrait_101,portrait,101
9,549,False,1,-0.6472349762916565,0.17538833618164062,0.17538833618164062,0.07581879943609238,0.07581879943609238,0.01254163309931755,0.020515205338597298,0.09329299628734589,0.09661882370710373,0.089980848133564,0.12307757884263992,0.13746637105941772,0.10877664387226105,portrait_101,portrait,101
10,500,False,2,-0.4813636541366577,0.16587132215499878,0.3412596583366394,0.07428149878978729,0.1527976244688034,0.026992451399564743,0.04148776829242706,0.17886802554130554,0.1839798092842102,0.17377372086048126,0.22469018399715424,0.24841469526290894,0.20106934010982513,portrait_101,portrait,101
11,450,False,3,-0.31602802872657776,0.16533562541007996,0.5065952837467194,0.07436737418174744,0.23277772963047028,0.044990021735429764,0.06576138734817505,0.2622937560081482,0.2678457796573639,0.256759911775589,0.31594088673591614,0.3451823592185974,0.28682205080986023,portrait_101,portrait,101
12,400,True,0,-0.15219885110855103,0.16382917761802673,0.0,0.07157222181558609,0.0,0.0,0.0,0.0,0.0,0.0,0.0,0.0,0.0,portrait_101,portrait,101
13,350,False,1,0.012974858283996582,0.1651737093925476,0.1651737093925476,0.0677701011300087,0.0677701011300087,0.02682306617498398,0.03848322853446007,0.11436117440462112,0.11699306964874268,0.1117386445403099,0.12206908315420151,0.12658117711544037,0.11758551001548767,portrait_101,portrait,101
14,300,False,2,0.1830180287361145,0.17004317045211792,0.3352168798446655,0.06358334422111511,0.13373707234859467,0.05870365723967552,0.07282096892595291,0.21951794624328613,0.22371657192707062,0.2153346836566925,0.23278580605983734,0.24209319055080414,0.22355419397354126,portrait_101,portrait,101
15,250,False,3,0.36269381642341614,0.17967578768730164,0.5148926675319672,0.058542508631944656,0.19658738374710083,0.09737002849578857,0.11002825200557709,0.3189544379711151,0.3237656354904175,0.31416046619415283,0.3290431499481201,0.3403191864490509,0.31786713004112244,portrait_101,portrait,101
16,200,True,0,0.5591998100280762,0.19650599360466003,0.0,0.05335718393325806,0.0,0.0,0.0,0.0,0.0,0.0,0.0,0.0,0.0,portrait_101,portrait,101
17,150,False,1,0.7850973606109619,0.22589755058288574,0.22589755058288574,0.048390693962574005,0.048390693962574005,0.05350065603852272,0.05651313066482544,0.13336090743541718,0.13459087908267975,0.13213472068309784,0.11352751404047012,0.11580044776201248,0.11125753074884415,portrait_101,portrait,101
18,100,False,2,1.0673118829727173,0.28221452236175537,0.5081120729446411,0.044222600758075714,0.0936305969953537,0.12494520843029022,0.1298809051513672,0.27314430475234985,0.2749651372432709,0.271328330039978,0.2212623804807663,0.2255052775144577,0.2170083075761795,portrait_101,portrait,101
19,50,False,3,1.4890689849853516,0.4217571020126343,0.9298691749572754,0.04164619371294975,0.1366870254278183,0.23759865760803223,0.2528427243232727,0.4328818917274475,0.43464574217796326,0.4311220943927765,0.3259170651435852,0.3313668370246887,0.32045093178749084,portrait_101,portrait,101
0,999,True,0,-2.6820242404937744,0.0,0.0,0.0,0.0,0.0,0.0,0.0,0.0,0.0,0.0,0.0,0.0,portrait_202,portrait,202
1,949,False,1,-2.3891515731811523,0.29287266731262207,0.29287266731262207,0.036605581641197205,0.036605581641197205,0.006609895266592503,0.06081409752368927,0.1040787547826767,0.09069455415010452,0.11744111031293869,0.3223594129085541,0.31929370760917664,0.3251233994960785,portrait_202,portrait,202
2,899,False,2,-2.116593599319458,0.27255797386169434,0.5654306411743164,0.08904306590557098,0.11917653679847717,0.03658793121576309,0.0878773108124733,0.3509242534637451,0.3795529305934906,0.3224285840988159,1.0345287322998047,1.1827006340026855,0.8982922434806824,portrait_202,portrait,202
3,849,False,3,-1.8629876375198364,0.2536059617996216,0.819036602973938,0.0678820088505745,0.1557418704032898,0.046778786927461624,0.1085200160741806,0.4026641547679901,0.4142471253871918,0.3912360966205597,1.0635651350021362,1.1743768453598022,0.967716634273529,portrait_202,portrait,202
4,799,True,0,-1.6268385648727417,0.23614907264709473,0.0,0.08728474378585815,0.0,0.0,0.0,0.0,0.0,0.0,0.0,0.0,0.0,portrait_202,portrait,202
5,749,False,1,-1.406521201133728,0.22031736373901367,0.22031736373901367,0.07082570344209671,0.07082570344209671,0.013395972549915314,0.05747195705771446,0.16454271972179413,0.1894286572933197,0.13987435400485992,0.297775536775589,0.38712015748023987,0.21103152632713318,portrait_202,portrait,202
6,699,False,2,-1.200291395187378,0.2062298059463501,0.42654716968536377,0.07768972963094711,0.14070698618888855,0.023722447454929352,0.062494855374097824,0.26891425251960754,0.2858501374721527,0.25202879309654236,0.397777259349823,0.4856966435909271,0.31108155846595764,portrait_202,portrait,202
7,649,False,3,-1.006303310394287,0.19398808479309082,0.6205352544784546,0.0784960612654686,0.22022870182991028,0.03711123391985893,0.09015917778015137,0.3729555308818817,0.3897821009159088,0.35617098212242126,0.5187574028968811,0.6121412515640259,0.425346702337265,portrait_202,portrait,202
8,599,True,0,-0.8226233124732971,0.18367999792099,0.0,0.08180323243141174,0.0,0.0,0.0,0.0,0.0,0.0,0.0,0.0,0.0,portrait_202,portrait,202
9,549,False,1,-0.6472349762916565,0.17538833618164062,0.17538833618164062,0.08228851109743118,0.08228851109743118,0.0177545677870512,0.03433207795023918,0.13984379172325134,0.14739252626895905,0.1323164701461792,0.15155458450317383,0.1627267599105835,0.1404813528060913,portrait_202,portrait,202
10,500,False,2,-0.4813636541366577,0.16587132215499878,0.3412596583366394,0.07935092598199844,0.16466335952281952,0.03805866837501526,0.05982717126607895,0.2525404095649719,0.2619064450263977,0.24320510029792786,0.2751750946044922,0.2929651737213135,0.25757908821105957,portrait_202,portrait,202
11,450,False,3,-0.31602802872657776,0.16533562541007996,0.5065952837467194,0.0786486566066742,0.25011664628982544,0.06343242526054382,0.0900031104683876,0.35578054189682007,0.3670799732208252,0.3445153534412384,0.38404834270477295,0.40762341022491455,0.3606995940208435,portrait_202,portrait,202
12,400,True,0,-0.15219885110855103,0.16382917761802673,0.0,0.07505227625370026,0.0,0.0,0.0,0.0,0.0,0.0,0.0,0.0,0.0,portrait_202,portrait,202
13,350,False,1,0.012974858283996582,0.1651737093925476,0.1651737093925476,0.07039236277341843,0.07039236277341843,0.03217240050435066,0.04718872532248497,0.1307995766401291,0.1324029266834259,0.1292029470205307,0.13904134929180145,0.14614154398441315,0.13197624683380127,portrait_202,portrait,202
14,300,False,2,0.1830180287361145,0.17004317045211792,0.3352168798446655,0.06525973230600357,0.13835082948207855,0.07021414488554001,0.09067076444625854,0.2481459528207779,0.2516925036907196,0.24461379647254944,0.2790452837944031,0.29155486822128296,0.26658961176872253,portrait_202,portrait,202
15,250,False,3,0.36269381642341614,0.17967578768730164,0.5148926675319672,0.05983171984553337,0.20303305983543396,0.11444388329982758,0.1362643837928772,0.35512781143188477,0.3598436713218689,0.350430965423584,0.37729981541633606,0.3914724588394165,0.36317193508148193,portrait_202,portrait,202
16,200,True,0,0.5591998100280762,0.19650599360466003,0.0,0.05412856489419937,0.0,0.0,0.0,0.0,0.0,0.0,0.0,0.0,0.0,portrait_202,portrait,202
17,150,False,1,0.7850973606109619,0.22589755058288574,0.22589755058288574,0.048913516104221344,0.048913516104221344,0.05538143217563629,0.0683511272072792,0.1415114849805832,0.14319616556167603,0.1398322582244873,0.145871102809906,0.15123902261257172,0.14054584503173828,portrait_202,portrait,202
18,100,False,2,1.0673118829727173,0.28221452236175537,0.5081120729446411,0.04451344162225723,0.09448954463005066,0.12454001605510712,0.14284402132034302,0.2779652774333954,0.27999842166900635,0.2759380340576172,0.272343248128891,0.28185734152793884,0.26293206214904785,portrait_202,portrait,202
19,50,False,3,1.4890689849853516,0.4217571020126343,0.9298691749572754,0.04176810011267662,0.1377139687538147,0.236219584941864,0.260789692401886,0.4312170743942261,0.4332156181335449,0.4292231500148773,0.40029409527778625,0.4110904335975647,0.3896159827709198,portrait_202,portrait,202
0,999,True,0,-2.6820242404937744,0.0,0.0,0.0,0.0,0.0,0.0,0.0,0.0,0.0,0.0,0.0,0.0,people_101,people,101
1,949,False,1,-2.3891515731811523,0.29287266731262207,0.29287266731262207,0.018569234758615494,0.018569234758615494,0.004158976022154093,0.014067727141082287,0.0840935930609703,0.08286929130554199,0.085307277739048,0.22413215041160583,0.2771943211555481,0.18270452320575714,people_101,people,101
2,899,False,2,-2.116593599319458,0.27255797386169434,0.5654306411743164,0.027622779831290245,0.045343153178691864,0.011944993399083614,0.03187454864382744,0.18264424800872803,0.18213360011577606,0.1831493079662323,0.5050321817398071,0.6111025214195251,0.4233912229537964,people_101,people,101
3,849,False,3,-1.8629876375198364,0.2536059617996216,0.819036602973938,0.037720199674367905,0.08101435005664825,0.024805355817079544,0.06420591473579407,0.29869478940963745,0.2983972132205963,0.2989893853664398,0.7576508522033691,0.8971254825592041,0.6476695537567139,people_101,people,101
4,799,True,0,-1.6268385648727417,0.23614907264709473,0.0,0.056030869483947754,0.0,0.0,0.0,0.0,0.0,0.0,0.0,0.0,0.0,people_101,people,101
5,749,False,1,-1.406521201133728,0.22031736373901367,0.22031736373901367,0.06694193929433823,0.06694193929433823,0.026002148166298866,0.11103086173534393,0.23353515565395355,0.2312282770872116,0.23579896986484528,0.496954083442688,0.6136881709098816,0.40148815512657166,people_101,people,101
6,699,False,2,-1.200291395187378,0.2062298059463501,0.42654716968536377,0.08089916408061981,0.12928557395935059,0.054100435227155685,0.14527055621147156,0.4137636423110962,0.42587465047836304,0.40176498889923096,0.7166546583175659,0.8170378804206848,0.629175066947937,people_101,people,101
7,649,False,3,-1.006303310394287,0.19398808479309082,0.6205352544784546,0.07099568843841553,0.18665313720703125,0.08146610110998154,0.18299606442451477,0.5235743522644043,0.5323619246482849,0.5148901343345642,0.8299852609634399,0.9345652461051941,0.734683632850647,people_101,people,101
8,599,True,0,-0.8226233124732971,0.18367999792099,0.0,0.08090827614068985,0.0,0.0,0.0,0.0,0.0,0.0,0.0,0.0,0.0,people_101,people,101
9,549,False,1,-0.6472349762916565,0.17538833618164062,0.17538833618164062,0.07652737945318222,0.07652737945318222,0.04530337080359459,0.15117913484573364,0.2460489273071289,0.265353262424469,0.22689354419708252,0.3213390111923218,0.3557860553264618,0.28935307264328003,people_101,people,101
10,500,False,2,-0.4813636541366577,0.16587132215499878,0.3412596583366394,0.07657866925001144,0.14822505414485931,0.08360455185174942,0.19894303381443024,0.3848917782306671,0.4000440537929535,0.3698601722717285,0.4889848530292511,0.5359497666358948,0.44495663046836853,people_101,people,101
11,450,False,3,-0.31602802872657776,0.16533562541007996,0.5065952837467194,0.0742626041173935,0.22058670222759247,0.11970456689596176,0.22689732909202576,0.47952789068222046,0.4968165159225464,0.46231609582901,0.6347661018371582,0.6892136931419373,0.5828244686126709,people_101,people,101
12,400,True,0,-0.15219885110855103,0.16382917761802673,0.0,0.0704309418797493,0.0,0.0,0.0,0.0,0.0,0.0,0.0,0.0,0.0,people_101,people,101
13,350,False,1,0.012974858283996582,0.1651737093925476,0.1651737093925476,0.06456415355205536,0.06456415355205536,0.04192575067281723,0.08534043282270432,0.1474090963602066,0.15272299945354462,0.14211174845695496,0.1523342877626419,0.1634029746055603,0.14153991639614105,people_101,people,101
14,300,False,2,0.1830180287361145,0.17004317045211792,0.3352168798446655,0.05948229879140854,0.12508219480514526,0.08278267830610275,0.14111991226673126,0.26034578680992126,0.26760390400886536,0.25310268998146057,0.2704070210456848,0.2889680862426758,0.2520855665206909,people_101,people,101
15,250,False,3,0.36269381642341614,0.17967578768730164,0.5148926675319672,0.05393795669078827,0.18209251761436462,0.12844441831111908,0.19691692292690277,0.3595913350582123,0.3673393726348877,0.3518569767475128,0.36466431617736816,0.3862326741218567,0.3432159423828125,people_101,people,101
16,200,True,0,0.5591998100280762,0.19650599360466003,0.0,0.04887070879340172,0.0,0.0,0.0,0.0,0.0,0.0,0.0,0.0,0.0,people_101,people,101
17,150,False,1,0.7850973606109619,0.22589755058288574,0.22589755058288574,0.04450831189751625,0.04450831189751625,0.06286799907684326,0.08309429883956909,0.13406124711036682,0.13530801236629486,0.1328161507844925,0.10985546559095383,0.11396458745002747,0.10574133694171906,people_101,people,101
18,100,False,2,1.0673118829727173,0.28221452236175537,0.5081120729446411,0.04057079553604126,0.085813507437706,0.14653728902339935,0.18060250580310822,0.2703188955783844,0.27249622344970703,0.2681442201137543,0.21595272421836853,0.22274169325828552,0.2091621309518814,people_101,people,101
19,50,False,3,1.4890689849853516,0.4217571020126343,0.9298691749572754,0.03793890401721001,0.12457168847322464,0.2726650834083557,0.32386916875839233,0.417620450258255,0.4202111065387726,0.41503170132637024,0.32412657141685486,0.3342839777469635,0.31401267647743225,people_101,people,101
0,999,True,0,-2.6820242404937744,0.0,0.0,0.0,0.0,0.0,0.0,0.0,0.0,0.0,0.0,0.0,0.0,people_202,people,202
1,949,False,1,-2.3891515731811523,0.29287266731262207,0.29287266731262207,0.027203788980841637,0.027203788980841637,0.004291479475796223,0.02535836771130562,0.09928516298532486,0.09406781196594238,0.10445965081453323,0.26239827275276184,0.3286922872066498,0.2081792652606964,people_202,people,202
2,899,False,2,-2.116593599319458,0.27255797386169434,0.5654306411743164,0.04311945661902428,0.06717293709516525,0.01363641582429409,0.07960675656795502,0.23347245156764984,0.21661785244941711,0.25004008412361145,0.6630764603614807,0.7836554050445557,0.5681653022766113,people_202,people,202
3,849,False,3,-1.8629876375198364,0.2536059617996216,0.819036602973938,0.08332142233848572,0.1453952044248581,0.03590506315231323,0.07962069660425186,0.41351696848869324,0.4318612515926361,0.39523419737815857,1.0324301719665527,1.1603022813796997,0.9261168837547302,people_202,people,202
4,799,True,0,-1.6268385648727417,0.23614907264709473,0.0,0.05846254527568817,0.0,0.0,0.0,0.0,0.0,0.0,0.0,0.0,0.0,people_202,people,202
5,749,False,1,-1.406521201133728,0.22031736373901367,0.22031736373901367,0.06374366581439972,0.06374366581439972,0.018678952008485794,0.08030355721712112,0.2060118019580841,0.21231693029403687,0.19977989792823792,0.3749140501022339,0.4418662190437317,0.318678081035614,people_202,people,202
6,699,False,2,-1.200291395187378,0.2062298059463501,0.42654716968536377,0.06950339674949646,0.12722590565681458,0.045165032148361206,0.11670561134815216,0.37978366017341614,0.39079979062080383,0.3688449561595917,0.6123754382133484,0.6961473226547241,0.538870632648468,people_202,people,202
7,649,False,3,-1.006303310394287,0.19398808479309082,0.6205352544784546,0.07139001786708832,0.1922289878129959,0.06820866465568542,0.12624339759349823,0.47718730568885803,0.48760879039764404,0.46683624386787415,0.7370138168334961,0.8178809285163879,0.6644896268844604,people_202,people,202
8,599,True,0,-0.8226233124732971,0.18367999792099,0.0,0.066002756357193,0.0,0.0,0.0,0.0,0.0,0.0,0.0,0.0,0.0,people_202,people,202
9,549,False,1,-0.6472349762916565,0.17538833618164062,0.17538833618164062,0.06850796192884445,0.06850796192884445,0.02672981284558773,0.06932786852121353,0.16414771974086761,0.17107360064983368,0.15725591778755188,0.20930276811122894,0.24435243010520935,0.1760675013065338,people_202,people,202
10,500,False,2,-0.4813636541366577,0.16587132215499878,0.3412596583366394,0.06838137656450272,0.13715064525604248,0.05342236906290054,0.10741367936134338,0.284673810005188,0.29492640495300293,0.27444806694984436,0.3372288644313812,0.38097596168518066,0.29485204815864563,people_202,people,202
11,450,False,3,-0.31602802872657776,0.16533562541007996,0.5065952837467194,0.06732066720724106,0.20643694698810577,0.08012299239635468,0.14106614887714386,0.37358546257019043,0.38338902592658997,0.3638067841529846,0.43426069617271423,0.4797244668006897,0.38966304063796997,people_202,people,202
12,400,True,0,-0.15219885110855103,0.16382917761802673,0.0,0.06490263342857361,0.0,0.0,0.0,0.0,0.0,0.0,0.0,0.0,0.0,people_202,people,202
13,350,False,1,0.012974858283996582,0.1651737093925476,0.1651737093925476,0.06203480437397957,0.06203480437397957,0.03041822463274002,0.04779835417866707,0.1167529970407486,0.11919928342103958,0.11431165039539337,0.1309838443994522,0.13683541119098663,0.1251416802406311,people_202,people,202
14,300,False,2,0.1830180287361145,0.17004317045211792,0.3352168798446655,0.05841735005378723,0.12216821312904358,0.06385184824466705,0.0942898541688919,0.2209182232618332,0.2243831306695938,0.21746020019054413,0.2346285581588745,0.24247154593467712,0.22675436735153198,people_202,people,202
15,250,False,3,0.36269381642341614,0.17967578768730164,0.5148926675319672,0.05439459905028343,0.17962169647216797,0.10286354273557663,0.14518919587135315,0.3179134428501129,0.3216514587402344,0.3141825497150421,0.32287338376045227,0.3321133852005005,0.31356459856033325,people_202,people,202
16,200,True,0,0.5591998100280762,0.19650599360466003,0.0,0.050508081912994385,0.0,0.0,0.0,0.0,0.0,0.0,0.0,0.0,0.0,people_202,people,202
17,150,False,1,0.7850973606109619,0.22589755058288574,0.22589755058288574,0.04646095260977745,0.04646095260977745,0.05560027062892914,0.07086266577243805,0.1306571513414383,0.1320108324289322,0.12930554151535034,0.11490140855312347,0.11681175231933594,0.11296585202217102,people_202,people,202
18,100,False,2,1.0673118829727173,0.28221452236175537,0.5081120729446411,0.04300231486558914,0.09013869613409042,0.132413849234581,0.16006815433502197,0.2666874825954437,0.2687080502510071,0.2646693289279938,0.22361299395561218,0.22623802721500397,0.22094321250915527,people_202,people,202
19,50,False,3,1.4890689849853516,0.4217571020126343,0.9298691749572754,0.041029009968042374,0.1319545954465866,0.2593446969985962,0.2993864417076111,0.42047223448753357,0.422696590423584,0.4182496666908264,0.3308664560317993,0.33275914192199707,0.32893693447113037,people_202,people,202
0,999,True,0,-2.6820242404937744,0.0,0.0,0.0,0.0,0.0,0.0,0.0,0.0,0.0,0.0,0.0,0.0,animal_101,animal,101
1,949,False,1,-2.3891515731811523,0.29287266731262207,0.29287266731262207,0.037725262343883514,0.037725262343883514,0.009092085994780064,0.05644417554140091,0.12306075543165207,0.10774191468954086,0.13816305994987488,0.438351035118103,0.5398961305618286,0.36571696400642395,animal_101,animal,101
2,899,False,2,-2.116593599319458,0.27255797386169434,0.5654306411743164,0.08231156319379807,0.11551064997911453,0.03152845427393913,0.0842888131737709,0.28806227445602417,0.298196017742157,0.2780511677265167,0.8990892767906189,1.0931551456451416,0.7526885867118835,animal_101,animal,101
3,849,False,3,-1.8629876375198364,0.2536059617996216,0.819036602973938,0.05906236171722412,0.14194010198116302,0.04284559190273285,0.08710752427577972,0.36215606331825256,0.3626328706741333,0.36168810725212097,0.9195641875267029,1.0959246158599854,0.7877106070518494,animal_101,animal,101
4,799,True,0,-1.6268385648727417,0.23614907264709473,0.0,0.0778430700302124,0.0,0.0,0.0,0.0,0.0,0.0,0.0,0.0,0.0,animal_101,animal,101
5,749,False,1,-1.406521201133728,0.22031736373901367,0.22031736373901367,0.07123999297618866,0.07123999297618866,0.01952931471168995,0.08444042503833771,0.19976191222667694,0.2293829768896103,0.17069926857948303,0.4059135913848877,0.5416394472122192,0.28927096724510193,animal_101,animal,101
6,699,False,2,-1.200291395187378,0.2062298059463501,0.42654716968536377,0.0738668441772461,0.13430751860141754,0.040398355573415756,0.11861914396286011,0.3380158543586731,0.3721802830696106,0.3043830394744873,0.5701755881309509,0.7262914180755615,0.42777830362319946,animal_101,animal,101
7,649,False,3,-1.006303310394287,0.19398808479309082,0.6205352544784546,0.06991619616746902,0.1993434578180313,0.0622587576508522,0.14663992822170258,0.45115819573402405,0.48558422923088074,0.41714268922805786,0.6715216636657715,0.8284639120101929,0.5263789296150208,animal_101,animal,101
8,599,True,0,-0.8226233124732971,0.18367999792099,0.0,0.07296206802129745,0.0,0.0,0.0,0.0,0.0,0.0,0.0,0.0,0.0,animal_101,animal,101
9,549,False,1,-0.6472349762916565,0.17538833618164062,0.17538833618164062,0.07331792265176773,0.07331792265176773,0.025016646832227707,0.05641794577240944,0.14145788550376892,0.1511392593383789,0.13189800083637238,0.16464994847774506,0.19392326474189758,0.1363615244626999,animal_101,animal,101
10,500,False,2,-0.4813636541366577,0.16587132215499878,0.3412596583366394,0.06966257095336914,0.1432107388973236,0.049686498939991,0.09400366246700287,0.24886497855186462,0.26146674156188965,0.23641107976436615,0.2954185903072357,0.344492644071579,0.2473754733800888,animal_101,animal,101
11,450,False,3,-0.31602802872657776,0.16533562541007996,0.5065952837467194,0.06959732621908188,0.21631218492984772,0.0793004259467125,0.13851742446422577,0.3532204031944275,0.3684445321559906,0.338156133890152,0.4193837642669678,0.4777378439903259,0.36184558272361755,animal_101,animal,101
12,400,True,0,-0.15219885110855103,0.16382917761802673,0.0,0.06706114858388901,0.0,0.0,0.0,0.0,0.0,0.0,0.0,0.0,0.0,animal_101,animal,101
13,350,False,1,0.012974858283996582,0.1651737093925476,0.1651737093925476,0.06424667686223984,0.06424667686223984,0.03502222150564194,0.06129157170653343,0.12454085797071457,0.12835732102394104,0.12075944989919662,0.13955184817314148,0.1500655859708786,0.12909924983978271,animal_101,animal,101
14,300,False,2,0.1830180287361145,0.17004317045211792,0.3352168798446655,0.06046190485358238,0.12648995220661163,0.07787368446588516,0.14967605471611023,0.24412205815315247,0.24779744446277618,0.24047750234603882,0.2621832489967346,0.27785778045654297,0.2465350478887558,animal_101,animal,101
15,250,False,3,0.36269381642341614,0.17967578768730164,0.5148926675319672,0.05658263340592384,0.18615946173667908,0.13064131140708923,0.18851420283317566,0.3648260831832886,0.3731516897678375,0.35655444860458374,0.41422468423843384,0.43124476075172424,0.39726877212524414,animal_101,animal,101
16,200,True,0,0.5591998100280762,0.19650599360466003,0.0,0.051258087158203125,0.0,0.0,0.0,0.0,0.0,0.0,0.0,0.0,0.0,animal_101,animal,101
17,150,False,1,0.7850973606109619,0.22589755058288574,0.22589755058288574,0.04694686084985733,0.04694686084985733,0.059408221393823624,0.07777633517980576,0.1309492588043213,0.13313288986682892,0.12877625226974487,0.13854993879795074,0.14536872506141663,0.13175198435783386,animal_101,animal,101
18,100,False,2,1.0673118829727173,0.28221452236175537,0.5081120729446411,0.04316280037164688,0.09086541086435318,0.14193502068519592,0.17167958617210388,0.2680053114891052,0.2716659903526306,0.26435935497283936,0.26998841762542725,0.28123709559440613,0.2587428390979767,animal_101,animal,101
19,50,False,3,1.4890689849853516,0.4217571020126343,0.9298691749572754,0.04128466919064522,0.13294215500354767,0.268242746591568,0.30243349075317383,0.4184625744819641,0.4224167764186859,0.41452082991600037,0.39823484420776367,0.4104804992675781,0.38596343994140625,animal_101,animal,101
0,999,True,0,-2.6820242404937744,0.0,0.0,0.0,0.0,0.0,0.0,0.0,0.0,0.0,0.0,0.0,0.0,animal_202,animal,202
1,949,False,1,-2.3891515731811523,0.29287266731262207,0.29287266731262207,0.03697051480412483,0.03697051480412483,0.00541860144585371,0.03160775825381279,0.1117730513215065,0.11755822598934174,0.10607640445232391,0.35124871134757996,0.4533633887767792,0.2695673704147339,animal_202,animal,202
2,899,False,2,-2.116593599319458,0.27255797386169434,0.5654306411743164,0.037974994629621506,0.06738416105508804,0.00873409304767847,0.045105382800102234,0.19331416487693787,0.1934613436460495,0.19316913187503815,0.5502977967262268,0.6680060029029846,0.45867815613746643,animal_202,animal,202
3,849,False,3,-1.8629876375198364,0.2536059617996216,0.819036602973938,0.04831735044717789,0.11288131028413773,0.014760528691112995,0.07376252114772797,0.29198920726776123,0.288688987493515,0.2952437400817871,0.8157259225845337,0.9723925590515137,0.6909952759742737,animal_202,animal,202
4,799,True,0,-1.6268385648727417,0.23614907264709473,0.0,0.05331399664282799,0.0,0.0,0.0,0.0,0.0,0.0,0.0,0.0,0.0,animal_202,animal,202
5,749,False,1,-1.406521201133728,0.22031736373901367,0.22031736373901367,0.06525708734989166,0.06525708734989166,0.024542246013879776,0.10609395802021027,0.2563382685184479,0.29824116826057434,0.21518293023109436,0.5695452094078064,0.7616289258003235,0.41286230087280273,animal_202,animal,202
6,699,False,2,-1.200291395187378,0.2062298059463501,0.42654716968536377,0.07031085342168808,0.12173190712928772,0.04975178837776184,0.12528741359710693,0.39115479588508606,0.40535053610801697,0.377390593290329,0.7672179341316223,0.9306980967521667,0.6235906481742859,animal_202,animal,202
7,649,False,3,-1.006303310394287,0.19398808479309082,0.6205352544784546,0.07672035694122314,0.18795102834701538,0.07242987304925919,0.14973685145378113,0.5013003349304199,0.5176877975463867,0.48531967401504517,0.8740901947021484,1.019412636756897,0.7441995143890381,animal_202,animal,202
8,599,True,0,-0.8226233124732971,0.18367999792099,0.0,0.07192801684141159,0.0,0.0,0.0,0.0,0.0,0.0,0.0,0.0,0.0,animal_202,animal,202
9,549,False,1,-0.6472349762916565,0.17538833618164062,0.17538833618164062,0.0708146020770073,0.0708146020770073,0.029045511037111282,0.0999821349978447,0.1703382283449173,0.1775800883769989,0.16322088241577148,0.2372673898935318,0.27850091457366943,0.19950251281261444,animal_202,animal,202
10,500,False,2,-0.4813636541366577,0.16587132215499878,0.3412596583366394,0.07085569202899933,0.13986778259277344,0.06603220850229263,0.18467974662780762,0.3224334120750427,0.3338228166103363,0.31120142340660095,0.41710057854652405,0.4832419753074646,0.3558070659637451,animal_202,animal,202
11,450,False,3,-0.31602802872657776,0.16533562541007996,0.5065952837467194,0.07242479175329208,0.2110973596572876,0.1086384654045105,0.2204383909702301,0.4443466365337372,0.46076640486717224,0.4280826151371002,0.5723791718482971,0.642341136932373,0.5065472722053528,animal_202,animal,202
12,400,True,0,-0.15219885110855103,0.16382917761802673,0.0,0.0669206753373146,0.0,0.0,0.0,0.0,0.0,0.0,0.0,0.0,0.0,animal_202,animal,202
13,350,False,1,0.012974858283996582,0.1651737093925476,0.1651737093925476,0.06313688308000565,0.06313688308000565,0.041405439376831055,0.08912436664104462,0.14349672198295593,0.15175005793571472,0.13530975580215454,0.165379136800766,0.18415896594524384,0.14718960225582123,animal_202,animal,202
14,300,False,2,0.1830180287361145,0.17004317045211792,0.3352168798446655,0.05802866443991661,0.12182904034852982,0.08499801903963089,0.15529437363147736,0.26057833433151245,0.27106958627700806,0.25016486644744873,0.2956184446811676,0.32772746682167053,0.26424792408943176,animal_202,animal,202
15,250,False,3,0.36269381642341614,0.17967578768730164,0.5148926675319672,0.0538487508893013,0.17742516100406647,0.13471223413944244,0.21964426338672638,0.3667490482330322,0.3781913220882416,0.3553868234157562,0.39979708194732666,0.43798354268074036,0.3623192310333252,animal_202,animal,202
16,200,True,0,0.5591998100280762,0.19650599360466003,0.0,0.049959227442741394,0.0,0.0,0.0,0.0,0.0,0.0,0.0,0.0,0.0,animal_202,animal,202
17,150,False,1,0.7850973606109619,0.22589755058288574,0.22589755058288574,0.04660751670598984,0.04660751670598984,0.0679597556591034,0.09268347173929214,0.14062607288360596,0.14316993951797485,0.1380964070558548,0.12574811279773712,0.1309901922941208,0.12057144194841385,animal_202,animal,202
18,100,False,2,1.0673118829727173,0.28221452236175537,0.5081120729446411,0.043658968061208725,0.09069971740245819,0.15964898467063904,0.20461870729923248,0.284294068813324,0.28831106424331665,0.28029677271842957,0.2430165410041809,0.25187939405441284,0.23423585295677185,animal_202,animal,202
19,50,False,3,1.4890689849853516,0.4217571020126343,0.9298691749572754,0.04243969917297363,0.13323582708835602,0.29863572120666504,0.3568684160709381,0.43719565868377686,0.44171878695487976,0.4326910078525543,0.35759156942367554,0.3678653836250305,0.3473711311817169,animal_202,animal,202
0,999,True,0,-2.6820242404937744,0.0,0.0,0.0,0.0,0.0,0.0,0.0,0.0,0.0,0.0,0.0,0.0,interior_101,interior,101
1,949,False,1,-2.3891515731811523,0.29287266731262207,0.29287266731262207,0.0614887997508049,0.0614887997508049,0.009273852221667767,0.040304381400346756,0.17817099392414093,0.15992802381515503,0.19597944617271423,0.4602796733379364,0.5930631160736084,0.35277634859085083,interior_101,interior,101
2,899,False,2,-2.116593599319458,0.27255797386169434,0.5654306411743164,0.04647964984178543,0.1023755669593811,0.01524847187101841,0.061322588473558426,0.28097909688949585,0.25979378819465637,0.3018028140068054,0.728778064250946,0.9212961196899414,0.583397388458252,interior_101,interior,101
3,849,False,3,-1.8629876375198364,0.2536059617996216,0.819036602973938,0.054849665611982346,0.1524394005537033,0.02916157804429531,0.1008257269859314,0.41916707158088684,0.3988938629627228,0.43924546241760254,0.9148296117782593,1.1083086729049683,0.7714228630065918,interior_101,interior,101
4,799,True,0,-1.6268385648727417,0.23614907264709473,0.0,0.06343653798103333,0.0,0.0,0.0,0.0,0.0,0.0,0.0,0.0,0.0,interior_101,interior,101
5,749,False,1,-1.406521201133728,0.22031736373901367,0.22031736373901367,0.07492384314537048,0.07492384314537048,0.023271948099136353,0.0787181407213211,0.21535776555538177,0.22297225892543793,0.20783041417598724,0.40781649947166443,0.5040069818496704,0.3267471194267273,interior_101,interior,101
6,699,False,2,-1.200291395187378,0.2062298059463501,0.42654716968536377,0.06931799650192261,0.13802079856395721,0.045177437365055084,0.10597044229507446,0.39086928963661194,0.40151169896125793,0.38027676939964294,0.561733603477478,0.6656917929649353,0.4650031328201294,interior_101,interior,101
7,649,False,3,-1.006303310394287,0.19398808479309082,0.6205352544784546,0.07190050184726715,0.20752479135990143,0.06744642555713654,0.16294127702713013,0.5108515024185181,0.5219100713729858,0.49988430738449097,0.6956911087036133,0.7863072752952576,0.6098857522010803,interior_101,interior,101
8,599,True,0,-0.8226233124732971,0.18367999792099,0.0,0.07936014235019684,0.0,0.0,0.0,0.0,0.0,0.0,0.0,0.0,0.0,interior_101,interior,101
9,549,False,1,-0.6472349762916565,0.17538833618164062,0.17538833618164062,0.07754343003034592,0.07754343003034592,0.029000550508499146,0.07381188869476318,0.19499264657497406,0.21052324771881104,0.17949527502059937,0.22297750413417816,0.2529744505882263,0.19412048161029816,interior_101,interior,101
10,500,False,2,-0.4813636541366577,0.16587132215499878,0.3412596583366394,0.0753803476691246,0.15388207137584686,0.05638992413878441,0.1149878203868866,0.32172417640686035,0.3390880525112152,0.30436617136001587,0.37361854314804077,0.4175579249858856,0.3308885097503662,interior_101,interior,101
11,450,False,3,-0.31602802872657776,0.16533562541007996,0.5065952837467194,0.07530111819505692,0.23287999629974365,0.07995040714740753,0.14725522696971893,0.40743184089660645,0.42144253849983215,0.3934207856655121,0.488254189491272,0.5333997011184692,0.44391748309135437,interior_101,interior,101
12,400,True,0,-0.15219885110855103,0.16382917761802673,0.0,0.0723201110959053,0.0,0.0,0.0,0.0,0.0,0.0,0.0,0.0,0.0,interior_101,interior,101
13,350,False,1,0.012974858283996582,0.1651737093925476,0.1651737093925476,0.06833914667367935,0.06833914667367935,0.033541660755872726,0.053313761949539185,0.14001305401325226,0.14272084832191467,0.13731010258197784,0.1253812611103058,0.12916302680969238,0.12164975702762604,interior_101,interior,101
14,300,False,2,0.1830180287361145,0.17004317045211792,0.3352168798446655,0.06415587663650513,0.13451822102069855,0.07093534618616104,0.09388177841901779,0.2612180709838867,0.26523557305336,0.2572062611579895,0.23947836458683014,0.24577204883098602,0.23327791690826416,interior_101,interior,101
15,250,False,3,0.36269381642341614,0.17967578768730164,0.5148926675319672,0.059414949268102646,0.1976700723171234,0.10994800180196762,0.13806894421577454,0.35955414175987244,0.36327463388442993,0.3558370769023895,0.33677199482917786,0.3442612886428833,0.3294037878513336,interior_101,interior,101
16,200,True,0,0.5591998100280762,0.19650599360466003,0.0,0.05464572831988335,0.0,0.0,0.0,0.0,0.0,0.0,0.0,0.0,0.0,interior_101,interior,101
17,150,False,1,0.7850973606109619,0.22589755058288574,0.22589755058288574,0.049704745411872864,0.049704745411872864,0.04982791841030121,0.06251142919063568,0.1321502923965454,0.13309699296951294,0.13120390474796295,0.12742994725704193,0.1292172521352768,0.12566234171390533,interior_101,interior,101
18,100,False,2,1.0673118829727173,0.28221452236175537,0.5081120729446411,0.04587683081626892,0.09644594043493271,0.11552152782678604,0.137383371591568,0.2654290199279785,0.26649171113967896,0.26436659693717957,0.2540419399738312,0.2574551999568939,0.2506672441959381,interior_101,interior,101
19,50,False,3,1.4890689849853516,0.4217571020126343,0.9298691749572754,0.043802060186862946,0.14138035476207733,0.2221755087375641,0.25463393330574036,0.4176292419433594,0.41875746846199036,0.4165012538433075,0.3936675786972046,0.3990429639816284,0.3883536159992218,interior_101,interior,101
0,999,True,0,-2.6820242404937744,0.0,0.0,0.0,0.0,0.0,0.0,0.0,0.0,0.0,0.0,0.0,0.0,interior_202,interior,202
1,949,False,1,-2.3891515731811523,0.29287266731262207,0.29287266731262207,0.08219850808382034,0.08219850808382034,0.012002493254840374,0.07860872149467468,0.2225680947303772,0.18237711489200592,0.26226910948753357,0.5636404752731323,0.7577616572380066,0.4055033028125763,interior_202,interior,202
2,899,False,2,-2.116593599319458,0.27255797386169434,0.5654306411743164,0.05109276622533798,0.11462138593196869,0.021302832290530205,0.0994267538189888,0.2909921407699585,0.25723031163215637,0.32421112060546875,0.8846777081489563,1.124221682548523,0.7047285437583923,interior_202,interior,202
3,849,False,3,-1.8629876375198364,0.2536059617996216,0.819036602973938,0.07854236662387848,0.18344126641750336,0.039210058748722076,0.1232960894703865,0.44972893595695496,0.4365847110748291,0.46278056502342224,1.0796070098876953,1.26012122631073,0.9276876449584961,interior_202,interior,202
4,799,True,0,-1.6268385648727417,0.23614907264709473,0.0,0.06967681646347046,0.0,0.0,0.0,0.0,0.0,0.0,0.0,0.0,0.0,interior_202,interior,202
5,749,False,1,-1.406521201133728,0.22031736373901367,0.22031736373901367,0.06634940207004547,0.06634940207004547,0.014845133759081364,0.029447142034769058,0.14880655705928802,0.15085165202617645,0.14677120745182037,0.23539000749588013,0.2645033001899719,0.2098684012889862,interior_202,interior,202
6,699,False,2,-1.200291395187378,0.2062298059463501,0.42654716968536377,0.07258299738168716,0.13942955434322357,0.03354266658425331,0.05407434329390526,0.28597110509872437,0.291731059551239,0.280234694480896,0.4236258268356323,0.4650438725948334,0.38636669516563416,interior_202,interior,202
7,649,False,3,-1.006303310394287,0.19398808479309082,0.6205352544784546,0.0768667683005333,0.21811217069625854,0.05284968018531799,0.07687284797430038,0.39051327109336853,0.3962067663669586,0.3848443925380707,0.5745416283607483,0.6236697435379028,0.5293161869049072,interior_202,interior,202
8,599,True,0,-0.8226233124732971,0.18367999792099,0.0,0.08107524365186691,0.0,0.0,0.0,0.0,0.0,0.0,0.0,0.0,0.0,interior_202,interior,202
9,549,False,1,-0.6472349762916565,0.17538833618164062,0.17538833618164062,0.08337070792913437,0.08337070792913437,0.02382742427289486,0.051105547696352005,0.15827704966068268,0.16277071833610535,0.15379543602466583,0.18394985795021057,0.200189471244812,0.16842302680015564,interior_202,interior,202
10,500,False,2,-0.4813636541366577,0.16587132215499878,0.3412596583366394,0.08208785951137543,0.1681355983018875,0.05084121227264404,0.08746461570262909,0.28961053490638733,0.2949294447898865,0.2843046188354492,0.34891343116760254,0.3734833598136902,0.3251480162143707,interior_202,interior,202
11,450,False,3,-0.31602802872657776,0.16533562541007996,0.5065952837467194,0.08181459456682205,0.2555561065673828,0.07966076582670212,0.1206672415137291,0.3907623291015625,0.3968328833580017,0.3847009241580963,0.4775668680667877,0.5054658651351929,0.4501466155052185,interior_202,interior,202
12,400,True,0,-0.15219885110855103,0.16382917761802673,0.0,0.07874757051467896,0.0,0.0,0.0,0.0,0.0,0.0,0.0,0.0,0.0,interior_202,interior,202
13,350,False,1,0.012974858283996582,0.1651737093925476,0.1651737093925476,0.07331298291683197,0.07331298291683197,0.03393414989113808,0.04905293136835098,0.14037123322486877,0.1442480981349945,0.13649706542491913,0.1655072718858719,0.173600971698761,0.15743057429790497,interior_202,interior,202
14,300,False,2,0.1830180287361145,0.17004317045211792,0.3352168798446655,0.06771362572908401,0.14354707300662994,0.06409592926502228,0.08791273087263107,0.24442178010940552,0.24870085716247559,0.24014513194561005,0.2952631413936615,0.3076493442058563,0.2828409671783447,interior_202,interior,202
15,250,False,3,0.36269381642341614,0.17967578768730164,0.5148926675319672,0.06219867244362831,0.21032364666461945,0.09832284599542618,0.12983839213848114,0.3379366993904114,0.3412962257862091,0.33457908034324646,0.39152151346206665,0.4038720428943634,0.3791070580482483,interior_202,interior,202
16,200,True,0,0.5591998100280762,0.19650599360466003,0.0,0.05659710243344307,0.0,0.0,0.0,0.0,0.0,0.0,0.0,0.0,0.0,interior_202,interior,202
17,150,False,1,0.7850973606109619,0.22589755058288574,0.22589755058288574,0.051593948155641556,0.051593948155641556,0.043977152556180954,0.0553559847176075,0.12705078721046448,0.12797775864601135,0.12612421810626984,0.12368587404489517,0.12551160156726837,0.12184858322143555,interior_202,interior,202
18,100,False,2,1.0673118829727173,0.28221452236175537,0.5081120729446411,0.04709777981042862,0.09971658140420914,0.09988280385732651,0.1188446581363678,0.2528684139251709,0.253934383392334,0.2518027424812317,0.23152299225330353,0.23439840972423553,0.2286253571510315,interior_202,interior,202
19,50,False,3,1.4890689849853516,0.4217571020126343,0.9298691749572754,0.04473688825964928,0.1458093523979187,0.18917638063430786,0.2268003523349762,0.3982946574687958,0.3992772400379181,0.397312194108963,0.3435385525226593,0.3467491567134857,0.3403007388114929,interior_202,interior,202
0,999,True,0,-2.6820242404937744,0.0,0.0,0.0,0.0,0.0,0.0,0.0,0.0,0.0,0.0,0.0,0.0,architecture_101,architecture,101
1,949,False,1,-2.3891515731811523,0.29287266731262207,0.29287266731262207,0.029206015169620514,0.029206015169620514,0.004584037233144045,0.027257665991783142,0.10238534212112427,0.09239119291305542,0.11230935156345367,0.30845916271209717,0.41470417380332947,0.2246759980916977,architecture_101,architecture,101
2,899,False,2,-2.116593599319458,0.27255797386169434,0.5654306411743164,0.02392728440463543,0.04531087353825569,0.007590943481773138,0.03231701999902725,0.18237219750881195,0.18677732348442078,0.17800505459308624,0.4860686957836151,0.6110801696777344,0.3892446458339691,architecture_101,architecture,101
3,849,False,3,-1.8629876375198364,0.2536059617996216,0.819036602973938,0.018992967903614044,0.06130063161253929,0.01138648297637701,0.05782866105437279,0.2944733798503876,0.3070812523365021,0.2819794714450836,0.6508572101593018,0.8175959587097168,0.5228772759437561,architecture_101,architecture,101
4,799,True,0,-1.6268385648727417,0.23614907264709473,0.0,0.024580178782343864,0.0,0.0,0.0,0.0,0.0,0.0,0.0,0.0,0.0,architecture_101,architecture,101
5,749,False,1,-1.406521201133728,0.22031736373901367,0.22031736373901367,0.03308924287557602,0.03308924287557602,0.02844046801328659,0.14724265038967133,0.32485106587409973,0.37781643867492676,0.2716096043586731,0.5941517949104309,0.7189867496490479,0.48199185729026794,architecture_101,architecture,101
6,699,False,2,-1.200291395187378,0.2062298059463501,0.42654716968536377,0.058675266802310944,0.07806193083524704,0.0515630804002285,0.15063919126987457,0.48443150520324707,0.5141264796257019,0.4551098942756653,0.904716968536377,1.0119409561157227,0.799301028251648,architecture_101,architecture,101
7,649,False,3,-1.006303310394287,0.19398808479309082,0.6205352544784546,0.05303489416837692,0.1005495935678482,0.07723657786846161,0.15356586873531342,0.5878084301948547,0.6044646501541138,0.5712290406227112,0.9492157697677612,1.0650376081466675,0.8385103940963745,architecture_101,architecture,101
8,599,True,0,-0.8226233124732971,0.18367999792099,0.0,0.049188513308763504,0.0,0.0,0.0,0.0,0.0,0.0,0.0,0.0,0.0,architecture_101,architecture,101
9,549,False,1,-0.6472349762916565,0.17538833618164062,0.17538833618164062,0.05279850214719772,0.05279850214719772,0.04167530685663223,0.17686522006988525,0.26915106177330017,0.2814777195453644,0.25688788294792175,0.273936927318573,0.30831101536750793,0.2389082908630371,architecture_101,architecture,101
10,500,False,2,-0.4813636541366577,0.16587132215499878,0.3412596583366394,0.05837235972285271,0.10437269508838654,0.08219911903142929,0.2574911415576935,0.4284418225288391,0.433237224817276,0.4236794710159302,0.4643171429634094,0.5125041007995605,0.41400763392448425,architecture_101,architecture,101
11,450,False,3,-0.31602802872657776,0.16533562541007996,0.5065952837467194,0.056096892803907394,0.15184471011161804,0.12712198495864868,0.2991592586040497,0.5484780073165894,0.552929162979126,0.5440458059310913,0.6011029481887817,0.6501695513725281,0.5497817993164062,architecture_101,architecture,101
12,400,True,0,-0.15219885110855103,0.16382917761802673,0.0,0.05441524088382721,0.0,0.0,0.0,0.0,0.0,0.0,0.0,0.0,0.0,architecture_101,architecture,101
13,350,False,1,0.012974858283996582,0.1651737093925476,0.1651737093925476,0.052446506917476654,0.052446506917476654,0.058074839413166046,0.16088388860225677,0.20443423092365265,0.21351999044418335,0.1953657567501068,0.21872538328170776,0.2320420891046524,0.20476539433002472,architecture_101,architecture,101
14,300,False,2,0.1830180287361145,0.17004317045211792,0.3352168798446655,0.05235854908823967,0.10265439748764038,0.11960992962121964,0.2643265724182129,0.3552570044994354,0.3648490011692047,0.3456791341304779,0.38696029782295227,0.41058045625686646,0.36242422461509705,architecture_101,architecture,101
15,250,False,3,0.36269381642341614,0.17967578768730164,0.5148926675319672,0.05139966681599617,0.15190720558166504,0.18245159089565277,0.33477267622947693,0.4707415997982025,0.4804311990737915,0.46105629205703735,0.4984777271747589,0.52371746301651,0.4724002182483673,architecture_101,architecture,101
16,200,True,0,0.5591998100280762,0.19650599360466003,0.0,0.049258045852184296,0.0,0.0,0.0,0.0,0.0,0.0,0.0,0.0,0.0,architecture_101,architecture,101
17,150,False,1,0.7850973606109619,0.22589755058288574,0.22589755058288574,0.048569921404123306,0.048569921404123306,0.0800551250576973,0.1277129054069519,0.16422630846500397,0.16671256721019745,0.1617405265569687,0.15376795828342438,0.15697826445102692,0.15046806633472443,architecture_101,architecture,101
18,100,False,2,1.0673118829727173,0.28221452236175537,0.5081120729446411,0.047784022986888885,0.09590046852827072,0.17585352063179016,0.25026312470436096,0.31661391258239746,0.3203398883342743,0.312889039516449,0.280288428068161,0.28521615266799927,0.2752349376678467,architecture_101,architecture,101
19,50,False,3,1.4890689849853516,0.4217571020126343,0.9298691749572754,0.04922236502170563,0.14379684627056122,0.3103528916835785,0.39338234066963196,0.46676579117774963,0.47085997462272644,0.46267417073249817,0.39742663502693176,0.4026309847831726,0.39209890365600586,architecture_101,architecture,101
0,999,True,0,-2.6820242404937744,0.0,0.0,0.0,0.0,0.0,0.0,0.0,0.0,0.0,0.0,0.0,0.0,architecture_202,architecture,202
1,949,False,1,-2.3891515731811523,0.29287266731262207,0.29287266731262207,0.038499556481838226,0.038499556481838226,0.006321164313703775,0.038130007684230804,0.12167838960886002,0.11544887721538544,0.12786711752414703,0.36384373903274536,0.5083001852035522,0.24655859172344208,architecture_202,architecture,202
2,899,False,2,-2.116593599319458,0.27255797386169434,0.5654306411743164,0.01664833165705204,0.0438709519803524,0.00829384010285139,0.04401563107967377,0.18979254364967346,0.18773476779460907,0.19182823598384857,0.5070023536682129,0.6983501315116882,0.3560587763786316,architecture_202,architecture,202
3,849,False,3,-1.8629876375198364,0.2536059617996216,0.819036602973938,0.020888671278953552,0.061272867023944855,0.011677681468427181,0.06978253275156021,0.30106619000434875,0.29965731501579285,0.30245381593704224,0.6787795424461365,0.9031760692596436,0.5042517781257629,architecture_202,architecture,202
4,799,True,0,-1.6268385648727417,0.23614907264709473,0.0,0.025082895532250404,0.0,0.0,0.0,0.0,0.0,0.0,0.0,0.0,0.0,architecture_202,architecture,202
5,749,False,1,-1.406521201133728,0.22031736373901367,0.22031736373901367,0.04447803646326065,0.04447803646326065,0.0332346148788929,0.10559548437595367,0.40924298763275146,0.4614584147930145,0.3573076128959656,0.7299044132232666,0.9236546754837036,0.544752836227417,architecture_202,architecture,202
6,699,False,2,-1.200291395187378,0.2062298059463501,0.42654716968536377,0.03891145437955856,0.06654196232557297,0.04683361202478409,0.1327245533466339,0.5137588381767273,0.5431229472160339,0.4847850799560547,0.7910203337669373,0.9619920253753662,0.6247600317001343,architecture_202,architecture,202
7,649,False,3,-1.006303310394287,0.19398808479309082,0.6205352544784546,0.04015115275979042,0.09793888032436371,0.06715969741344452,0.1538294404745102,0.6172921061515808,0.6428667902946472,0.5919396877288818,0.8764082193374634,1.016768217086792,0.7377606630325317,architecture_202,architecture,202
8,599,True,0,-0.8226233124732971,0.18367999792099,0.0,0.04298079013824463,0.0,0.0,0.0,0.0,0.0,0.0,0.0,0.0,0.0,architecture_202,architecture,202
9,549,False,1,-0.6472349762916565,0.17538833618164062,0.17538833618164062,0.04628773406147957,0.04628773406147957,0.03062799945473671,0.09947178512811661,0.21418574452400208,0.2286931872367859,0.19969262182712555,0.22651231288909912,0.25328508019447327,0.1988123208284378,architecture_202,architecture,202
10,500,False,2,-0.4813636541366577,0.16587132215499878,0.3412596583366394,0.04632217064499855,0.09071043133735657,0.06392684578895569,0.177732452750206,0.3621186912059784,0.3766515254974365,0.34760138392448425,0.3864661157131195,0.422229528427124,0.34944242238998413,architecture_202,architecture,202
11,450,False,3,-0.31602802872657776,0.16533562541007996,0.5065952837467194,0.049765557050704956,0.13746041059494019,0.11028403788805008,0.2539229989051819,0.5034362077713013,0.5162926316261292,0.49060356616973877,0.5253428220748901,0.5607591271400452,0.4885859787464142,architecture_202,architecture,202
12,400,True,0,-0.15219885110855103,0.16382917761802673,0.0,0.05230465903878212,0.0,0.0,0.0,0.0,0.0,0.0,0.0,0.0,0.0,architecture_202,architecture,202
13,350,False,1,0.012974858283996582,0.1651737093925476,0.1651737093925476,0.052133411169052124,0.052133411169052124,0.06127382442355156,0.14564134180545807,0.2122131735086441,0.22024282813072205,0.20419606566429138,0.21410883963108063,0.22835102677345276,0.19923560321331024,architecture_202,architecture,202
14,300,False,2,0.1830180287361145,0.17004317045211792,0.3352168798446655,0.0525476448237896,0.10301227122545242,0.11948960274457932,0.230398029088974,0.36040642857551575,0.3706987202167511,0.3501078188419342,0.36039960384368896,0.37744399905204773,0.34263354539871216,architecture_202,architecture,202
15,250,False,3,0.36269381642341614,0.17967578768730164,0.5148926675319672,0.05166495963931084,0.15290625393390656,0.17363165318965912,0.28717273473739624,0.4681956171989441,0.4786735475063324,0.457694947719574,0.4582286775112152,0.47604629397392273,0.4396967887878418,architecture_202,architecture,202
16,200,True,0,0.5591998100280762,0.19650599360466003,0.0,0.05063465237617493,0.0,0.0,0.0,0.0,0.0,0.0,0.0,0.0,0.0,architecture_202,architecture,202
17,150,False,1,0.7850973606109619,0.22589755058288574,0.22589755058288574,0.05013229697942734,0.05013229697942734,0.07026805728673935,0.10980460792779922,0.15813127160072327,0.15981264412403107,0.1564469188451767,0.14979025721549988,0.1524379551410675,0.14704951643943787,architecture_202,architecture,202
18,100,False,2,1.0673118829727173,0.28221452236175537,0.5081120729446411,0.050533220171928406,0.10030042380094528,0.15853488445281982,0.21481873095035553,0.31027325987815857,0.3134128153324127,0.307129830121994,0.2814892828464508,0.28665244579315186,0.27617090940475464,architecture_202,architecture,202
19,50,False,3,1.4890689849853516,0.4217571020126343,0.9298691749572754,0.05375507101416588,0.15291377902030945,0.2797223925590515,0.3374169170856476,0.46139684319496155,0.4651755392551422,0.4576171636581421,0.39782068133354187,0.4062473177909851,0.389199823141098,architecture_202,architecture,202
0,999,True,0,-2.6820242404937744,0.0,0.0,0.0,0.0,0.0,0.0,0.0,0.0,0.0,0.0,0.0,0.0,nature_101,nature,101
1,949,False,1,-2.3891515731811523,0.29287266731262207,0.29287266731262207,0.07797957956790924,0.07797957956790924,0.014405524358153343,0.08744973689317703,0.18344129621982574,0.20847438275814056,0.15890538692474365,0.6812114715576172,0.928487241268158,0.4786032736301422,nature_101,nature,101
2,899,False,2,-2.116593599319458,0.27255797386169434,0.5654306411743164,0.05454641208052635,0.11377853900194168,0.03167394548654556,0.097195565700531,0.3018302917480469,0.3420802652835846,0.26212278008461,0.9064903259277344,1.11447012424469,0.7240665555000305,nature_101,nature,101
3,849,False,3,-1.8629876375198364,0.2536059617996216,0.819036602973938,0.04753889888525009,0.15521323680877686,0.04635385051369667,0.10868708044290543,0.38151729106903076,0.41503235697746277,0.3484984040260315,0.9928582906723022,1.1681528091430664,0.8354781866073608,nature_101,nature,101
4,799,True,0,-1.6268385648727417,0.23614907264709473,0.0,0.0560154989361763,0.0,0.0,0.0,0.0,0.0,0.0,0.0,0.0,0.0,nature_101,nature,101
5,749,False,1,-1.406521201133728,0.22031736373901367,0.22031736373901367,0.06307848542928696,0.06307848542928696,0.01389662642031908,0.032275401055812836,0.1213383749127388,0.12208573520183563,0.12060179561376572,0.1986108422279358,0.21629874408245087,0.18221420049667358,nature_101,nature,101
6,699,False,2,-1.200291395187378,0.2062298059463501,0.42654716968536377,0.07231774181127548,0.13541005551815033,0.029060840606689453,0.045045796781778336,0.2403378188610077,0.249232217669487,0.2315136045217514,0.40038031339645386,0.43897613883018494,0.3642932176589966,nature_101,nature,101
7,649,False,3,-1.006303310394287,0.19398808479309082,0.6205352544784546,0.07145863771438599,0.2063615471124649,0.04458114504814148,0.06314944475889206,0.32671964168548584,0.33561819791793823,0.3178785741329193,0.5109202265739441,0.5598610043525696,0.46485307812690735,nature_101,nature,101
8,599,True,0,-0.8226233124732971,0.18367999792099,0.0,0.07670798897743225,0.0,0.0,0.0,0.0,0.0,0.0,0.0,0.0,0.0,nature_101,nature,101
9,549,False,1,-0.6472349762916565,0.17538833618164062,0.17538833618164062,0.07764966040849686,0.07764966040849686,0.016657542437314987,0.025844072923064232,0.10141929984092712,0.10394342243671417,0.09891197830438614,0.14143282175064087,0.15274253487586975,0.130726158618927,nature_101,nature,101
10,500,False,2,-0.4813636541366577,0.16587132215499878,0.3412596583366394,0.07551832497119904,0.1557655930519104,0.03488114848732948,0.05053411051630974,0.1922033280134201,0.1954217553138733,0.18900637328624725,0.24928689002990723,0.26774290204048157,0.2318028211593628,nature_101,nature,101
11,450,False,3,-0.31602802872657776,0.16533562541007996,0.5065952837467194,0.07578358054161072,0.23714156448841095,0.05629285052418709,0.07320604473352432,0.2787728011608124,0.2825011909008026,0.2750684320926666,0.34844282269477844,0.37369269132614136,0.3244706392288208,nature_101,nature,101
12,400,True,0,-0.15219885110855103,0.16382917761802673,0.0,0.07274984568357468,0.0,0.0,0.0,0.0,0.0,0.0,0.0,0.0,0.0,nature_101,nature,101
13,350,False,1,0.012974858283996582,0.1651737093925476,0.1651737093925476,0.0687599629163742,0.0687599629163742,0.023472348228096962,0.028921762481331825,0.09701342135667801,0.09806276112794876,0.09597034007310867,0.11314545571804047,0.12126996368169785,0.10538589954376221,nature_101,nature,101
14,300,False,2,0.1830180287361145,0.17004317045211792,0.3352168798446655,0.06388828903436661,0.13518895208835602,0.050949811935424805,0.061172693967819214,0.19046972692012787,0.1920461356639862,0.1889026165008545,0.21389777958393097,0.2260405570268631,0.20227402448654175,nature_101,nature,101
15,250,False,3,0.36269381642341614,0.17967578768730164,0.5148926675319672,0.058331284672021866,0.19800324738025665,0.0832880437374115,0.09528283029794693,0.28051090240478516,0.2822904884815216,0.278741717338562,0.30295950174331665,0.31842049956321716,0.28812316060066223,nature_101,nature,101
16,200,True,0,0.5591998100280762,0.19650599360466003,0.0,0.05287979170680046,0.0,0.0,0.0,0.0,0.0,0.0,0.0,0.0,0.0,nature_101,nature,101
17,150,False,1,0.7850973606109619,0.22589755058288574,0.22589755058288574,0.04783273860812187,0.04783273860812187,0.04470115527510643,0.04845855012536049,0.11720114201307297,0.11747749894857407,0.11692644655704498,0.10374028980731964,0.10752655565738678,0.10008318722248077,nature_101,nature,101
18,100,False,2,1.0673118829727173,0.28221452236175537,0.5081120729446411,0.043634574860334396,0.09249884635210037,0.10765350610017776,0.11561768501996994,0.2452605813741684,0.24575960636138916,0.24476461112499237,0.2097376137971878,0.21649311482906342,0.2031867653131485,nature_101,nature,101
19,50,False,3,1.4890689849853516,0.4217571020126343,0.9298691749572754,0.04092225059866905,0.1348441243171692,0.21324262022972107,0.2257920652627945,0.39626678824424744,0.39682692289352417,0.3957101106643677,0.32394951581954956,0.3328280746936798,0.315302312374115,nature_101,nature,101
0,999,True,0,-2.6820242404937744,0.0,0.0,0.0,0.0,0.0,0.0,0.0,0.0,0.0,0.0,0.0,0.0,nature_202,nature,202
1,949,False,1,-2.3891515731811523,0.29287266731262207,0.29287266731262207,0.08344393223524094,0.08344393223524094,0.01631125807762146,0.0944826677441597,0.1847197562456131,0.2056693136692047,0.1639954000711441,0.6660400032997131,0.8774375319480896,0.47416558861732483,nature_202,nature,202
2,899,False,2,-2.116593599319458,0.27255797386169434,0.5654306411743164,0.038805555552244186,0.09977941960096359,0.024729277938604355,0.09306242316961288,0.2496752142906189,0.2727890610694885,0.2269536256790161,0.7430114150047302,0.9298014640808105,0.5780096650123596,nature_202,nature,202
3,849,False,3,-1.8629876375198364,0.2536059617996216,0.819036602973938,0.0526464506983757,0.14675021171569824,0.036671679466962814,0.11619837582111359,0.34740379452705383,0.3712054193019867,0.32403573393821716,0.8785877823829651,1.0560176372528076,0.7200964689254761,nature_202,nature,202
4,799,True,0,-1.6268385648727417,0.23614907264709473,0.0,0.053096089512109756,0.0,0.0,0.0,0.0,0.0,0.0,0.0,0.0,0.0,nature_202,nature,202
5,749,False,1,-1.406521201133728,0.22031736373901367,0.22031736373901367,0.059700023382902145,0.059700023382902145,0.015276605263352394,0.0478777252137661,0.15561962127685547,0.18377310037612915,0.12772749364376068,0.34386637806892395,0.4207651615142822,0.2728174328804016,nature_202,nature,202
6,699,False,2,-1.200291395187378,0.2062298059463501,0.42654716968536377,0.06438113749027252,0.12156019359827042,0.0260867178440094,0.057709891349077225,0.2444121390581131,0.26808038353919983,0.22094444930553436,0.48110294342041016,0.5714876055717468,0.39771053194999695,nature_202,nature,202
7,649,False,3,-1.006303310394287,0.19398808479309082,0.6205352544784546,0.06886972486972809,0.19193032383918762,0.039971303194761276,0.0705757737159729,0.3331356346607208,0.3553999662399292,0.31108173727989197,0.6136839985847473,0.7019311189651489,0.5324833393096924,nature_202,nature,202
8,599,True,0,-0.8226233124732971,0.18367999792099,0.0,0.07169605791568756,0.0,0.0,0.0,0.0,0.0,0.0,0.0,0.0,0.0,nature_202,nature,202
9,549,False,1,-0.6472349762916565,0.17538833618164062,0.17538833618164062,0.07280673831701279,0.07280673831701279,0.014477779157459736,0.026480449363589287,0.09946679323911667,0.10238665342330933,0.09657170623540878,0.14318442344665527,0.16511006653308868,0.1227862536907196,nature_202,nature,202
10,500,False,2,-0.4813636541366577,0.16587132215499878,0.3412596583366394,0.07134756445884705,0.1463353931903839,0.03071584925055504,0.05269922688603401,0.18852978944778442,0.1914924830198288,0.1855899840593338,0.27153250575065613,0.30468976497650146,0.24045544862747192,nature_202,nature,202
11,450,False,3,-0.31602802872657776,0.16533562541007996,0.5065952837467194,0.0720851719379425,0.22305800020694733,0.05141070857644081,0.07792039215564728,0.27324050664901733,0.27679768204689026,0.26970499753952026,0.39110445976257324,0.43035048246383667,0.35412290692329407,nature_202,nature,202
12,400,True,0,-0.15219885110855103,0.16382917761802673,0.0,0.0694568082690239,0.0,0.0,0.0,0.0,0.0,0.0,0.0,0.0,0.0,nature_202,nature,202
13,350,False,1,0.012974858283996582,0.1651737093925476,0.1651737093925476,0.06561467796564102,0.06561467796564102,0.02599041536450386,0.0373508594930172,0.10470603406429291,0.10626049339771271,0.10316136479377747,0.13054032623767853,0.14137573540210724,0.12026119232177734,nature_202,nature,202
14,300,False,2,0.1830180287361145,0.17004317045211792,0.3352168798446655,0.061156146228313446,0.1289205104112625,0.058828964829444885,0.07495790719985962,0.20805776119232178,0.2103472203016281,0.20578253269195557,0.2471054345369339,0.2640012204647064,0.2310171276330948,nature_202,nature,202
15,250,False,3,0.36269381642341614,0.17967578768730164,0.5148926675319672,0.05654462054371834,0.18938785791397095,0.09936469048261642,0.11452894657850266,0.30881959199905396,0.31195390224456787,0.3057035505771637,0.3510967791080475,0.37073343992233276,0.33236458897590637,nature_202,nature,202
16,200,True,0,0.5591998100280762,0.19650599360466003,0.0,0.05155652016401291,0.0,0.0,0.0,0.0,0.0,0.0,0.0,0.0,0.0,nature_202,nature,202
17,150,False,1,0.7850973606109619,0.22589755058288574,0.22589755058288574,0.046824995428323746,0.046824995428323746,0.05321594700217247,0.05974044278264046,0.12746255099773407,0.12851449847221375,0.1264163851737976,0.12917017936706543,0.13445785641670227,0.12410858273506165,nature_202,nature,202
18,100,False,2,1.0673118829727173,0.28221452236175537,0.5081120729446411,0.04297146573662758,0.09071562439203262,0.12607163190841675,0.13643896579742432,0.2608402967453003,0.26184865832328796,0.25983741879463196,0.2556908130645752,0.2638407051563263,0.24785396456718445,nature_202,nature,202
19,50,False,3,1.4890689849853516,0.4217571020126343,0.9298691749572754,0.04042481631040573,0.13242046535015106,0.24743524193763733,0.26312944293022156,0.4138263761997223,0.4145384728908539,0.41311824321746826,0.3858451843261719,0.39467954635620117,0.37729763984680176,nature_202,nature,202
0,999,True,0,-2.6820242404937744,0.0,0.0,0.0,0.0,0.0,0.0,0.0,0.0,0.0,0.0,0.0,0.0,objects_101,objects,101
1,949,False,1,-2.3891515731811523,0.29287266731262207,0.29287266731262207,0.04116961732506752,0.04116961732506752,0.011527744121849537,0.04953770339488983,0.14023444056510925,0.1393863707780838,0.14108136296272278,0.48525458574295044,0.660611093044281,0.36532852053642273,objects_101,objects,101
2,899,False,2,-2.116593599319458,0.27255797386169434,0.5654306411743164,0.07246226817369461,0.10794398188591003,0.03658758103847504,0.12280070781707764,0.3158015310764313,0.3322320580482483,0.2994929552078247,0.8492287993431091,1.0706336498260498,0.6849977970123291,objects_101,objects,101
3,849,False,3,-1.8629876375198364,0.2536059617996216,0.819036602973938,0.09841904044151306,0.17809021472930908,0.05448215827345848,0.11406020820140839,0.4277085065841675,0.4262942373752594,0.4291057884693146,0.9995735883712769,1.1491897106170654,0.8766487240791321,objects_101,objects,101
4,799,True,0,-1.6268385648727417,0.23614907264709473,0.0,0.09438437223434448,0.0,0.0,0.0,0.0,0.0,0.0,0.0,0.0,0.0,objects_101,objects,101
5,749,False,1,-1.406521201133728,0.22031736373901367,0.22031736373901367,0.0919562503695488,0.0919562503695488,0.023351699113845825,0.1027737408876419,0.2360074669122696,0.26824384927749634,0.2039528638124466,0.5267689228057861,0.6321144104003906,0.4277198910713196,objects_101,objects,101
6,699,False,2,-1.200291395187378,0.2062298059463501,0.42654716968536377,0.08000284433364868,0.16419640183448792,0.0437731109559536,0.1329658180475235,0.3587469160556793,0.3851117491722107,0.3325471580028534,0.6215899586677551,0.7150951027870178,0.5320000052452087,objects_101,objects,101
7,649,False,3,-1.006303310394287,0.19398808479309082,0.6205352544784546,0.0881986990571022,0.2534613311290741,0.06621552258729935,0.15379291772842407,0.4651690125465393,0.4898492395877838,0.44062691926956177,0.7271048426628113,0.8109726905822754,0.6465016603469849,objects_101,objects,101
8,599,True,0,-0.8226233124732971,0.18367999792099,0.0,0.08541896194219589,0.0,0.0,0.0,0.0,0.0,0.0,0.0,0.0,0.0,objects_101,objects,101
9,549,False,1,-0.6472349762916565,0.17538833618164062,0.17538833618164062,0.08573950827121735,0.08573950827121735,0.019733406603336334,0.038314882665872574,0.12360256910324097,0.12809157371520996,0.11913756281137466,0.16222470998764038,0.17678877711296082,0.14791043102741241,objects_101,objects,101
10,500,False,2,-0.4813636541366577,0.16587132215499878,0.3412596583366394,0.08157729357481003,0.17110565304756165,0.03895534202456474,0.06971040368080139,0.22268176078796387,0.22909210622310638,0.21630746126174927,0.2738499641418457,0.291708767414093,0.25607582926750183,objects_101,objects,101
11,450,False,3,-0.31602802872657776,0.16533562541007996,0.5065952837467194,0.07986567914485931,0.2587086260318756,0.060096945613622665,0.10083456337451935,0.31202882528305054,0.3205755352973938,0.30352717638015747,0.364597886800766,0.3825058937072754,0.3466797173023224,objects_101,objects,101
12,400,True,0,-0.15219885110855103,0.16382917761802673,0.0,0.07542998343706131,0.0,0.0,0.0,0.0,0.0,0.0,0.0,0.0,0.0,objects_101,objects,101
13,350,False,1,0.012974858283996582,0.1651737093925476,0.1651737093925476,0.06999284774065018,0.06999284774065018,0.02393496036529541,0.03995964303612709,0.10057761520147324,0.1030460000038147,0.09811758995056152,0.11264301091432571,0.11743997037410736,0.10783910751342773,objects_101,objects,101
14,300,False,2,0.1830180287361145,0.17004317045211792,0.3352168798446655,0.06402749568223953,0.13682708144187927,0.05214979499578476,0.08010762184858322,0.19623158872127533,0.1998523473739624,0.19262225925922394,0.21697282791137695,0.22494027018547058,0.20896755158901215,objects_101,objects,101
15,250,False,3,0.36269381642341614,0.17967578768730164,0.5148926675319672,0.05791429802775383,0.19960267841815948,0.08605301380157471,0.12071181833744049,0.287616103887558,0.29189032316207886,0.28335505723953247,0.3048943877220154,0.31535804271698,0.29434677958488464,objects_101,objects,101
16,200,True,0,0.5591998100280762,0.19650599360466003,0.0,0.05200951173901558,0.0,0.0,0.0,0.0,0.0,0.0,0.0,0.0,0.0,objects_101,objects,101
17,150,False,1,0.7850973606109619,0.22589755058288574,0.22589755058288574,0.04647369682788849,0.04647369682788849,0.04713927581906319,0.05380241572856903,0.11625336110591888,0.11738072335720062,0.11512921005487442,0.09712990373373032,0.10022265464067459,0.09400392323732376,objects_101,objects,101
18,100,False,2,1.0673118829727173,0.28221452236175537,0.5081120729446411,0.04155623912811279,0.08903292566537857,0.11470373719930649,0.12690651416778564,0.24168086051940918,0.2436475157737732,0.23971913754940033,0.19675464928150177,0.2040020227432251,0.18942950665950775,objects_101,objects,101
19,50,False,3,1.4890689849853516,0.4217571020126343,0.9298691749572754,0.03841009736061096,0.12873676419258118,0.22663655877113342,0.24783359467983246,0.38755035400390625,0.3899117410182953,0.38519415259361267,0.29969149827957153,0.30972200632095337,0.2895527482032776,objects_101,objects,101
0,999,True,0,-2.6820242404937744,0.0,0.0,0.0,0.0,0.0,0.0,0.0,0.0,0.0,0.0,0.0,0.0,objects_202,objects,202
1,949,False,1,-2.3891515731811523,0.29287266731262207,0.29287266731262207,0.040070079267024994,0.040070079267024994,0.005231467541307211,0.03770638629794121,0.10940248519182205,0.11099356412887573,0.10781419277191162,0.2910972833633423,0.42770734429359436,0.19343864917755127,objects_202,objects,202
2,899,False,2,-2.116593599319458,0.27255797386169434,0.5654306411743164,0.036333438009023666,0.06442607939243317,0.009270583279430866,0.05035804212093353,0.18863782286643982,0.19045566022396088,0.18682199716567993,0.4579744338989258,0.5988417863845825,0.3595677614212036,objects_202,objects,202
3,849,False,3,-1.8629876375198364,0.2536059617996216,0.819036602973938,0.04943995177745819,0.11109791696071625,0.023511584848165512,0.07890505343675613,0.2973373234272003,0.29698601365089417,0.297686904668808,0.8143259286880493,1.031152606010437,0.6476038694381714,objects_202,objects,202
4,799,True,0,-1.6268385648727417,0.23614907264709473,0.0,0.051098622381687164,0.0,0.0,0.0,0.0,0.0,0.0,0.0,0.0,0.0,objects_202,objects,202
5,749,False,1,-1.406521201133728,0.22031736373901367,0.22031736373901367,0.08169287443161011,0.08169287443161011,0.02640099637210369,0.12239902466535568,0.24581964313983917,0.2856651842594147,0.20624223351478577,0.6278472542762756,0.8461884260177612,0.4569585919380188,objects_202,objects,202
6,699,False,2,-1.200291395187378,0.2062298059463501,0.42654716968536377,0.06702911108732224,0.13103143870830536,0.0397479385137558,0.13246482610702515,0.3511860966682434,0.37706321477890015,0.32547318935394287,0.747601330280304,0.9397213459014893,0.5886511206626892,objects_202,objects,202
7,649,False,3,-1.006303310394287,0.19398808479309082,0.6205352544784546,0.07234932482242584,0.1899312436580658,0.06061047315597534,0.17103075981140137,0.4622842073440552,0.4849781394004822,0.4397074282169342,0.8393687605857849,1.0116790533065796,0.6894969940185547,objects_202,objects,202
8,599,True,0,-0.8226233124732971,0.18367999792099,0.0,0.07967360317707062,0.0,0.0,0.0,0.0,0.0,0.0,0.0,0.0,0.0,objects_202,objects,202
9,549,False,1,-0.6472349762916565,0.17538833618164062,0.17538833618164062,0.0681440681219101,0.0681440681219101,0.02452193573117256,0.06901886314153671,0.1605440080165863,0.17157982289791107,0.1495203971862793,0.2568383514881134,0.285971999168396,0.229027658700943,objects_202,objects,202
10,500,False,2,-0.4813636541366577,0.16587132215499878,0.3412596583366394,0.06640499085187912,0.13271453976631165,0.04687704145908356,0.09910579025745392,0.2660279870033264,0.27721932530403137,0.2548518180847168,0.4285646378993988,0.4750494360923767,0.3830817639827728,objects_202,objects,202
11,450,False,3,-0.31602802872657776,0.16533562541007996,0.5065952837467194,0.06743396073579788,0.2018985003232956,0.07464549690485,0.12671588361263275,0.36454856395721436,0.3761749565601349,0.35293927788734436,0.5653386116027832,0.6176357269287109,0.5134819746017456,objects_202,objects,202
12,400,True,0,-0.15219885110855103,0.16382917761802673,0.0,0.06457867473363876,0.0,0.0,0.0,0.0,0.0,0.0,0.0,0.0,0.0,objects_202,objects,202
13,350,False,1,0.012974858283996582,0.1651737093925476,0.1651737093925476,0.06257204711437225,0.06257204711437225,0.029132189229130745,0.055440422147512436,0.12520882487297058,0.1293887048959732,0.12103880196809769,0.1929067224264145,0.2038220912218094,0.1819481998682022,objects_202,objects,202
14,300,False,2,0.1830180287361145,0.17004317045211792,0.3352168798446655,0.059420060366392136,0.12339650094509125,0.06441868841648102,0.0933753103017807,0.24336232244968414,0.24983803927898407,0.23690810799598694,0.31941094994544983,0.3358190059661865,0.30280908942222595,objects_202,objects,202
15,250,False,3,0.36269381642341614,0.17967578768730164,0.5148926675319672,0.055753763765096664,0.18209029734134674,0.10304953902959824,0.13333939015865326,0.3474137485027313,0.3546768128871918,0.34017807245254517,0.40474238991737366,0.42328372597694397,0.3859332203865051,objects_202,objects,202
16,200,True,0,0.5591998100280762,0.19650599360466003,0.0,0.05155384913086891,0.0,0.0,0.0,0.0,0.0,0.0,0.0,0.0,0.0,objects_202,objects,202
17,150,False,1,0.7850973606109619,0.22589755058288574,0.22589755058288574,0.0474594347178936,0.0474594347178936,0.05165093392133713,0.06187048181891441,0.13424628973007202,0.13510198891162872,0.1333938091993332,0.10994227975606918,0.11560999602079391,0.10420167446136475,objects_202,objects,202
18,100,False,2,1.0673118829727173,0.28221452236175537,0.5081120729446411,0.044019751250743866,0.09224282205104828,0.12222005426883698,0.13418836891651154,0.27475541830062866,0.2763199508190155,0.27319595217704773,0.22001449763774872,0.2307828962802887,0.20912723243236542,objects_202,objects,202
19,50,False,3,1.4890689849853516,0.4217571020126343,0.9298691749572754,0.04170322045683861,0.13499154150485992,0.2352892905473709,0.25373801589012146,0.4309781789779663,0.43268540501594543,0.4292755126953125,0.33939266204833984,0.35420534014701843,0.32447102665901184,objects_202,objects,202
0,999,True,0,-2.6820242404937744,0.0,0.0,0.0,0.0,0.0,0.0,0.0,0.0,0.0,0.0,0.0,0.0,text_101,text,101
1,949,False,1,-2.3891515731811523,0.29287266731262207,0.29287266731262207,0.0250069759786129,0.0250069759786129,0.004318214021623135,0.021395137533545494,0.08944033086299896,0.08725148439407349,0.09157821536064148,0.2576330602169037,0.3260968029499054,0.205032080411911,text_101,text,101
2,899,False,2,-2.116593599319458,0.27255797386169434,0.5654306411743164,0.026779331266880035,0.048867568373680115,0.00951812881976366,0.03747892379760742,0.18118509650230408,0.17549385130405426,0.1867295652627945,0.46791577339172363,0.5697601437568665,0.38971227407455444,text_101,text,101
3,849,False,3,-1.8629876375198364,0.2536059617996216,0.819036602973938,0.033955276012420654,0.07954317331314087,0.01876307651400566,0.08101367950439453,0.3101634979248047,0.29428088665008545,0.3255338668823242,0.7300224304199219,0.8750513195991516,0.6242512464523315,text_101,text,101
4,799,True,0,-1.6268385648727417,0.23614907264709473,0.0,0.05323627591133118,0.0,0.0,0.0,0.0,0.0,0.0,0.0,0.0,0.0,text_101,text,101
5,749,False,1,-1.406521201133728,0.22031736373901367,0.22031736373901367,0.06735257059335709,0.06735257059335709,0.02517586760222912,0.11360199749469757,0.24714909493923187,0.2994253933429718,0.19543404877185822,0.5991876721382141,0.8511663675308228,0.4123997688293457,text_101,text,101
6,699,False,2,-1.200291395187378,0.2062298059463501,0.42654716968536377,0.04966595023870468,0.0940355733036995,0.040722109377384186,0.1223599836230278,0.3196593225002289,0.34532299637794495,0.2940557599067688,0.532338559627533,0.6544861197471619,0.4256862998008728,text_101,text,101
7,649,False,3,-1.006303310394287,0.19398808479309082,0.6205352544784546,0.06386256963014603,0.1481909304857254,0.06493242084980011,0.16740985214710236,0.4272353947162628,0.44735705852508545,0.40716543793678284,0.6548936367034912,0.7490051984786987,0.5714187622070312,text_101,text,101
8,599,True,0,-0.8226233124732971,0.18367999792099,0.0,0.06591137498617172,0.0,0.0,0.0,0.0,0.0,0.0,0.0,0.0,0.0,text_101,text,101
9,549,False,1,-0.6472349762916565,0.17538833618164062,0.17538833618164062,0.06386333703994751,0.06386333703994751,0.03024437464773655,0.06308981031179428,0.1725412756204605,0.18650272488594055,0.15861018002033234,0.23974815011024475,0.27641788125038147,0.20607049763202667,text_101,text,101
10,500,False,2,-0.4813636541366577,0.16587132215499878,0.3412596583366394,0.05883852019906044,0.12186190485954285,0.05953364819288254,0.09910927712917328,0.2937343418598175,0.3100607097148895,0.27745065093040466,0.3960639238357544,0.44909244775772095,0.3465430736541748,text_101,text,101
11,450,False,3,-0.31602802872657776,0.16533562541007996,0.5065952837467194,0.05983101204037666,0.18299296498298645,0.09110970050096512,0.1279144585132599,0.39609575271606445,0.4114428162574768,0.3807852864265442,0.5386880040168762,0.5938037037849426,0.48659181594848633,text_101,text,101
12,400,True,0,-0.15219885110855103,0.16382917761802673,0.0,0.057913053780794144,0.0,0.0,0.0,0.0,0.0,0.0,0.0,0.0,0.0,text_101,text,101
13,350,False,1,0.012974858283996582,0.1651737093925476,0.1651737093925476,0.055278927087783813,0.055278927087783813,0.03707325458526611,0.05178188532590866,0.13131923973560333,0.13354912400245667,0.1290961056947708,0.16936959326267242,0.18026600778102875,0.1588778793811798,text_101,text,101
14,300,False,2,0.1830180287361145,0.17004317045211792,0.3352168798446655,0.05280528962612152,0.10935061424970627,0.08089937269687653,0.10110124200582504,0.25353559851646423,0.257153183221817,0.24992889165878296,0.3215283751487732,0.3396621346473694,0.3039233982563019,text_101,text,101
15,250,False,3,0.36269381642341614,0.17967578768730164,0.5148926675319672,0.049555014818906784,0.16118477284908295,0.13174396753311157,0.15445300936698914,0.36426934599876404,0.36833682656288147,0.3602130115032196,0.4378054738044739,0.46000444889068604,0.4161176085472107,text_101,text,101
16,200,True,0,0.5591998100280762,0.19650599360466003,0.0,0.046100981533527374,0.0,0.0,0.0,0.0,0.0,0.0,0.0,0.0,0.0,text_101,text,101
17,150,False,1,0.7850973606109619,0.22589755058288574,0.22589755058288574,0.04272448644042015,0.04272448644042015,0.06544189155101776,0.07340595871210098,0.14318786561489105,0.14424997568130493,0.14212752878665924,0.14754609763622284,0.1529383808374405,0.14221549034118652,text_101,text,101
18,100,False,2,1.0673118829727173,0.28221452236175537,0.5081120729446411,0.0396757498383522,0.0829429030418396,0.1497679501771927,0.16349513828754425,0.2832517921924591,0.2844451665878296,0.28206029534339905,0.2712891101837158,0.279992938041687,0.2626606523990631,text_101,text,101
19,50,False,3,1.4890689849853516,0.4217571020126343,0.9298691749572754,0.03827850893139839,0.12178529798984528,0.2762567698955536,0.2979537844657898,0.4329847991466522,0.43424007296562195,0.4317314326763153,0.3869726061820984,0.3995113968849182,0.37452882528305054,text_101,text,101
0,999,True,0,-2.6820242404937744,0.0,0.0,0.0,0.0,0.0,0.0,0.0,0.0,0.0,0.0,0.0,0.0,text_202,text,202
1,949,False,1,-2.3891515731811523,0.29287266731262207,0.29287266731262207,0.03394562378525734,0.03394562378525734,0.0058349366299808025,0.03528694435954094,0.11533299088478088,0.11106043308973312,0.11950336396694183,0.24894261360168457,0.3387351334095001,0.177899569272995,text_202,text,202
2,899,False,2,-2.116593599319458,0.27255797386169434,0.5654306411743164,0.03564672917127609,0.060737088322639465,0.012038902379572392,0.047099653631448746,0.22600124776363373,0.22287701070308685,0.22905664145946503,0.4884469211101532,0.6127216815948486,0.3924550414085388,text_202,text,202
3,849,False,3,-1.8629876375198364,0.2536059617996216,0.819036602973938,0.050365544855594635,0.10578054934740067,0.02495706081390381,0.06970202922821045,0.3886447250843048,0.39725539088249207,0.3801310658454895,0.8355963826179504,1.0347739458084106,0.6826875805854797,text_202,text,202
4,799,True,0,-1.6268385648727417,0.23614907264709473,0.0,0.05027938634157181,0.0,0.0,0.0,0.0,0.0,0.0,0.0,0.0,0.0,text_202,text,202
5,749,False,1,-1.406521201133728,0.22031736373901367,0.22031736373901367,0.05260832607746124,0.05260832607746124,0.01816997490823269,0.04465160146355629,0.16878017783164978,0.18543025851249695,0.15222547948360443,0.3171543776988983,0.39490631222724915,0.2476157397031784,text_202,text,202
6,699,False,2,-1.200291395187378,0.2062298059463501,0.42654716968536377,0.04622642323374748,0.09605269134044647,0.03663698211312294,0.0743393674492836,0.2963835597038269,0.31612786650657654,0.2767254412174225,0.4875902533531189,0.5823025107383728,0.4004305899143219,text_202,text,202
7,649,False,3,-1.006303310394287,0.19398808479309082,0.6205352544784546,0.05054628103971481,0.14468112587928772,0.06029286980628967,0.08904745429754257,0.4099234640598297,0.4302997887134552,0.38960641622543335,0.6307251453399658,0.7336869835853577,0.5357213616371155,text_202,text,202
8,599,True,0,-0.8226233124732971,0.18367999792099,0.0,0.051671747118234634,0.0,0.0,0.0,0.0,0.0,0.0,0.0,0.0,0.0,text_202,text,202
9,549,False,1,-0.6472349762916565,0.17538833618164062,0.17538833618164062,0.05457669124007225,0.05457669124007225,0.027554797008633614,0.04603208601474762,0.15378959476947784,0.15551675856113434,0.15207017958164215,0.1841173768043518,0.1987774670124054,0.17022043466567993,text_202,text,202
10,500,False,2,-0.4813636541366577,0.16587132215499878,0.3412596583366394,0.05619088187813759,0.11137393862009048,0.06293046474456787,0.08151920884847641,0.29598602652549744,0.30296432971954346,0.2890242040157318,0.3485518991947174,0.36968186497688293,0.32814913988113403,text_202,text,202
11,450,False,3,-0.31602802872657776,0.16533562541007996,0.5065952837467194,0.05829724669456482,0.17123562097549438,0.09549029171466827,0.11569106578826904,0.39466753602027893,0.40098127722740173,0.38837119936943054,0.47115522623062134,0.49607765674591064,0.44677597284317017,text_202,text,202
12,400,True,0,-0.15219885110855103,0.16382917761802673,0.0,0.05732590705156326,0.0,0.0,0.0,0.0,0.0,0.0,0.0,0.0,0.0,text_202,text,202
13,350,False,1,0.012974858283996582,0.1651737093925476,0.1651737093925476,0.05607372149825096,0.05607372149825096,0.03859147056937218,0.054241571575403214,0.14164325594902039,0.1427067071199417,0.14058412611484528,0.14627832174301147,0.1536838561296463,0.13901014626026154,text_202,text,202
14,300,False,2,0.1830180287361145,0.17004317045211792,0.3352168798446655,0.05398087948560715,0.1112297773361206,0.08147845417261124,0.11034070700407028,0.2655380964279175,0.2677607536315918,0.2633238732814789,0.26628413796424866,0.27883070707321167,0.2541411519050598,text_202,text,202
15,250,False,3,0.36269381642341614,0.17967578768730164,0.5148926675319672,0.05091042071580887,0.16422615945339203,0.131249338388443,0.16982924938201904,0.3744671046733856,0.3770102262496948,0.3719332814216614,0.3625238835811615,0.3779887855052948,0.3477611541748047,text_202,text,202
16,200,True,0,0.5591998100280762,0.19650599360466003,0.0,0.047696664929389954,0.0,0.0,0.0,0.0,0.0,0.0,0.0,0.0,0.0,text_202,text,202
17,150,False,1,0.7850973606109619,0.22589755058288574,0.22589755058288574,0.04454675316810608,0.04454675316810608,0.06734468042850494,0.09064881503582001,0.1525108367204666,0.15565253794193268,0.14937813580036163,0.1421731412410736,0.1511176973581314,0.1333877295255661,text_202,text,202
18,100,False,2,1.0673118829727173,0.28221452236175537,0.5081120729446411,0.04178328812122345,0.08671437203884125,0.1508965790271759,0.1845271736383438,0.29345375299453735,0.29685965180397034,0.2900552749633789,0.273327499628067,0.29021552205085754,0.2564471960067749,text_202,text,202
19,50,False,3,1.4890689849853516,0.4217571020126343,0.9298691749572754,0.04067222401499748,0.127706840634346,0.2796606719493866,0.32257169485092163,0.4446244239807129,0.44712215662002563,0.44213080406188965,0.37419334053993225,0.39047762751579285,0.3578414022922516,text_202,text,202
0,999,True,0,-2.6820242404937744,0.0,0.0,0.0,0.0,0.0,0.0,0.0,0.0,0.0,0.0,0.0,0.0,texture_101,texture,101
1,949,False,1,-2.3891515731811523,0.29287266731262207,0.29287266731262207,0.06085909157991409,0.06085909157991409,0.005907848011702299,0.04001346230506897,0.13850629329681396,0.13739755749702454,0.13963188230991364,0.4846489429473877,0.6229953169822693,0.37599414587020874,texture_101,texture,101
2,899,False,2,-2.116593599319458,0.27255797386169434,0.5654306411743164,0.05281641706824303,0.10952630639076233,0.007853546179831028,0.05859214812517166,0.24872881174087524,0.2527671456336975,0.2446347028017044,0.6945107579231262,0.9111925959587097,0.5239167809486389,texture_101,texture,101
3,849,False,3,-1.8629876375198364,0.2536059617996216,0.819036602973938,0.042842671275138855,0.14956489205360413,0.012678532861173153,0.07461228221654892,0.360212117433548,0.36587071418762207,0.3544914126396179,0.8189648389816284,1.0355238914489746,0.6429064869880676,texture_101,texture,101
4,799,True,0,-1.6268385648727417,0.23614907264709473,0.0,0.05946578085422516,0.0,0.0,0.0,0.0,0.0,0.0,0.0,0.0,0.0,texture_101,texture,101
5,749,False,1,-1.406521201133728,0.22031736373901367,0.22031736373901367,0.053346749395132065,0.053346749395132065,0.012536993250250816,0.07278067618608475,0.2371395379304886,0.22994671761989594,0.24425433576107025,0.40703627467155457,0.48814526200294495,0.33816272020339966,texture_101,texture,101
6,699,False,2,-1.200291395187378,0.2062298059463501,0.42654716968536377,0.06422673165798187,0.11110788583755493,0.04015106335282326,0.176869198679924,0.4621107280254364,0.4648136496543884,0.45941925048828125,0.6571242213249207,0.750329315662384,0.5741315484046936,texture_101,texture,101
7,649,False,3,-1.006303310394287,0.19398808479309082,0.6205352544784546,0.08405650407075882,0.17739252746105194,0.09928176552057266,0.20541583001613617,0.7118028402328491,0.7216940522193909,0.7019231915473938,0.9395821690559387,1.02577805519104,0.8570775389671326,texture_101,texture,101
8,599,True,0,-0.8226233124732971,0.18367999792099,0.0,0.0835554450750351,0.0,0.0,0.0,0.0,0.0,0.0,0.0,0.0,0.0,texture_101,texture,101
9,549,False,1,-0.6472349762916565,0.17538833618164062,0.17538833618164062,0.07737428694963455,0.07737428694963455,0.057939108461141586,0.18408039212226868,0.3549570143222809,0.3669532835483551,0.34295710921287537,0.35064688324928284,0.3795563876628876,0.32235318422317505,texture_101,texture,101
10,500,False,2,-0.4813636541366577,0.16587132215499878,0.3412596583366394,0.07298387587070465,0.14603035151958466,0.10353686660528183,0.25723230838775635,0.5182273387908936,0.5255423784255981,0.5109179615974426,0.575575590133667,0.6114562153816223,0.5404325723648071,texture_101,texture,101
11,450,False,3,-0.31602802872657776,0.16533562541007996,0.5065952837467194,0.07187667489051819,0.21721632778644562,0.14969603717327118,0.2801896035671234,0.6248388886451721,0.6354438066482544,0.6142165660858154,0.7419794797897339,0.7870903611183167,0.69822096824646,texture_101,texture,101
12,400,True,0,-0.15219885110855103,0.16382917761802673,0.0,0.06815166771411896,0.0,0.0,0.0,0.0,0.0,0.0,0.0,0.0,0.0,texture_101,texture,101
13,350,False,1,0.012974858283996582,0.1651737093925476,0.1651737093925476,0.06234652176499367,0.06234652176499367,0.0668097734451294,0.13457609713077545,0.21446478366851807,0.21881011128425598,0.21010638773441315,0.2504076361656189,0.2648138105869293,0.23645123839378357,texture_101,texture,101
14,300,False,2,0.1830180287361145,0.17004317045211792,0.3352168798446655,0.05750957503914833,0.12111292034387589,0.12739801406860352,0.20947349071502686,0.36368492245674133,0.36989825963974,0.35744962096214294,0.4338875710964203,0.45531612634658813,0.4130585491657257,texture_101,texture,101
15,250,False,3,0.36269381642341614,0.17967578768730164,0.5148926675319672,0.05269676074385643,0.1766057014465332,0.1840377002954483,0.2778303325176239,0.46721842885017395,0.47345706820487976,0.4609600603580475,0.5561245083808899,0.5814493298530579,0.5314128994941711,texture_101,texture,101
16,200,True,0,0.5591998100280762,0.19650599360466003,0.0,0.04852212220430374,0.0,0.0,0.0,0.0,0.0,0.0,0.0,0.0,0.0,texture_101,texture,101
17,150,False,1,0.7850973606109619,0.22589755058288574,0.22589755058288574,0.04406195506453514,0.04406195506453514,0.07417567819356918,0.10618007928133011,0.14767028391361237,0.14922326803207397,0.14611490070819855,0.1732863187789917,0.18152570724487305,0.1652168333530426,texture_101,texture,101
18,100,False,2,1.0673118829727173,0.28221452236175537,0.5081120729446411,0.04063310846686363,0.08531688153743744,0.16182541847229004,0.21245542168617249,0.2838592231273651,0.28594687581062317,0.2817704677581787,0.32219597697257996,0.33652910590171814,0.3081342577934265,texture_101,texture,101
19,50,False,3,1.4890689849853516,0.4217571020126343,0.9298691749572754,0.0384601429104805,0.1244335025548935,0.28668782114982605,0.3547927737236023,0.422596275806427,0.4242287576198578,0.4209654629230499,0.4534566402435303,0.4716894030570984,0.43555712699890137,texture_101,texture,101
0,999,True,0,-2.6820242404937744,0.0,0.0,0.0,0.0,0.0,0.0,0.0,0.0,0.0,0.0,0.0,0.0,texture_202,texture,202
1,949,False,1,-2.3891515731811523,0.29287266731262207,0.29287266731262207,0.03828306496143341,0.03828306496143341,0.006026614457368851,0.03312453255057335,0.11730785667896271,0.11638018488883972,0.11823277175426483,0.34837988018989563,0.45882710814476013,0.2567136287689209,texture_202,texture,202
2,899,False,2,-2.116593599319458,0.27255797386169434,0.5654306411743164,0.0316171832382679,0.05786736682057381,0.008492328226566315,0.0468808151781559,0.22449703514575958,0.19993621110916138,0.24902231991291046,0.546466588973999,0.6988073587417603,0.42398759722709656,texture_202,texture,202
3,849,False,3,-1.8629876375198364,0.2536059617996216,0.819036602973938,0.04288146272301674,0.09363121539354324,0.01582535170018673,0.119669109582901,0.3974248468875885,0.38408219814300537,0.4108457565307617,0.8433361649513245,0.9969190359115601,0.7214940190315247,texture_202,texture,202
4,799,True,0,-1.6268385648727417,0.23614907264709473,0.0,0.10415773838758469,0.0,0.0,0.0,0.0,0.0,0.0,0.0,0.0,0.0,texture_202,texture,202
5,749,False,1,-1.406521201133728,0.22031736373901367,0.22031736373901367,0.11075084656476974,0.11075084656476974,0.03728784620761871,0.16744762659072876,0.4789712131023407,0.5319675803184509,0.4259181320667267,0.7473065853118896,0.8532214760780334,0.6471630930900574,texture_202,texture,202
6,699,False,2,-1.200291395187378,0.2062298059463501,0.42654716968536377,0.0680764690041542,0.1438889503479004,0.047226905822753906,0.17056401073932648,0.5404630899429321,0.5738463401794434,0.5073395371437073,0.7982305884361267,0.891727864742279,0.7095837593078613,texture_202,texture,202
7,649,False,3,-1.006303310394287,0.19398808479309082,0.6205352544784546,0.0679343119263649,0.20852822065353394,0.07250478118658066,0.21147100627422333,0.6313542723655701,0.6567094922065735,0.6061612367630005,0.8760696053504944,0.9574548006057739,0.7981622815132141,texture_202,texture,202
8,599,True,0,-0.8226233124732971,0.18367999792099,0.0,0.07034222781658173,0.0,0.0,0.0,0.0,0.0,0.0,0.0,0.0,0.0,texture_202,texture,202
9,549,False,1,-0.6472349762916565,0.17538833618164062,0.17538833618164062,0.07073014974594116,0.07073014974594116,0.048789866268634796,0.13041706383228302,0.2986268699169159,0.3097643256187439,0.2874987721443176,0.256755530834198,0.2733178734779358,0.24055305123329163,texture_202,texture,202
10,500,False,2,-0.4813636541366577,0.16587132215499878,0.3412596583366394,0.07026010006666183,0.1413513720035553,0.0981241837143898,0.18923136591911316,0.46509045362472534,0.4780188500881195,0.45220524072647095,0.45117470622062683,0.47982439398765564,0.4230586886405945,texture_202,texture,202
11,450,False,3,-0.31602802872657776,0.16533562541007996,0.5065952837467194,0.07135532796382904,0.21556544303894043,0.1420094519853592,0.2282819151878357,0.5656938552856445,0.5770220756530762,0.5543810725212097,0.57421875,0.608116090297699,0.5408995151519775,texture_202,texture,202
12,400,True,0,-0.15219885110855103,0.16382917761802673,0.0,0.0690818727016449,0.0,0.0,0.0,0.0,0.0,0.0,0.0,0.0,0.0,texture_202,texture,202
13,350,False,1,0.012974858283996582,0.1651737093925476,0.1651737093925476,0.06506034731864929,0.06506034731864929,0.05027240142226219,0.08674435317516327,0.17129260301589966,0.1749701052904129,0.16762496531009674,0.19862516224384308,0.206817626953125,0.1906067132949829,texture_202,texture,202
14,300,False,2,0.1830180287361145,0.17004317045211792,0.3352168798446655,0.06018931046128273,0.12707991898059845,0.09833424538373947,0.14843210577964783,0.29924750328063965,0.30398228764533997,0.2945252060890198,0.35567373037338257,0.3719368577003479,0.3397848606109619,texture_202,texture,202
15,250,False,3,0.36269381642341614,0.17967578768730164,0.5148926675319672,0.055516280233860016,0.18595045804977417,0.14548282325267792,0.2006864845752716,0.399968683719635,0.4050791263580322,0.39487189054489136,0.4763379991054535,0.49784597754478455,0.4553186297416687,texture_202,texture,202
16,200,True,0,0.5591998100280762,0.19650599360466003,0.0,0.050585485994815826,0.0,0.0,0.0,0.0,0.0,0.0,0.0,0.0,0.0,texture_202,texture,202
17,150,False,1,0.7850973606109619,0.22589755058288574,0.22589755058288574,0.046532291918992996,0.046532291918992996,0.06177655979990959,0.08373188972473145,0.13512516021728516,0.1357557624578476,0.13449643552303314,0.1623588502407074,0.17072343826293945,0.15418554842472076,texture_202,texture,202
18,100,False,2,1.0673118829727173,0.28221452236175537,0.5081120729446411,0.043240755796432495,0.09050586819648743,0.13967879116535187,0.17907340824604034,0.26787346601486206,0.26894286274909973,0.2668074369430542,0.2918335199356079,0.30784258246421814,0.27619385719299316,texture_202,texture,202
19,50,False,3,1.4890689849853516,0.4217571020126343,0.9298691749572754,0.042042575776576996,0.13328008353710175,0.25246307253837585,0.3049057722091675,0.40766265988349915,0.40884488821029663,0.40648406744003296,0.409984290599823,0.4335205554962158,0.3869844377040863,texture_202,texture,202
0,999,True,0,-2.6820242404937744,0.0,0.0,0.0,0.0,0.0,0.0,0.0,0.0,0.0,0.0,0.0,0.0,glass_101,glass,101
1,949,False,1,-2.3891515731811523,0.29287266731262207,0.29287266731262207,0.04657648876309395,0.04657648876309395,0.013736327178776264,0.041474878787994385,0.17849400639533997,0.19162069261074066,0.1654539406299591,0.5804135799407959,0.740341305732727,0.45091792941093445,glass_101,glass,101
2,899,False,2,-2.116593599319458,0.27255797386169434,0.5654306411743164,0.0609850212931633,0.09968525916337967,0.038970548659563065,0.08995511382818222,0.34761494398117065,0.37883129715919495,0.3163667321205139,0.8961977958679199,1.072806477546692,0.7449418306350708,glass_101,glass,101
3,849,False,3,-1.8629876375198364,0.2536059617996216,0.819036602973938,0.06235945224761963,0.14546531438827515,0.05287504941225052,0.09467028826475143,0.41398894786834717,0.4218508005142212,0.4061899185180664,0.9855374693870544,1.140257716178894,0.8524484634399414,glass_101,glass,101
4,799,True,0,-1.6268385648727417,0.23614907264709473,0.0,0.05917917191982269,0.0,0.0,0.0,0.0,0.0,0.0,0.0,0.0,0.0,glass_101,glass,101
5,749,False,1,-1.406521201133728,0.22031736373901367,0.22031736373901367,0.05699842795729637,0.05699842795729637,0.02933354116976261,0.08004201203584671,0.2566942274570465,0.27124351263046265,0.2423921823501587,0.41985023021698,0.45937466621398926,0.38452842831611633,glass_101,glass,101
6,699,False,2,-1.200291395187378,0.2062298059463501,0.42654716968536377,0.0720992311835289,0.12329919636249542,0.058375999331474304,0.09508373588323593,0.4209776818752289,0.45390117168426514,0.38808685541152954,0.6375951170921326,0.6932719945907593,0.5872781276702881,glass_101,glass,101
7,649,False,3,-1.006303310394287,0.19398808479309082,0.6205352544784546,0.07142607122659683,0.19184255599975586,0.0741669237613678,0.11292534321546555,0.47205084562301636,0.5019054412841797,0.44221314787864685,0.712266743183136,0.7693840265274048,0.6596783399581909,glass_101,glass,101
8,599,True,0,-0.8226233124732971,0.18367999792099,0.0,0.07311762124300003,0.0,0.0,0.0,0.0,0.0,0.0,0.0,0.0,0.0,glass_101,glass,101
9,549,False,1,-0.6472349762916565,0.17538833618164062,0.17538833618164062,0.07305629551410675,0.07305629551410675,0.015605255030095577,0.02627752721309662,0.10910612344741821,0.11276175826787949,0.10544939339160919,0.1801740527153015,0.20022311806678772,0.1609504073858261,glass_101,glass,101
10,500,False,2,-0.4813636541366577,0.16587132215499878,0.3412596583366394,0.07174861431121826,0.14714336395263672,0.03266877681016922,0.051252808421850204,0.20318914949893951,0.20811332762241364,0.19826826453208923,0.3159275949001312,0.3435409963130951,0.2891671061515808,glass_101,glass,101
11,450,False,3,-0.31602802872657776,0.16533562541007996,0.5065952837467194,0.07220595329999924,0.2244216650724411,0.052446622401475906,0.07412616908550262,0.28916364908218384,0.2946279048919678,0.2837083041667938,0.42341479659080505,0.4557238519191742,0.39184895157814026,glass_101,glass,101
12,400,True,0,-0.15219885110855103,0.16382917761802673,0.0,0.06939768046140671,0.0,0.0,0.0,0.0,0.0,0.0,0.0,0.0,0.0,glass_101,glass,101
13,350,False,1,0.012974858283996582,0.1651737093925476,0.1651737093925476,0.06557546555995941,0.06557546555995941,0.02081722393631935,0.033844463527202606,0.1003667414188385,0.10146114230155945,0.09927405416965485,0.12178008258342743,0.13496258854866028,0.10856872797012329,glass_101,glass,101
14,300,False,2,0.1830180287361145,0.17004317045211792,0.3352168798446655,0.06113895773887634,0.12888528406620026,0.04764777794480324,0.06895359605550766,0.19885186851024628,0.20090621709823608,0.19680073857307434,0.22669392824172974,0.24778512120246887,0.20537056028842926,glass_101,glass,101
15,250,False,3,0.36269381642341614,0.17967578768730164,0.5148926675319672,0.05663175880908966,0.18937022984027863,0.08062206208705902,0.10607971251010895,0.2949119210243225,0.2978379428386688,0.2919907569885254,0.31914225220680237,0.34268179535865784,0.29521816968917847,glass_101,glass,101
16,200,True,0,0.5591998100280762,0.19650599360466003,0.0,0.05174390599131584,0.0,0.0,0.0,0.0,0.0,0.0,0.0,0.0,0.0,glass_101,glass,101
17,150,False,1,0.7850973606109619,0.22589755058288574,0.22589755058288574,0.04704189673066139,0.04704189673066139,0.0467878095805645,0.052041079849004745,0.1267624795436859,0.128320574760437,0.12520654499530792,0.11668616533279419,0.12273750454187393,0.11053512245416641,glass_101,glass,101
18,100,False,2,1.0673118829727173,0.28221452236175537,0.5081120729446411,0.04294461011886597,0.09084530919790268,0.11410259455442429,0.12328847497701645,0.2627972960472107,0.26534879207611084,0.2602485716342926,0.23203085362911224,0.24372288584709167,0.22017444670200348,glass_101,glass,101
19,50,False,3,1.4890689849853516,0.4217571020126343,0.9298691749572754,0.04026682302355766,0.13223856687545776,0.22738036513328552,0.2459077388048172,0.41827720403671265,0.42073699831962585,0.4158186614513397,0.3458094894886017,0.36111798882484436,0.33031120896339417,glass_101,glass,101
0,999,True,0,-2.6820242404937744,0.0,0.0,0.0,0.0,0.0,0.0,0.0,0.0,0.0,0.0,0.0,0.0,glass_202,glass,202
1,949,False,1,-2.3891515731811523,0.29287266731262207,0.29287266731262207,0.03317374363541603,0.03317374363541603,0.004962497856467962,0.041653793305158615,0.10650943219661713,0.10318955034017563,0.10980594158172607,0.30186423659324646,0.37664300203323364,0.24014407396316528,glass_202,glass,202
2,899,False,2,-2.116593599319458,0.27255797386169434,0.5654306411743164,0.04379943758249283,0.06680784374475479,0.01883341185748577,0.07154031842947006,0.2522711753845215,0.25260597467422485,0.25193649530410767,0.789424479007721,0.9447473287582397,0.6574535369873047,glass_202,glass,202
3,849,False,3,-1.8629876375198364,0.2536059617996216,0.819036602973938,0.0531468540430069,0.10504663735628128,0.037481579929590225,0.08321677148342133,0.3518735468387604,0.33996179699897766,0.36366450786590576,0.9948208332061768,1.177063226699829,0.8394669890403748,glass_202,glass,202
4,799,True,0,-1.6268385648727417,0.23614907264709473,0.0,0.04824010282754898,0.0,0.0,0.0,0.0,0.0,0.0,0.0,0.0,0.0,glass_202,glass,202
5,749,False,1,-1.406521201133728,0.22031736373901367,0.22031736373901367,0.0707835778594017,0.0707835778594017,0.026455171406269073,0.0890980139374733,0.24033872783184052,0.2621349096298218,0.21851888298988342,0.38565853238105774,0.4243657886981964,0.3479013442993164,glass_202,glass,202
6,699,False,2,-1.200291395187378,0.2062298059463501,0.42654716968536377,0.05895913019776344,0.11876169592142105,0.043446049094200134,0.11363564431667328,0.35677558183670044,0.3753896951675415,0.3381653130054474,0.5198442339897156,0.5606870651245117,0.4786696135997772,glass_202,glass,202
7,649,False,3,-1.006303310394287,0.19398808479309082,0.6205352544784546,0.061948470771312714,0.17272911965847015,0.06648590415716171,0.14852677285671234,0.4749225378036499,0.49157559871673584,0.4583093523979187,0.7189225554466248,0.7499418258666992,0.686977744102478,glass_202,glass,202
8,599,True,0,-0.8226233124732971,0.18367999792099,0.0,0.06643703579902649,0.0,0.0,0.0,0.0,0.0,0.0,0.0,0.0,0.0,glass_202,glass,202
9,549,False,1,-0.6472349762916565,0.17538833618164062,0.17538833618164062,0.06612179428339005,0.06612179428339005,0.029809635132551193,0.07932844012975693,0.18295632302761078,0.20049627125263214,0.16545899212360382,0.3044845759868622,0.3364887535572052,0.2722086012363434,glass_202,glass,202
10,500,False,2,-0.4813636541366577,0.16587132215499878,0.3412596583366394,0.06488288938999176,0.1299702525138855,0.051768768578767776,0.09572509676218033,0.2790014445781708,0.2962339222431183,0.26179856061935425,0.4550126791000366,0.4915798008441925,0.41791200637817383,glass_202,glass,202
11,450,False,3,-0.31602802872657776,0.16533562541007996,0.5065952837467194,0.0656186044216156,0.19823214411735535,0.07161878049373627,0.11399851739406586,0.35429492592811584,0.3696182668209076,0.3390025794506073,0.5566731691360474,0.593094527721405,0.5198513865470886,glass_202,glass,202
12,400,True,0,-0.15219885110855103,0.16382917761802673,0.0,0.06348977237939835,0.0,0.0,0.0,0.0,0.0,0.0,0.0,0.0,0.0,glass_202,glass,202
13,350,False,1,0.012974858283996582,0.1651737093925476,0.1651737093925476,0.06127326935529709,0.06127326935529709,0.023497240617871284,0.038888100534677505,0.1074366495013237,0.10841034352779388,0.10646449029445648,0.13270938396453857,0.13789378106594086,0.12748795747756958,glass_202,glass,202
14,300,False,2,0.1830180287361145,0.17004317045211792,0.3352168798446655,0.05838881433010101,0.12117365002632141,0.05168136954307556,0.07762208580970764,0.210367813706398,0.2116028368473053,0.20913492143154144,0.2480792999267578,0.25672638416290283,0.23937173187732697,glass_202,glass,202
15,250,False,3,0.36269381642341614,0.17967578768730164,0.5148926675319672,0.055031247437000275,0.1789294183254242,0.08563363552093506,0.11624463647603989,0.3086608350276947,0.31074583530426025,0.30657926201820374,0.34394651651382446,0.354540079832077,0.3332887887954712,glass_202,glass,202
16,200,True,0,0.5591998100280762,0.19650599360466003,0.0,0.05165685713291168,0.0,0.0,0.0,0.0,0.0,0.0,0.0,0.0,0.0,glass_202,glass,202
17,150,False,1,0.7850973606109619,0.22589755058288574,0.22589755058288574,0.048464201390743256,0.048464201390743256,0.049581605941057205,0.06166204437613487,0.13403195142745972,0.13552124798297882,0.13254426419734955,0.12088775634765625,0.12524791061878204,0.11650733649730682,glass_202,glass,202
18,100,False,2,1.0673118829727173,0.28221452236175537,0.5081120729446411,0.04587399587035179,0.09494549036026001,0.1170751303434372,0.13527418673038483,0.27428069710731506,0.276668906211853,0.2718939781188965,0.22801536321640015,0.23686374723911285,0.21912218630313873,glass_202,glass,202
19,50,False,3,1.4890689849853516,0.4217571020126343,0.9298691749572754,0.04456648230552673,0.1403711438179016,0.2302493005990982,0.2620135545730591,0.4329584836959839,0.4354313313961029,0.430486261844635,0.33530548214912415,0.3469390869140625,0.32360032200813293,glass_202,glass,202
