component,block,step,class_count,mean_cosine,min_cosine,mean_relative_l2_change,max_relative_l2_change,robust_eligible
attention,0,1,4,0.9973995834589005,0.9967849254608154,0.07281156815588474,0.08096856623888016,True
attention,0,2,4,0.9963715076446533,0.9952360987663269,0.08504340797662735,0.09773893654346466,True
attention,0,3,4,0.995098203420639,0.9930424690246582,0.09832517430186272,0.11788664758205414,False
attention,0,4,4,0.9922526925802231,0.9868824481964111,0.12252872623503208,0.16282188892364502,False
attention,0,5,4,0.9888731241226196,0.9798392057418823,0.1470443233847618,0.20481084287166595,False
attention,0,6,4,0.9808237552642822,0.966586709022522,0.19908613711595535,0.2766014337539673,False
attention,0,7,4,0.9869738668203354,0.9818463921546936,0.17904697731137276,0.22818319499492645,False
attention,0,8,4,0.9917348176240921,0.9904631972312927,0.15179765410721302,0.17488262057304382,False
attention,0,9,4,0.9945364594459534,0.9909664392471313,0.11547752283513546,0.15226832032203674,False
attention,0,10,4,0.9956421703100204,0.9939073920249939,0.10181952826678753,0.13160565495491028,False
attention,0,11,4,0.9961802214384079,0.9942184686660767,0.09229482896625996,0.12197244167327881,False
attention,0,12,4,0.9955128729343414,0.9926958084106445,0.10204379446804523,0.14592012763023376,False
attention,0,13,4,0.9952928572893143,0.9923149943351746,0.11029845289885998,0.15331225097179413,False
attention,0,14,4,0.9957434237003326,0.9931610822677612,0.10717416368424892,0.14152798056602478,False
attention,0,15,4,0.9940440058708191,0.9919404983520508,0.13040140829980373,0.1636315882205963,False
attention,0,16,4,0.9946782439947128,0.9921753406524658,0.12235989794135094,0.15614569187164307,False
attention,0,17,4,0.9941083043813705,0.9910950660705566,0.1279438566416502,0.1607402116060257,False
attention,0,18,4,0.9856671541929245,0.978427529335022,0.19022076204419136,0.23196063935756683,False
attention,0,19,4,0.9641005247831345,0.9633376598358154,0.2807490900158882,0.282444566488266,False
attention,1,1,4,0.9779047071933746,0.9683458209037781,0.1969350464642048,0.2568821310997009,False
attention,1,2,4,0.9626339823007584,0.9560872316360474,0.25739648193120956,0.28174179792404175,False
attention,1,3,4,0.9620154201984406,0.9517951607704163,0.2794785164296627,0.3154706060886383,False
attention,1,4,4,0.963056817650795,0.9597024917602539,0.3046053722500801,0.32068219780921936,False
attention,1,5,4,0.9662644416093826,0.9643312692642212,0.29819054901599884,0.30021512508392334,False
attention,1,6,4,0.9686802178621292,0.9593677520751953,0.32818374782800674,0.35100144147872925,False
attention,1,7,4,0.9797882586717606,0.9677540063858032,0.2755430266261101,0.31669461727142334,False
attention,1,8,4,0.9814518988132477,0.9709923267364502,0.24664202705025673,0.29755187034606934,False
attention,1,9,4,0.9839197993278503,0.9711910486221313,0.21353160217404366,0.29058346152305603,False
attention,1,10,4,0.9874918907880783,0.9811304211616516,0.18852467834949493,0.25433897972106934,False
attention,1,11,4,0.9907675534486771,0.9873600602149963,0.1478883270174265,0.20307080447673798,False
attention,1,12,4,0.9915943145751953,0.9898202419281006,0.12585552781820297,0.15391871333122253,False
attention,1,13,4,0.9924959242343903,0.9906152486801147,0.10988657362759113,0.1215197816491127,False
attention,1,14,4,0.9935877621173859,0.9913386702537537,0.1003169622272253,0.12154964357614517,False
attention,1,15,4,0.9914175719022751,0.9882082343101501,0.13893596455454826,0.16839198768138885,False
attention,1,16,4,0.9912550151348114,0.9881108999252319,0.16260234266519547,0.19040614366531372,False
attention,1,17,4,0.9877635985612869,0.9837393164634705,0.23026813566684723,0.26052767038345337,False
attention,1,18,4,0.9567393213510513,0.9482722878456116,0.47789188474416733,0.49278080463409424,False
attention,1,19,4,0.6872934401035309,0.6251580715179443,1.242681011557579,1.7747639417648315,False
attention,2,1,4,0.9958937913179398,0.9936068654060364,0.09015716426074505,0.11337283253669739,False
attention,2,2,4,0.9922803640365601,0.9855832457542419,0.11848038248717785,0.16552716493606567,False
attention,2,3,4,0.9877630919218063,0.9752893447875977,0.14832846820354462,0.21447871625423431,False
attention,2,4,4,0.9816412925720215,0.9675544500350952,0.1850176304578781,0.25228193402290344,False
attention,2,5,4,0.9867962747812271,0.9818264245986938,0.16228749603033066,0.1957055926322937,False
attention,2,6,4,0.9865373373031616,0.9828647375106812,0.18180011212825775,0.20532169938087463,False
attention,2,7,4,0.989935040473938,0.9821255207061768,0.15235014259815216,0.20232775807380676,False
attention,2,8,4,0.9917848855257034,0.9843062162399292,0.1321257632225752,0.18956555426120758,False
attention,2,9,4,0.9934321939945221,0.9904979467391968,0.12317388877272606,0.16343361139297485,False
attention,2,10,4,0.9938159286975861,0.9898353815078735,0.11723631247878075,0.16351233422756195,False
attention,2,11,4,0.9940196871757507,0.9900742769241333,0.11370503343641758,0.15605591237545013,False
attention,2,12,4,0.9939795285463333,0.9914583563804626,0.11511827260255814,0.1412419080734253,False
attention,2,13,4,0.9938658326864243,0.9922332167625427,0.1155472844839096,0.13025541603565216,False
attention,2,14,4,0.9942954182624817,0.9933030605316162,0.10888964310288429,0.11689157038927078,False
attention,2,15,4,0.9920856207609177,0.9908833503723145,0.13704147934913635,0.1500028669834137,False
attention,2,16,4,0.9916248172521591,0.9907766580581665,0.1374576836824417,0.14618921279907227,False
attention,2,17,4,0.9900469481945038,0.9888393878936768,0.1514626368880272,0.1562899500131607,False
attention,2,18,4,0.9785847961902618,0.97486811876297,0.23387375846505165,0.2515164613723755,False
attention,2,19,4,0.8768649846315384,0.8198312520980835,0.5284645333886147,0.6766073703765869,False
attention,3,1,4,0.987668052315712,0.9827753901481628,0.15934041887521744,0.18926797807216644,False
attention,3,2,4,0.9793132245540619,0.9686597585678101,0.20389652624726295,0.2596951127052307,False
attention,3,3,4,0.9729500561952591,0.9556578397750854,0.24708390980958939,0.3401869535446167,False
attention,3,4,4,0.9698455333709717,0.954464316368103,0.28633295744657516,0.3918527662754059,False
attention,3,5,4,0.9728758335113525,0.9644567966461182,0.2837849035859108,0.34633126854896545,False
attention,3,6,4,0.9770353585481644,0.974918007850647,0.2842724695801735,0.3365181088447571,False
attention,3,7,4,0.9824363887310028,0.9770839214324951,0.23750198632478714,0.25216808915138245,False
attention,3,8,4,0.9800854027271271,0.9603911638259888,0.21660492196679115,0.29559433460235596,False
attention,3,9,4,0.986994281411171,0.971760630607605,0.16408331133425236,0.26723766326904297,False
attention,3,10,4,0.9920221120119095,0.9889611005783081,0.13216354697942734,0.16910216212272644,False
attention,3,11,4,0.9942310005426407,0.9936448335647583,0.10957629792392254,0.11672201752662659,False
attention,3,12,4,0.9947350919246674,0.9942708611488342,0.10548642463982105,0.11043602228164673,False
attention,3,13,4,0.9947267770767212,0.9946732521057129,0.10709791257977486,0.11377979815006256,False
attention,3,14,4,0.9947264790534973,0.9944196939468384,0.10737278684973717,0.11495333909988403,False
attention,3,15,4,0.9933368116617203,0.9923827648162842,0.13640041649341583,0.1533847153186798,False
attention,3,16,4,0.9932541102170944,0.9919982552528381,0.13776436634361744,0.1501838117837906,False
attention,3,17,4,0.9915794432163239,0.9897295832633972,0.1628754511475563,0.17438073456287384,False
attention,3,18,4,0.9823200553655624,0.9780322313308716,0.24200953170657158,0.2554894983768463,False
attention,3,19,4,0.883489727973938,0.837472677230835,0.49443668127059937,0.5525997877120972,False
attention,4,1,4,0.9865105003118515,0.983686089515686,0.17492320761084557,0.18577279150485992,False
attention,4,2,4,0.9770974218845367,0.9720015525817871,0.21054358780384064,0.23186984658241272,False
attention,4,3,4,0.9698104858398438,0.9571226835250854,0.2408646084368229,0.2984783947467804,False
attention,4,4,4,0.9630717188119888,0.9315117001533508,0.2719186395406723,0.4013468027114868,False
attention,4,5,4,0.9626259952783585,0.938389241695404,0.2826877161860466,0.39420101046562195,False
attention,4,6,4,0.9675527811050415,0.955353856086731,0.2785976640880108,0.36251917481422424,False
attention,4,7,4,0.9812335520982742,0.9746896028518677,0.21115077286958694,0.2586890757083893,False
attention,4,8,4,0.9808575361967087,0.9740411639213562,0.19562405720353127,0.23166802525520325,False
attention,4,9,4,0.9858107417821884,0.9766957759857178,0.1643097624182701,0.21725980937480927,False
attention,4,10,4,0.9893558323383331,0.9853343963623047,0.144714817404747,0.17046386003494263,False
attention,4,11,4,0.9912252575159073,0.9889966249465942,0.1351749151945114,0.14572682976722717,False
attention,4,12,4,0.991892859339714,0.9898335933685303,0.13375668786466122,0.14786659181118011,False
attention,4,13,4,0.9919391870498657,0.9902056455612183,0.13335570506751537,0.1463625729084015,False
attention,4,14,4,0.991882249712944,0.9912013411521912,0.1318417601287365,0.14148254692554474,False
attention,4,15,4,0.9888523817062378,0.9870468378067017,0.16048479452729225,0.1832873821258545,False
attention,4,16,4,0.988693431019783,0.987108588218689,0.15347426012158394,0.16784748435020447,False
attention,4,17,4,0.9862086474895477,0.9844404458999634,0.1651320978999138,0.1744205504655838,False
attention,4,18,4,0.9799768328666687,0.9776513576507568,0.19466694071888924,0.20432724058628082,False
attention,4,19,4,0.947590172290802,0.9393956661224365,0.31641753017902374,0.33676227927207947,False
attention,5,1,4,0.9819753170013428,0.9777398109436035,0.30879028886556625,0.32124316692352295,False
attention,5,2,4,0.970577597618103,0.9613656997680664,0.295563705265522,0.30938640236854553,False
attention,5,3,4,0.9388775080442429,0.911999523639679,0.37074174731969833,0.41481083631515503,False
attention,5,4,4,0.928097128868103,0.8951411247253418,0.36751680076122284,0.4594528377056122,False
attention,5,5,4,0.9507863521575928,0.9253391027450562,0.31460629403591156,0.3998880684375763,False
attention,5,6,4,0.9622563421726227,0.9566472768783569,0.28631848841905594,0.32077357172966003,False
attention,5,7,4,0.9732474386692047,0.9613533020019531,0.23857349529862404,0.2803967595100403,False
attention,5,8,4,0.9697645008563995,0.9368650913238525,0.2388671152293682,0.3626975119113922,False
attention,5,9,4,0.9777187556028366,0.9479436278343201,0.20146821066737175,0.3331294059753418,False
attention,5,10,4,0.9875521212816238,0.9846029281616211,0.15628411620855331,0.1768076866865158,False
attention,5,11,4,0.9878575205802917,0.9840438365936279,0.15466951206326485,0.17888469994068146,False
attention,5,12,4,0.9891155511140823,0.9860982894897461,0.1477656587958336,0.16554059088230133,False
attention,5,13,4,0.990003764629364,0.9867621660232544,0.14133019745349884,0.16281796991825104,False
attention,5,14,4,0.9909097403287888,0.9887970685958862,0.1347200907766819,0.15088509023189545,False
attention,5,15,4,0.9888687878847122,0.986778199672699,0.15360493957996368,0.16725920140743256,False
attention,5,16,4,0.9896980375051498,0.9885821342468262,0.14434001594781876,0.15310920774936676,False
attention,5,17,4,0.9876733422279358,0.9864418506622314,0.1570858620107174,0.16725461184978485,False
attention,5,18,4,0.9801454395055771,0.9776818752288818,0.19861528277397156,0.2148446887731552,False
attention,5,19,4,0.9295477718114853,0.9172302484512329,0.36505166441202164,0.3950411379337311,False
attention,6,1,4,0.9569341987371445,0.9550932049751282,0.3102397620677948,0.3133145272731781,False
attention,6,2,4,0.9693570584058762,0.9677659273147583,0.29825934767723083,0.30171963572502136,False
attention,6,3,4,0.9785879701375961,0.9725450873374939,0.2675367295742035,0.298623263835907,False
attention,6,4,4,0.9782940149307251,0.9642212390899658,0.24251537770032883,0.30037572979927063,False
attention,6,5,4,0.9793507903814316,0.970941424369812,0.23215536028146744,0.2685478627681732,False
attention,6,6,4,0.9828974306583405,0.9745815992355347,0.20242413505911827,0.23337958753108978,False
attention,6,7,4,0.9861525893211365,0.9808506965637207,0.17812637984752655,0.20380476117134094,False
attention,6,8,4,0.9825642853975296,0.9759226441383362,0.1858738325536251,0.2168528288602829,False
attention,6,9,4,0.9866749942302704,0.9775396585464478,0.16105161234736443,0.2136441022157669,False
attention,6,10,4,0.9902088642120361,0.9889259934425354,0.13923748582601547,0.14924563467502594,False
attention,6,11,4,0.9897942990064621,0.9873670935630798,0.14193936809897423,0.15859167277812958,False
attention,6,12,4,0.9905868619680405,0.988664984703064,0.1368098109960556,0.15095321834087372,False
attention,6,13,4,0.9909850805997849,0.9885945320129395,0.13382837176322937,0.15182310342788696,False
attention,6,14,4,0.9917557388544083,0.9898803234100342,0.12782343663275242,0.14237791299819946,False
attention,6,15,4,0.9906997978687286,0.9895955324172974,0.1359991915524006,0.1439957320690155,False
attention,6,16,4,0.9908257722854614,0.9899379014968872,0.1349172107875347,0.14117389917373657,False
attention,6,17,4,0.9890652447938919,0.9880502820014954,0.147553913295269,0.15345202386379242,False
attention,6,18,4,0.9837131649255753,0.9816900491714478,0.1785549707710743,0.18717707693576813,False
attention,6,19,4,0.943321168422699,0.9359343647956848,0.3384478986263275,0.3591698706150055,False
attention,7,1,4,0.9782328456640244,0.9740399122238159,0.20988021790981293,0.22991815209388733,False
attention,7,2,4,0.9682599604129791,0.9602545499801636,0.25048334524035454,0.28277021646499634,False
attention,7,3,4,0.9546691924333572,0.9364408254623413,0.2964186295866966,0.3539454936981201,False
attention,7,4,4,0.945486381649971,0.9185116291046143,0.3127935193479061,0.38698455691337585,False
attention,7,5,4,0.9455056637525558,0.9193599224090576,0.3116343542933464,0.3780497908592224,False
attention,7,6,4,0.953644648194313,0.9451497793197632,0.2967914864420891,0.32164353132247925,False
attention,7,7,4,0.9601700007915497,0.9554325342178345,0.2751275524497032,0.2895301878452301,False
attention,7,8,4,0.9508945047855377,0.9199850559234619,0.2962166294455528,0.3790491819381714,False
attention,7,9,4,0.9691917896270752,0.9444220066070557,0.23885813355445862,0.32614272832870483,False
attention,7,10,4,0.9803160727024078,0.9792100787162781,0.19644197821617126,0.20325884222984314,False
attention,7,11,4,0.979163646697998,0.9753935933113098,0.20004039257764816,0.21401681005954742,False
attention,7,12,4,0.9807512164115906,0.9754887819290161,0.1941734403371811,0.22077955305576324,False
attention,7,13,4,0.982329323887825,0.9767435789108276,0.1876934878528118,0.22013525664806366,False
attention,7,14,4,0.9851182848215103,0.9813922643661499,0.17291786149144173,0.1957346796989441,False
attention,7,15,4,0.9826107323169708,0.979903519153595,0.18743349984288216,0.19895432889461517,False
attention,7,16,4,0.983154222369194,0.9812692403793335,0.18395022302865982,0.19167041778564453,False
attention,7,17,4,0.980586588382721,0.9782766103744507,0.1967141218483448,0.20980411767959595,False
attention,7,18,4,0.9700936377048492,0.966766893863678,0.24237338826060295,0.25488007068634033,False
attention,7,19,4,0.9017664343118668,0.8933009505271912,0.43044181168079376,0.44961947202682495,False
attention,8,1,4,0.9709489047527313,0.9665497541427612,0.24041112884879112,0.2574330270290375,False
attention,8,2,4,0.9586684256792068,0.9472672939300537,0.2836923971772194,0.3208268880844116,False
attention,8,3,4,0.9464998990297318,0.9273257255554199,0.3236129432916641,0.37895309925079346,False
attention,8,4,4,0.9432214647531509,0.9153492450714111,0.3249427527189255,0.39887601137161255,False
attention,8,5,4,0.945596843957901,0.9211904406547546,0.31901953369379044,0.38276219367980957,False
attention,8,6,4,0.9573849737644196,0.9512525796890259,0.29076947271823883,0.3099462389945984,False
attention,8,7,4,0.9586475491523743,0.946861743927002,0.2836558148264885,0.3171495497226715,False
attention,8,8,4,0.9457198530435562,0.9067283272743225,0.3145207315683365,0.4179109036922455,False
attention,8,9,4,0.9683568477630615,0.939926028251648,0.2427179180085659,0.3423265516757965,False
attention,8,10,4,0.9776788353919983,0.9752167463302612,0.2099640555679798,0.2226046472787857,False
attention,8,11,4,0.9757192730903625,0.9692708849906921,0.21816885471343994,0.24179577827453613,False
attention,8,12,4,0.9794358015060425,0.9753381609916687,0.20193947851657867,0.22203470766544342,False
attention,8,13,4,0.9823829680681229,0.9792476892471313,0.18720603734254837,0.2041863054037094,False
attention,8,14,4,0.985914409160614,0.9839351177215576,0.16765622049570084,0.17784267663955688,False
attention,8,15,4,0.9835165292024612,0.9812028408050537,0.1838000826537609,0.19658724963665009,False
attention,8,16,4,0.9838120937347412,0.9814287424087524,0.18109574541449547,0.1912945806980133,False
attention,8,17,4,0.9810407161712646,0.977988600730896,0.19492065906524658,0.20768305659294128,False
attention,8,18,4,0.9700274616479874,0.9668508768081665,0.2446325570344925,0.25514835119247437,False
attention,8,19,4,0.8879434913396835,0.8687663078308105,0.46131379157304764,0.4936521351337433,False
attention,9,1,4,0.9712789058685303,0.968447744846344,0.23874571174383163,0.2503844201564789,False
attention,9,2,4,0.9632908403873444,0.9575239419937134,0.2708129808306694,0.2924501895904541,False
attention,9,3,4,0.9566540718078613,0.9416672587394714,0.29758039861917496,0.34540167450904846,False
attention,9,4,4,0.9483814835548401,0.919891357421875,0.3101644925773144,0.3865026831626892,False
attention,9,5,4,0.9510544389486313,0.9292078614234924,0.3063957691192627,0.3676377534866333,False
attention,9,6,4,0.9605867266654968,0.9556909799575806,0.28174788504838943,0.29800981283187866,False
attention,9,7,4,0.9573747664690018,0.9459981918334961,0.2870655134320259,0.32025471329689026,False
attention,9,8,4,0.9379034340381622,0.8936521410942078,0.3351752683520317,0.4388330578804016,False
attention,9,9,4,0.9639356434345245,0.9340800046920776,0.25952544435858727,0.35763731598854065,False
attention,9,10,4,0.9747409820556641,0.9713388681411743,0.22363179922103882,0.23625947535037994,False
attention,9,11,4,0.9731062948703766,0.9626179933547974,0.228597030043602,0.26633167266845703,False
attention,9,12,4,0.980391651391983,0.9715189933776855,0.19644770398736,0.23583002388477325,False
attention,9,13,4,0.9829929322004318,0.9739428758621216,0.18291448056697845,0.22689148783683777,False
attention,9,14,4,0.9865754246711731,0.983529806137085,0.16269611939787865,0.17820313572883606,False
attention,9,15,4,0.9843460470438004,0.980515718460083,0.17818402126431465,0.19815301895141602,False
attention,9,16,4,0.9847181141376495,0.9828530550003052,0.1750924289226532,0.1859636902809143,False
attention,9,17,4,0.9822834134101868,0.9788422584533691,0.18710962310433388,0.2004408985376358,False
attention,9,18,4,0.9722414612770081,0.969338059425354,0.23572098091244698,0.24585413932800293,False
attention,9,19,4,0.8772101849317551,0.8604344129562378,0.4882551059126854,0.520128607749939,False
attention,10,1,4,0.9792565554380417,0.9778875112533569,0.20624590292572975,0.216750368475914,False
attention,10,2,4,0.9763637185096741,0.9709274768829346,0.21742548048496246,0.24508816003799438,False
attention,10,3,4,0.9665323048830032,0.946790874004364,0.2522064372897148,0.3219628930091858,False
attention,10,4,4,0.9469891339540482,0.9132840037345886,0.2965382821857929,0.40042373538017273,False
attention,10,5,4,0.9531670063734055,0.9296876788139343,0.2908066622912884,0.3582589626312256,False
attention,10,6,4,0.959458738565445,0.9560386538505554,0.2826593369245529,0.2910556197166443,False
attention,10,7,4,0.9503495097160339,0.9271589517593384,0.3108568713068962,0.37967413663864136,False
attention,10,8,4,0.9177505522966385,0.8398788571357727,0.37922410666942596,0.5304664969444275,False
attention,10,9,4,0.9514078348875046,0.9114631414413452,0.29369526728987694,0.40172410011291504,False
attention,10,10,4,0.9686785042285919,0.9558737874031067,0.2462308555841446,0.293913334608078,False
attention,10,11,4,0.9692548662424088,0.9410250782966614,0.23667814210057259,0.33100423216819763,False
attention,10,12,4,0.9831594526767731,0.9733584523200989,0.18103963136672974,0.22572815418243408,False
attention,10,13,4,0.9860559403896332,0.9785850048065186,0.1664779894053936,0.20588836073875427,False
attention,10,14,4,0.9897650927305222,0.9876431226730347,0.14316366985440254,0.1563708633184433,False
attention,10,15,4,0.9879743158817291,0.9850566387176514,0.15742510557174683,0.17109324038028717,False
attention,10,16,4,0.988892212510109,0.9877611398696899,0.15114158019423485,0.15900777280330658,False
attention,10,17,4,0.9875345230102539,0.9861266613006592,0.15948675200343132,0.16944582760334015,False
attention,10,18,4,0.9809907674789429,0.9777997732162476,0.20070691779255867,0.21678514778614044,False
attention,10,19,4,0.8812523782253265,0.8673917055130005,0.5009544938802719,0.5339440107345581,False
attention,11,1,4,0.9845115542411804,0.9806349277496338,0.1766689345240593,0.1999996155500412,False
attention,11,2,4,0.9824067205190659,0.9760161638259888,0.18487849086523056,0.21993005275726318,False
attention,11,3,4,0.9752765595912933,0.9600390791893005,0.21393273025751114,0.2741807699203491,False
attention,11,4,4,0.953209713101387,0.9203988313674927,0.26135508343577385,0.35308510065078735,False
attention,11,5,4,0.956318274140358,0.9284482002258301,0.2676049508154392,0.3383043706417084,False
attention,11,6,4,0.9604046642780304,0.9441899657249451,0.2766331918537617,0.33554574847221375,False
attention,11,7,4,0.9469273388385773,0.9317863583564758,0.31870342046022415,0.365471214056015,False
attention,11,8,4,0.9069791436195374,0.8522701263427734,0.40287020057439804,0.5015073418617249,False
attention,11,9,4,0.9440728425979614,0.8977307677268982,0.3093678690493107,0.42475491762161255,False
attention,11,10,4,0.9695300757884979,0.9520816802978516,0.24087999016046524,0.3001367747783661,False
attention,11,11,4,0.9647025913000107,0.9218870401382446,0.2457885704934597,0.3708925247192383,False
attention,11,12,4,0.9820293039083481,0.9693694114685059,0.186026431620121,0.24446944892406464,False
attention,11,13,4,0.984173521399498,0.9706259369850159,0.17326489090919495,0.2381325513124466,False
attention,11,14,4,0.989032506942749,0.9848973155021667,0.14682859554886818,0.17281025648117065,False
attention,11,15,4,0.9870688915252686,0.9835591316223145,0.15960925444960594,0.18122772872447968,False
attention,11,16,4,0.9883345663547516,0.9857548475265503,0.15052913129329681,0.16574627161026,False
attention,11,17,4,0.9866438210010529,0.9837914705276489,0.1588585451245308,0.17545637488365173,False
attention,11,18,4,0.9794319123029709,0.9739915728569031,0.19971909373998642,0.22514823079109192,False
attention,11,19,4,0.8758793026208878,0.861090898513794,0.5041400715708733,0.5354873538017273,False
attention,12,1,4,0.9853278994560242,0.9804395437240601,0.176274124532938,0.2023116648197174,False
attention,12,2,4,0.9849640727043152,0.9788953065872192,0.17747801542282104,0.2109275460243225,False
attention,12,3,4,0.9797215759754181,0.965678334236145,0.1994679979979992,0.2617449462413788,False
attention,12,4,4,0.9614175856113434,0.9279710054397583,0.24066276848316193,0.3457636535167694,False
attention,12,5,4,0.9622385799884796,0.930991530418396,0.2429887391626835,0.3327026665210724,False
attention,12,6,4,0.9657055735588074,0.9482055306434631,0.2541959658265114,0.3235189616680145,False
attention,12,7,4,0.9545914679765701,0.9484941959381104,0.29940399527549744,0.31938356161117554,False
attention,12,8,4,0.9200239032506943,0.8917791843414307,0.3747209161520004,0.4177558422088623,False
attention,12,9,4,0.9334173053503036,0.8646832704544067,0.31626957282423973,0.4387560784816742,False
attention,12,10,4,0.9696116745471954,0.9538843631744385,0.23508693650364876,0.29756295680999756,False
attention,12,11,4,0.9645438492298126,0.919851541519165,0.24049392342567444,0.3771683871746063,False
attention,12,12,4,0.9827388972043991,0.9692660570144653,0.1770801916718483,0.2426888346672058,False
attention,12,13,4,0.9834563285112381,0.9662350416183472,0.17166590690612793,0.2539389133453369,False
attention,12,14,4,0.9895606637001038,0.9851949214935303,0.14142932556569576,0.1720978319644928,False
attention,12,15,4,0.9879532307386398,0.9830062389373779,0.15297608450055122,0.18509815633296967,False
attention,12,16,4,0.9886060655117035,0.9873272180557251,0.1482124887406826,0.15976852178573608,False
attention,12,17,4,0.98677758872509,0.9851152896881104,0.15857865288853645,0.16370801627635956,False
attention,12,18,4,0.9798981994390488,0.9782335758209229,0.19730965048074722,0.21043172478675842,False
attention,12,19,4,0.893354058265686,0.8680393099784851,0.46170634776353836,0.5270013213157654,False
attention,13,1,4,0.9794758260250092,0.9754815101623535,0.20889322832226753,0.23995177447795868,False
attention,13,2,4,0.9745261520147324,0.9702568054199219,0.22947878390550613,0.253292053937912,False
attention,13,3,4,0.9691271483898163,0.9556794166564941,0.24544254690408707,0.2871275544166565,False
attention,13,4,4,0.951069638133049,0.9197190999984741,0.27527565136551857,0.3622913360595703,False
attention,13,5,4,0.9541763067245483,0.9286724328994751,0.2847479246556759,0.3574794828891754,False
attention,13,6,4,0.9596180766820908,0.9468344449996948,0.2824460566043854,0.32418742775917053,False
attention,13,7,4,0.9454727172851562,0.9212344884872437,0.32884062826633453,0.4128599166870117,False
attention,13,8,4,0.9034888595342636,0.8651834726333618,0.40782538801431656,0.4793834090232849,False
attention,13,9,4,0.9324454218149185,0.8605880737304688,0.32522203028202057,0.4792090356349945,False
attention,13,10,4,0.9675147980451584,0.9501748085021973,0.24515746906399727,0.299581378698349,False
attention,13,11,4,0.9593653827905655,0.9071429967880249,0.25491634383797646,0.3972671329975128,False
attention,13,12,4,0.9779470860958099,0.9563201665878296,0.19976764172315598,0.28583085536956787,False
attention,13,13,4,0.9785850644111633,0.9508784413337708,0.19252434745430946,0.3040495216846466,False
attention,13,14,4,0.9871529638767242,0.9807451963424683,0.15600161999464035,0.19186948239803314,False
attention,13,15,4,0.984805092215538,0.9778404235839844,0.16949280723929405,0.20642521977424622,False
attention,13,16,4,0.9855637550354004,0.9843123555183411,0.16597863286733627,0.1745675504207611,False
attention,13,17,4,0.9828724414110184,0.9806718826293945,0.17962180450558662,0.1940068155527115,False
attention,13,18,4,0.9730245471000671,0.968354344367981,0.22735028713941574,0.24946872889995575,False
attention,13,19,4,0.8682308197021484,0.8560137152671814,0.5022707730531693,0.5290902256965637,False
attention,14,1,4,0.9885394275188446,0.9835460782051086,0.1534002460539341,0.1883232295513153,False
attention,14,2,4,0.9850094467401505,0.9780777096748352,0.17452939599752426,0.21828337013721466,False
attention,14,3,4,0.9796678423881531,0.9661660194396973,0.19701428711414337,0.2658325731754303,False
attention,14,4,4,0.9585850536823273,0.9217285513877869,0.25132257491350174,0.35738348960876465,False
attention,14,5,4,0.9574134349822998,0.925348162651062,0.2638896219432354,0.363750159740448,False
attention,14,6,4,0.9658885449171066,0.9458619356155396,0.25680743902921677,0.3252783715724945,False
attention,14,7,4,0.9470460563898087,0.9181733131408691,0.32633912563323975,0.43162623047828674,False
attention,14,8,4,0.906144991517067,0.8684152364730835,0.4167117178440094,0.49491915106773376,False
attention,14,9,4,0.9188594967126846,0.8171716928482056,0.3541564270853996,0.5451849102973938,False
attention,14,10,4,0.9638747870922089,0.9453217387199402,0.26003578677773476,0.31526339054107666,False
attention,14,11,4,0.9546175599098206,0.9017375707626343,0.2691441886126995,0.4025883376598358,False
attention,14,12,4,0.9766072630882263,0.9557420015335083,0.20855165272951126,0.29105105996131897,False
attention,14,13,4,0.9767565578222275,0.948347270488739,0.20323873683810234,0.31829941272735596,False
attention,14,14,4,0.9860586822032928,0.9807903170585632,0.1625470332801342,0.1933811604976654,False
attention,14,15,4,0.9834052473306656,0.977288007736206,0.17500850185751915,0.2061997652053833,False
attention,14,16,4,0.9839270859956741,0.982454776763916,0.1726544238626957,0.18193717300891876,False
attention,14,17,4,0.9817120134830475,0.9790046215057373,0.1826177015900612,0.19854103028774261,False
attention,14,18,4,0.9743470549583435,0.9698842167854309,0.21825402230024338,0.2393685132265091,False
attention,14,19,4,0.8783789873123169,0.8530548810958862,0.4809042811393738,0.5236640572547913,False
attention,15,1,4,0.9956545531749725,0.9929388761520386,0.09474138543009758,0.1216769590973854,False
attention,15,2,4,0.9936129450798035,0.9892212152481079,0.1134533453732729,0.15053138136863708,False
attention,15,3,4,0.9912123084068298,0.9841530919075012,0.13021344877779484,0.18298715353012085,False
attention,15,4,4,0.9833023995161057,0.967491865158081,0.16833490319550037,0.25199654698371887,False
attention,15,5,4,0.9792437106370926,0.9661211967468262,0.19110220484435558,0.2598345875740051,False
attention,15,6,4,0.9805724620819092,0.9658463001251221,0.19278989732265472,0.2624446451663971,False
attention,15,7,4,0.9699787497520447,0.9610521197319031,0.2453649491071701,0.2881770730018616,False
attention,15,8,4,0.9442061334848404,0.9288384318351746,0.3341025039553642,0.383201003074646,False
attention,15,9,4,0.9507942497730255,0.89491206407547,0.29275353625416756,0.4520096182823181,False
attention,15,10,4,0.9736786037683487,0.9661388993263245,0.23022376745939255,0.2573283016681671,False
attention,15,11,4,0.9676660895347595,0.9343489408493042,0.23867254704236984,0.34808093309402466,False
attention,15,12,4,0.9830286055803299,0.9709439277648926,0.1835053600370884,0.23921014368534088,False
attention,15,13,4,0.9820447117090225,0.9604192972183228,0.18500227481126785,0.28539028763771057,False
attention,15,14,4,0.9897527992725372,0.9856986403465271,0.14437594637274742,0.16897596418857574,False
attention,15,15,4,0.9881087839603424,0.9839890003204346,0.154145035892725,0.17786584794521332,False
attention,15,16,4,0.9877669364213943,0.9860316514968872,0.156238853931427,0.16098912060260773,False
attention,15,17,4,0.9863377958536148,0.9840247631072998,0.16470981761813164,0.17469172179698944,False
attention,15,18,4,0.9818175137042999,0.9799314737319946,0.19082605093717575,0.19939039647579193,False
attention,15,19,4,0.923337996006012,0.9120296239852905,0.3873104453086853,0.4144449830055237,False
attention,16,1,4,0.9819878339767456,0.9766092896461487,0.19161523506045341,0.2236124724149704,False
attention,16,2,4,0.972074568271637,0.9653363227844238,0.23674261569976807,0.26977869868278503,False
attention,16,3,4,0.9705347865819931,0.9590319395065308,0.24122002720832825,0.28619953989982605,False
attention,16,4,4,0.9600791186094284,0.9349424839019775,0.25994211807847023,0.33326974511146545,False
attention,16,5,4,0.9579475224018097,0.9338619709014893,0.2773732356727123,0.35086125135421753,False
attention,16,6,4,0.9631573557853699,0.9461954236030579,0.27213821560144424,0.3292499780654907,False
attention,16,7,4,0.9454558491706848,0.9257127642631531,0.3358418792486191,0.4113822877407074,False
attention,16,8,4,0.9009204208850861,0.8704354763031006,0.4337635040283203,0.49886372685432434,False
attention,16,9,4,0.9228235632181168,0.839227557182312,0.35162389650940895,0.5159915685653687,False
attention,16,10,4,0.9598041027784348,0.9420840740203857,0.27918239682912827,0.3269004225730896,False
attention,16,11,4,0.9532757550477982,0.9042988419532776,0.28106091171503067,0.40451034903526306,False
attention,16,12,4,0.9739424139261246,0.9525796175003052,0.22412045672535896,0.3043549060821533,False
attention,16,13,4,0.9715020805597305,0.9353270530700684,0.22769274935126305,0.3571290373802185,False
attention,16,14,4,0.9841923713684082,0.9782371520996094,0.17720114439725876,0.20481300354003906,False
attention,16,15,4,0.9812276512384415,0.9759199619293213,0.19041749089956284,0.21407335996627808,False
attention,16,16,4,0.9813757240772247,0.9773774147033691,0.19013932347297668,0.19856271147727966,False
attention,16,17,4,0.9798733741044998,0.976618230342865,0.19781583920121193,0.20746274292469025,False
attention,16,18,4,0.9719637334346771,0.9691050052642822,0.23452699929475784,0.24547404050827026,False
attention,16,19,4,0.8820853233337402,0.8697515726089478,0.4781176298856735,0.4994238317012787,False
attention,17,1,4,0.9905615895986557,0.9863223433494568,0.14162754267454147,0.17037713527679443,False
attention,17,2,4,0.9841984510421753,0.977422297000885,0.18023495003581047,0.21770481765270233,False
attention,17,3,4,0.9784722775220871,0.9683421850204468,0.20551029592752457,0.2548271417617798,False
attention,17,4,4,0.9666165113449097,0.9461425542831421,0.24163614213466644,0.31482386589050293,False
attention,17,5,4,0.959790363907814,0.9372261762619019,0.27185097709298134,0.3475789725780487,False
attention,17,6,4,0.9640102982521057,0.9463328719139099,0.26654962450265884,0.3324666917324066,False
attention,17,7,4,0.9469453990459442,0.9245784282684326,0.3258972018957138,0.3987007737159729,False
attention,17,8,4,0.9079797118902206,0.8794040679931641,0.4307292476296425,0.49312371015548706,False
attention,17,9,4,0.9181141257286072,0.8294813632965088,0.36763639748096466,0.5427414178848267,False
attention,17,10,4,0.9564863294363022,0.9323480129241943,0.29314078763127327,0.3556601405143738,False
attention,17,11,4,0.9509386271238327,0.894190788269043,0.2904040887951851,0.42605486512184143,False
attention,17,12,4,0.9714201539754868,0.9466995000839233,0.2391178086400032,0.3223811089992523,False
attention,17,13,4,0.9688817113637924,0.9287140369415283,0.2428654171526432,0.3746838867664337,False
attention,17,14,4,0.9833024144172668,0.9775837063789368,0.18929901719093323,0.2181348204612732,False
attention,17,15,4,0.9806475043296814,0.9757633805274963,0.19678888469934464,0.2169855684041977,False
attention,17,16,4,0.9811161160469055,0.9759113192558289,0.19398032501339912,0.20316913723945618,False
attention,17,17,4,0.9801290780305862,0.9766528010368347,0.19918201118707657,0.2075514942407608,False
attention,17,18,4,0.972424179315567,0.9697682857513428,0.2342136986553669,0.2445114105939865,False
attention,17,19,4,0.8934555649757385,0.8700522184371948,0.4492454454302788,0.4953906834125519,False
attention,18,1,4,0.9985723495483398,0.9979760050773621,0.05702014919370413,0.06672672182321548,True
attention,18,2,4,0.9976404458284378,0.9965345859527588,0.07170597650110722,0.08611077815294266,True
attention,18,3,4,0.996745154261589,0.9947346448898315,0.08177668787539005,0.10462844371795654,False
attention,18,4,4,0.9950530678033829,0.9912962913513184,0.09626113995909691,0.13287289440631866,False
attention,18,5,4,0.9928323328495026,0.9895665645599365,0.11740014888346195,0.14508293569087982,False
attention,18,6,4,0.9927594661712646,0.9888281226158142,0.12007890827953815,0.15112975239753723,False
attention,18,7,4,0.9883179217576981,0.9838128089904785,0.1523635219782591,0.17929884791374207,False
attention,18,8,4,0.9775177538394928,0.9681466817855835,0.21153797954320908,0.2583950161933899,False
attention,18,9,4,0.9788004457950592,0.9563717246055603,0.19509027898311615,0.29788804054260254,False
attention,18,10,4,0.987454891204834,0.9841581583023071,0.15964531898498535,0.17944516241550446,False
attention,18,11,4,0.986322894692421,0.9746090769767761,0.16048387810587883,0.2254776507616043,False
attention,18,12,4,0.9902224540710449,0.9833846092224121,0.13948467373847961,0.18334513902664185,False
attention,18,13,4,0.9891065359115601,0.9767944812774658,0.14428867399692535,0.21561187505722046,False
attention,18,14,4,0.9934209883213043,0.9908758401870728,0.11858044564723969,0.1517983376979828,False
attention,18,15,4,0.9934652298688889,0.992412269115448,0.11829622276127338,0.12664850056171417,False
attention,18,16,4,0.993581622838974,0.9922685623168945,0.11696909368038177,0.1269686073064804,False
attention,18,17,4,0.993075355887413,0.9920430183410645,0.1216303464025259,0.12948282063007355,False
attention,18,18,4,0.9905192106962204,0.9900637269020081,0.14176993072032928,0.1427663415670395,False
attention,18,19,4,0.9634771198034286,0.9586594700813293,0.26887909322977066,0.28719672560691833,False
attention,19,1,4,0.9866814613342285,0.9836381077766418,0.17068930715322495,0.18822526931762695,False
attention,19,2,4,0.9701070189476013,0.9655508995056152,0.2485494315624237,0.2665748596191406,False
attention,19,3,4,0.9680458605289459,0.9601984024047852,0.2507804110646248,0.28141075372695923,False
attention,19,4,4,0.9637816995382309,0.9469795227050781,0.25617726892232895,0.3114975690841675,False
attention,19,5,4,0.9579171985387802,0.9408138990402222,0.2813531868159771,0.3378227949142456,False
attention,19,6,4,0.9628162682056427,0.9479691982269287,0.27154336869716644,0.3239925503730774,False
attention,19,7,4,0.9556808620691299,0.9397157430648804,0.3017393872141838,0.36882615089416504,False
attention,19,8,4,0.9253030866384506,0.9046190977096558,0.38163281977176666,0.44103869795799255,False
attention,19,9,4,0.9353228062391281,0.8670780658721924,0.32845788449048996,0.4832386374473572,False
attention,19,10,4,0.9612018167972565,0.9385535717010498,0.27640779688954353,0.33892637491226196,False
attention,19,11,4,0.9592446237802505,0.9108276963233948,0.26968757063150406,0.4001593291759491,False
attention,19,12,4,0.9745639562606812,0.951541006565094,0.22428229451179504,0.31541499495506287,False
attention,19,13,4,0.9714580476284027,0.9343850612640381,0.23151615634560585,0.36825039982795715,False
attention,19,14,4,0.9839105606079102,0.9793111085891724,0.18317759409546852,0.20854409039020538,False
attention,19,15,4,0.9833007752895355,0.978286862373352,0.18157507851719856,0.20661456882953644,False
attention,19,16,4,0.9832490682601929,0.9772329330444336,0.1798209510743618,0.19780194759368896,False
attention,19,17,4,0.9822714477777481,0.9781985878944397,0.18635018914937973,0.2024584859609604,False
attention,19,18,4,0.9752863347530365,0.9696143865585327,0.21918275952339172,0.24461914598941803,False
attention,19,19,4,0.8960818201303482,0.8803945779800415,0.4360833689570427,0.4615815281867981,False
attention,20,1,4,0.993678867816925,0.9919745326042175,0.11282532103359699,0.12732724845409393,False
attention,20,2,4,0.9894930124282837,0.9867836833000183,0.14480720460414886,0.16308331489562988,False
attention,20,3,4,0.9878907799720764,0.9819037914276123,0.15367586351931095,0.19183999300003052,False
attention,20,4,4,0.9803121089935303,0.9662530422210693,0.1886437088251114,0.2558911442756653,False
attention,20,5,4,0.9733010232448578,0.9589374661445618,0.22138508036732674,0.2851836383342743,False
attention,20,6,4,0.9732260853052139,0.9535746574401855,0.22561240941286087,0.30427929759025574,False
attention,20,7,4,0.9621606469154358,0.9449639320373535,0.27184999734163284,0.33069294691085815,False
attention,20,8,4,0.9305928200483322,0.8846015334129333,0.36149846762418747,0.4791562855243683,False
attention,20,9,4,0.9398680627346039,0.8650902509689331,0.31797490641474724,0.5027531385421753,False
attention,20,10,4,0.9661983400583267,0.9559889435768127,0.2602289542555809,0.29656267166137695,False
attention,20,11,4,0.9658331125974655,0.935655951499939,0.253761351108551,0.3592623174190521,False
attention,20,12,4,0.9748460948467255,0.9563139081001282,0.22381123155355453,0.2889844477176666,False
attention,20,13,4,0.9743654131889343,0.9481506943702698,0.22284462302923203,0.31156060099601746,False
attention,20,14,4,0.9852416664361954,0.9810998439788818,0.17965615913271904,0.23242028057575226,False
attention,20,15,4,0.9858123958110809,0.9819978475570679,0.17353447154164314,0.1904788762331009,False
attention,20,16,4,0.9863786548376083,0.9825881123542786,0.16838562488555908,0.1874825656414032,False
attention,20,17,4,0.9856538325548172,0.9830052852630615,0.17196735367178917,0.18514232337474823,False
attention,20,18,4,0.9801999926567078,0.976900577545166,0.19915534555912018,0.21190784871578217,False
attention,20,19,4,0.9135523736476898,0.9004678726196289,0.4062126353383064,0.4332393407821655,False
attention,21,1,4,0.9930145293474197,0.991730809211731,0.11968840099871159,0.1300850361585617,False
attention,21,2,4,0.9884922355413437,0.9862675070762634,0.1519492194056511,0.1663142293691635,False
attention,21,3,4,0.9880619496107101,0.9820598363876343,0.1517464742064476,0.18809309601783752,False
attention,21,4,4,0.9802080243825912,0.9666867852210999,0.18789154663681984,0.2505805790424347,False
attention,21,5,4,0.9757160544395447,0.9665294885635376,0.22168347239494324,0.262656033039093,False
attention,21,6,4,0.9777093380689621,0.9657827615737915,0.2119506038725376,0.26341354846954346,False
attention,21,7,4,0.9698123633861542,0.9573168754577637,0.24207526445388794,0.2824118137359619,False
attention,21,8,4,0.941445529460907,0.9095476865768433,0.3267958350479603,0.4410836696624756,False
attention,21,9,4,0.949485719203949,0.8919384479522705,0.30469027161598206,0.47902196645736694,False
attention,21,10,4,0.968611091375351,0.956740140914917,0.2507450729608536,0.29190582036972046,False
attention,21,11,4,0.9716583788394928,0.9543203115463257,0.23421340808272362,0.3083989918231964,False
attention,21,12,4,0.9769114404916763,0.960089921951294,0.212608452886343,0.2666699290275574,False
attention,21,13,4,0.9776170700788498,0.9578561186790466,0.20880912616848946,0.2711760699748993,False
attention,21,14,4,0.9865557998418808,0.9802754521369934,0.17062593065202236,0.23756453394889832,False
attention,21,15,4,0.987580806016922,0.9830478429794312,0.16259058192372322,0.1891334503889084,False
attention,21,16,4,0.9882297217845917,0.9848442077636719,0.15672826394438744,0.1772332638502121,False
attention,21,17,4,0.9875353276729584,0.9847337007522583,0.15747593715786934,0.173088937997818,False
attention,21,18,4,0.9827046245336533,0.9801970720291138,0.18268465250730515,0.19274744391441345,False
attention,21,19,4,0.9026784896850586,0.8827873468399048,0.4370240792632103,0.48836061358451843,False
attention,22,1,4,0.9977478682994843,0.9975650310516357,0.06715581938624382,0.06984467059373856,True
attention,22,2,4,0.9964204579591751,0.9959785342216492,0.08510493859648705,0.0900585874915123,True
attention,22,3,4,0.9964169561862946,0.9942261576652527,0.08351083844900131,0.10746568441390991,False
attention,22,4,4,0.9932111203670502,0.9863497018814087,0.10917580500245094,0.16504772007465363,False
attention,22,5,4,0.9918189346790314,0.9879476428031921,0.12762241624295712,0.15669026970863342,False
attention,22,6,4,0.9916897267103195,0.9861226081848145,0.1282469406723976,0.16627244651317596,False
attention,22,7,4,0.9891266375780106,0.9843944311141968,0.14673522673547268,0.17608268558979034,False
attention,22,8,4,0.9806150645017624,0.969194769859314,0.19221032783389091,0.24947474896907806,False
attention,22,9,4,0.984961524605751,0.9680413007736206,0.16465814970433712,0.2494966685771942,False
attention,22,10,4,0.9906940460205078,0.9892044067382812,0.13505889289081097,0.14683854579925537,False
attention,22,11,4,0.9910113960504532,0.983235776424408,0.1292685605585575,0.1853145956993103,False
attention,22,12,4,0.9937305897474289,0.9904649257659912,0.11085585504770279,0.13772965967655182,False
attention,22,13,4,0.993443951010704,0.98775315284729,0.11192122101783752,0.1562914252281189,False
attention,22,14,4,0.9958833754062653,0.9945616126060486,0.09083244018256664,0.10821445286273956,False
attention,22,15,4,0.9959105998277664,0.9954783916473389,0.09073670022189617,0.09670444577932358,True
attention,22,16,4,0.9960746765136719,0.9954436421394348,0.08878902532160282,0.09582208096981049,True
attention,22,17,4,0.995808869600296,0.9950500726699829,0.09161883778870106,0.09998205304145813,True
attention,22,18,4,0.9940286427736282,0.9935392141342163,0.10915637016296387,0.11405927687883377,False
attention,22,19,4,0.9471483677625656,0.9426292777061462,0.32849186658859253,0.344529926776886,False
attention,23,1,4,0.9805160164833069,0.9773409366607666,0.20585549995303154,0.22210824489593506,False
attention,23,2,4,0.9543284177780151,0.9508868455886841,0.302815280854702,0.31281033158302307,False
attention,23,3,4,0.965157687664032,0.9571433067321777,0.2613769806921482,0.2890419363975525,False
attention,23,4,4,0.970264807343483,0.9529913663864136,0.23465277254581451,0.29947349429130554,False
attention,23,5,4,0.9701317250728607,0.9609509110450745,0.24192790314555168,0.2803017199039459,False
attention,23,6,4,0.9733527451753616,0.96092689037323,0.23119059205055237,0.2842714190483093,False
attention,23,7,4,0.9668138325214386,0.9581573009490967,0.25701211020350456,0.29233473539352417,False
attention,23,8,4,0.9456299841403961,0.9235225915908813,0.32968541234731674,0.4103509783744812,False
attention,23,9,4,0.9515839219093323,0.8924752473831177,0.2899666875600815,0.45151883363723755,False
attention,23,10,4,0.9662699103355408,0.9520354270935059,0.2653216980397701,0.3028513789176941,False
attention,23,11,4,0.964790552854538,0.9233216643333435,0.2572469487786293,0.3813994228839874,False
attention,23,12,4,0.9774527698755264,0.9602800607681274,0.21565450727939606,0.288578063249588,False
attention,23,13,4,0.9732055068016052,0.9420724511146545,0.22964539378881454,0.3497985601425171,False
attention,23,14,4,0.9831350445747375,0.9791202545166016,0.189690999686718,0.22497697174549103,False
attention,23,15,4,0.9838708788156509,0.9799074530601501,0.18401365354657173,0.19847123324871063,False
attention,23,16,4,0.9831589907407761,0.9784094095230103,0.18670183792710304,0.19811223447322845,False
attention,23,17,4,0.981183797121048,0.9771040678024292,0.19660862907767296,0.21402065455913544,False
attention,23,18,4,0.9718005061149597,0.9654569625854492,0.2373388297855854,0.26106759905815125,False
attention,23,19,4,0.8674584478139877,0.8427043557167053,0.48796994984149933,0.5184942483901978,False
attention,24,1,4,0.9840882122516632,0.981372058391571,0.18835832551121712,0.20107698440551758,False
attention,24,2,4,0.9564777612686157,0.9515238404273987,0.298076793551445,0.31167420744895935,False
attention,24,3,4,0.9598728716373444,0.9518324136734009,0.2808523252606392,0.30645453929901123,False
attention,24,4,4,0.9655314981937408,0.9475986957550049,0.25567828491330147,0.320211797952652,False
attention,24,5,4,0.9657338112592697,0.9581485390663147,0.2601470723748207,0.29233497381210327,False
attention,24,6,4,0.9728338867425919,0.9620229005813599,0.23392832279205322,0.2806057631969452,False
attention,24,7,4,0.9669662564992905,0.9557555913925171,0.25353990867733955,0.2960227131843567,False
attention,24,8,4,0.9429064393043518,0.9198273420333862,0.33168771862983704,0.40322813391685486,False
attention,24,9,4,0.9496210664510727,0.8833361268043518,0.2899519316852093,0.4641105532646179,False
attention,24,10,4,0.9666803032159805,0.9566810131072998,0.262002345174551,0.30148863792419434,False
attention,24,11,4,0.9660351872444153,0.929780900478363,0.25193094089627266,0.36638540029525757,False
attention,24,12,4,0.9776807278394699,0.9635087251663208,0.21305030211806297,0.2779400646686554,False
attention,24,13,4,0.9731213599443436,0.9422721862792969,0.22887757420539856,0.3559369146823883,False
attention,24,14,4,0.9825534671545029,0.9768856763839722,0.18975355848670006,0.21874545514583588,False
attention,24,15,4,0.9833972752094269,0.9786103963851929,0.18491141125559807,0.20198886096477509,False
attention,24,16,4,0.9829689562320709,0.9780363440513611,0.18686652556061745,0.20185919106006622,False
attention,24,17,4,0.9807807356119156,0.9759857654571533,0.19712143018841743,0.220149427652359,False
attention,24,18,4,0.9699508249759674,0.9637104272842407,0.24307118728756905,0.26887428760528564,False
attention,24,19,4,0.7793780118227005,0.7618954181671143,0.6189578622579575,0.6343455910682678,False
attention,25,1,4,0.9499805122613907,0.9497289657592773,0.3240519016981125,0.3262191116809845,False
attention,25,2,4,0.9658928960561752,0.9606170058250427,0.3020588755607605,0.3062390685081482,False
attention,25,3,4,0.987359032034874,0.9751078486442566,0.1612396575510502,0.22106869518756866,False
attention,25,4,4,0.9690505862236023,0.9353908896446228,0.2349086832255125,0.37417200207710266,False
attention,25,5,4,0.9790471643209457,0.9663605690002441,0.2144111692905426,0.274875670671463,False
attention,25,6,4,0.9793997257947922,0.9638533592224121,0.1994113326072693,0.26717472076416016,False
attention,25,7,4,0.976422131061554,0.9643439650535583,0.21282653138041496,0.25928276777267456,False
attention,25,8,4,0.9494229406118393,0.9190515875816345,0.29186350107192993,0.37878164649009705,False
attention,25,9,4,0.96129509806633,0.9022350311279297,0.25553401559591293,0.4364384412765503,False
attention,25,10,4,0.9752722680568695,0.9580889940261841,0.20982461795210838,0.26110559701919556,False
attention,25,11,4,0.9783890247344971,0.9624561667442322,0.1981034353375435,0.2784546911716461,False
attention,25,12,4,0.9861246198415756,0.982262372970581,0.16153379529714584,0.19086337089538574,False
attention,25,13,4,0.9846604466438293,0.9737448692321777,0.1681403387337923,0.2186380922794342,False
attention,25,14,4,0.9879036098718643,0.9836576581001282,0.15182171948254108,0.17269113659858704,False
attention,25,15,4,0.9893903583288193,0.9867525100708008,0.14310350641608238,0.1544681191444397,False
attention,25,16,4,0.9896315783262253,0.9868603944778442,0.14192090928554535,0.1562734842300415,False
attention,25,17,4,0.9882045239210129,0.9842332005500793,0.1511388011276722,0.1807611733675003,False
attention,25,18,4,0.9815848469734192,0.975972592830658,0.1928013488650322,0.2292245626449585,False
attention,25,19,4,0.03152288496494293,-0.1791171133518219,1.0585108995437622,1.12483549118042,False
attention,26,1,4,0.977964922785759,0.9748085141181946,0.22022784873843193,0.23273177444934845,False
attention,26,2,4,0.9733622372150421,0.9689047336578369,0.2464424930512905,0.26428934931755066,False
attention,26,3,4,0.9793935567140579,0.9672823548316956,0.20092493295669556,0.2605016827583313,False
attention,26,4,4,0.963115394115448,0.934057354927063,0.2543676383793354,0.35392245650291443,False
attention,26,5,4,0.9774290323257446,0.964811384677887,0.2128135785460472,0.26989638805389404,False
attention,26,6,4,0.9784158617258072,0.9639620780944824,0.20351342484354973,0.2670243978500366,False
attention,26,7,4,0.9759898036718369,0.9664528965950012,0.21625356376171112,0.2593865990638733,False
attention,26,8,4,0.9533438086509705,0.9216876029968262,0.29607807099819183,0.39529329538345337,False
attention,26,9,4,0.9622689336538315,0.9044089317321777,0.251316424459219,0.43412455916404724,False
attention,26,10,4,0.9711185097694397,0.9546768665313721,0.2417716197669506,0.30813178420066833,False
attention,26,11,4,0.9687708765268326,0.9324601888656616,0.2382667176425457,0.3483244478702545,False
attention,26,12,4,0.982079803943634,0.975082278251648,0.19427014514803886,0.23308798670768738,False
attention,26,13,4,0.9773028343915939,0.9572307467460632,0.21590523421764374,0.31443020701408386,False
attention,26,14,4,0.9808128029108047,0.9703948497772217,0.1996192093938589,0.2588671147823334,False
attention,26,15,4,0.9836594611406326,0.9782370328903198,0.1848568506538868,0.21098583936691284,False
attention,26,16,4,0.9838024973869324,0.9790913462638855,0.18589581921696663,0.20348095893859863,False
attention,26,17,4,0.9805441498756409,0.9752172827720642,0.19989444315433502,0.22600004076957703,False
attention,26,18,4,0.9651469737291336,0.9574496746063232,0.2665410526096821,0.2938978970050812,False
attention,26,19,4,0.4092427268624306,0.35477209091186523,0.9186568558216095,0.9461851119995117,False
attention,27,1,4,0.9614499509334564,0.9568257927894592,0.2982698082923889,0.3183709979057312,False
attention,27,2,4,0.9526661485433578,0.9329356551170349,0.31731750071048737,0.39151838421821594,False
attention,27,3,4,0.9609988480806351,0.9224482178688049,0.26657258719205856,0.39279383420944214,False
attention,27,4,4,0.9225674122571945,0.8500778079032898,0.36761728674173355,0.5189184546470642,False
attention,27,5,4,0.9180190414190292,0.8850081562995911,0.3976788818836212,0.4639154374599457,False
attention,27,6,4,0.9615762382745743,0.9502081871032715,0.2996395006775856,0.34114134311676025,False
attention,27,7,4,0.9591531157493591,0.9546461701393127,0.3359072059392929,0.3549432158470154,False
attention,27,8,4,0.9711854159832001,0.9616180658340454,0.31135229021310806,0.3582015931606293,False
attention,27,9,4,0.9855412989854813,0.9793297648429871,0.23945487290620804,0.30374735593795776,False
attention,27,10,4,0.9923858344554901,0.9888392686843872,0.18901964649558067,0.2137758582830429,False
attention,27,11,4,0.9933198839426041,0.9896546602249146,0.16195040196180344,0.19017218053340912,False
attention,27,12,4,0.9968613237142563,0.9958736300468445,0.12147324346005917,0.13291016221046448,False
attention,27,13,4,0.9969940036535263,0.9953856468200684,0.10902445018291473,0.12658680975437164,False
attention,27,14,4,0.9979544579982758,0.9974111914634705,0.09072773903608322,0.10002820193767548,False
attention,27,15,4,0.9979606121778488,0.9975346326828003,0.08192331902682781,0.08946055173873901,True
attention,27,16,4,0.9982484579086304,0.9978523850440979,0.07116265781223774,0.07546968013048172,True
attention,27,17,4,0.9980790317058563,0.9978616237640381,0.06873522698879242,0.0707118883728981,True
attention,27,18,4,0.9960310459136963,0.9951507449150085,0.09236294403672218,0.09981738775968552,True
attention,27,19,4,0.9024832099676132,0.8601127862930298,0.6095094010233879,0.8533480167388916,False
input,0,1,4,0.9999487698078156,0.9998875856399536,0.009798069251701236,0.015343639999628067,True
input,0,2,4,0.9999068677425385,0.9997787475585938,0.012801992474123836,0.02158488519489765,True
input,0,3,4,0.9998135417699814,0.9995445013046265,0.017850804841145873,0.031030980870127678,True
input,0,4,4,0.9996428191661835,0.9991847276687622,0.02453139121644199,0.041584741324186325,True
input,0,5,4,0.999594584107399,0.9992092847824097,0.026969776256009936,0.041641946882009506,True
input,0,6,4,0.9994101971387863,0.9989162683486938,0.03380895219743252,0.05002551153302193,True
input,0,7,4,0.9989950805902481,0.9982520341873169,0.044792627450078726,0.0641900897026062,True
input,0,8,4,0.9982117563486099,0.9973934292793274,0.06017470732331276,0.0776497945189476,True
input,0,9,4,0.9976388067007065,0.9966918230056763,0.07020648196339607,0.08691753447055817,True
input,0,10,4,0.996720477938652,0.995633065700531,0.08269116934388876,0.09968981146812439,True
input,0,11,4,0.995961531996727,0.994835615158081,0.09240800887346268,0.10683505237102509,False
input,0,12,4,0.9954813718795776,0.9944175481796265,0.09789515845477581,0.11034449189901352,False
input,0,13,4,0.9950168877840042,0.9937586188316345,0.10238938592374325,0.10983065515756607,False
input,0,14,4,0.9947138726711273,0.9933993816375732,0.10403677262365818,0.11185594648122787,False
input,0,15,4,0.9948137551546097,0.9937356114387512,0.10094269551336765,0.10800705850124359,False
input,0,16,4,0.9948337227106094,0.9941070675849915,0.0981823205947876,0.10439195483922958,False
input,0,17,4,0.9951528608798981,0.9943857192993164,0.09265640005469322,0.09794341772794724,False
input,0,18,4,0.9957950264215469,0.9949336051940918,0.0847301073372364,0.09174696356058121,False
input,0,19,4,0.9966491311788559,0.9959971904754639,0.07554579339921474,0.08167833089828491,True
input,1,1,4,0.9999760687351227,0.9999728798866272,0.007968813879415393,0.008191299624741077,True
input,1,2,4,0.9999571293592453,0.9999491572380066,0.010356100741773844,0.011112028732895851,True
input,1,3,4,0.999946802854538,0.9999312162399292,0.010671841679140925,0.012079762294888496,True
input,1,4,4,0.9999330192804337,0.9999054670333862,0.012002162635326385,0.014180725440382957,True
input,1,5,4,0.9999203681945801,0.9998918771743774,0.016459957463666797,0.017963308840990067,True
input,1,6,4,0.9998987764120102,0.9998472929000854,0.015528920106589794,0.01869961805641651,True
input,1,7,4,0.9998913556337357,0.999811589717865,0.01967329205945134,0.02367180772125721,True
input,1,8,4,0.9998591393232346,0.9997619390487671,0.020428931806236506,0.025327052921056747,True
input,1,9,4,0.9998283535242081,0.9997221827507019,0.02230570651590824,0.027166150510311127,True
input,1,10,4,0.9997717142105103,0.9996290802955627,0.023412046022713184,0.029354190453886986,True
input,1,11,4,0.9997155070304871,0.9995533227920532,0.02518210792914033,0.031282875686883926,True
input,1,12,4,0.9996691346168518,0.9994833469390869,0.02644868241623044,0.03300272673368454,True
input,1,13,4,0.9996189773082733,0.9994319677352905,0.02834924915805459,0.03449086844921112,True
input,1,14,4,0.9995871037244797,0.9994269013404846,0.029503260273486376,0.03451098874211311,True
input,1,15,4,0.9995647519826889,0.9994188547134399,0.03140502329915762,0.03551243990659714,True
input,1,16,4,0.9995590150356293,0.9994405508041382,0.03159409994259477,0.03530969098210335,True
input,1,17,4,0.9995584636926651,0.9994579553604126,0.03263614187017083,0.035977184772491455,True
input,1,18,4,0.9995294064283371,0.9994279146194458,0.03403733251616359,0.0380459725856781,True
input,1,19,4,0.9992309361696243,0.9988815784454346,0.041490538977086544,0.05050298944115639,True
input,2,1,4,0.9999687075614929,0.9999663829803467,0.008012457750737667,0.008339782245457172,True
input,2,2,4,0.9999500513076782,0.9999406337738037,0.010111111216247082,0.011027551256120205,True
input,2,3,4,0.999948039650917,0.9999331831932068,0.010189725318923593,0.011584669351577759,True
input,2,4,4,0.9999404549598694,0.9999169707298279,0.010851506609469652,0.01290242187678814,True
input,2,5,4,0.9999212175607681,0.9998968243598938,0.01629905099980533,0.017837978899478912,True
input,2,6,4,0.9999039620161057,0.9998630285263062,0.015646288404241204,0.0181899331510067,True
input,2,7,4,0.9998404532670975,0.9997681379318237,0.021855803672224283,0.024961024522781372,True
input,2,8,4,0.9996915459632874,0.9996017813682556,0.02852655667811632,0.031394559890031815,True
input,2,9,4,0.9996872097253799,0.9996016025543213,0.02927721757441759,0.03180015832185745,True
input,2,10,4,0.9995524734258652,0.9994591474533081,0.03242654073983431,0.034919094294309616,True
input,2,11,4,0.9994951784610748,0.9993674159049988,0.03383828094229102,0.03749299421906471,True
input,2,12,4,0.9993975907564163,0.9992902874946594,0.036498214583843946,0.039938561618328094,True
input,2,13,4,0.9993290603160858,0.9992103576660156,0.038343376480042934,0.04184567555785179,True
input,2,14,4,0.9991937130689621,0.9990725517272949,0.04177291039377451,0.04493211209774017,True
input,2,15,4,0.999125212430954,0.9989635348320007,0.04504294414073229,0.04890482872724533,True
input,2,16,4,0.9988653659820557,0.9986433386802673,0.05084700044244528,0.055698201060295105,True
input,2,17,4,0.9984545856714249,0.9981919527053833,0.05916351266205311,0.06448135524988174,True
input,2,18,4,0.9973962754011154,0.9969863295555115,0.07590244710445404,0.08326732367277145,True
input,2,19,4,0.9881544262170792,0.987119197845459,0.1614520102739334,0.17156466841697693,False
input,3,1,4,0.9999501407146454,0.9999375939369202,0.009987848345190287,0.011195322498679161,True
input,3,2,4,0.9999193251132965,0.9998859763145447,0.012648144038394094,0.015136661008000374,True
input,3,3,4,0.9999000132083893,0.9998424053192139,0.014044603565707803,0.017836816608905792,True
input,3,4,4,0.9998590499162674,0.9997687339782715,0.01632675901055336,0.021538518369197845,True
input,3,5,4,0.9998285323381424,0.9997662305831909,0.022938158828765154,0.02551903761923313,True
input,3,6,4,0.999816820025444,0.9997326135635376,0.022632450331002474,0.02609686180949211,True
input,3,7,4,0.999657154083252,0.9995152354240417,0.03251455398276448,0.03639998659491539,True
input,3,8,4,0.999359130859375,0.999205470085144,0.04244196880608797,0.04552186653017998,True
input,3,9,4,0.9993268400430679,0.9991794228553772,0.042141251266002655,0.04508202522993088,True
input,3,10,4,0.9991786330938339,0.9990063905715942,0.044180707074701786,0.04753953590989113,True
input,3,11,4,0.9991325885057449,0.9989498257637024,0.043708265759050846,0.04783764109015465,True
input,3,12,4,0.9990420788526535,0.998873770236969,0.04523397237062454,0.048656657338142395,True
input,3,13,4,0.9989666491746902,0.9987925291061401,0.04595684353262186,0.049630217254161835,True
input,3,14,4,0.9988068640232086,0.9986090064048767,0.048938713036477566,0.05320009961724281,True
input,3,15,4,0.9986719489097595,0.9984097480773926,0.05145981255918741,0.05680178850889206,True
input,3,16,4,0.9983022212982178,0.9979438781738281,0.05846899375319481,0.06476341187953949,True
input,3,17,4,0.9977284669876099,0.9972599744796753,0.06966561824083328,0.07626458257436752,True
input,3,18,4,0.9966021031141281,0.9958504438400269,0.09323579631745815,0.10040732473134995,False
input,3,19,4,0.9806557595729828,0.9772636294364929,0.24475663900375366,0.2583344280719757,False
input,4,1,4,0.9999133944511414,0.9998682737350464,0.013455787673592567,0.01661389321088791,True
input,4,2,4,0.9998759329319,0.9997908473014832,0.01599701726809144,0.020921653136610985,True
input,4,3,4,0.9998319000005722,0.9996886253356934,0.01834734668955207,0.02547643892467022,True
input,4,4,4,0.9997482448816299,0.9995136857032776,0.021542067173868418,0.03152144327759743,True
input,4,5,4,0.9996701031923294,0.9994828701019287,0.02757705422118306,0.033775944262742996,True
input,4,6,4,0.9996146708726883,0.9993267059326172,0.02825518697500229,0.03755991905927658,True
input,4,7,4,0.9993684589862823,0.9990395307540894,0.03758532181382179,0.04537031054496765,True
input,4,8,4,0.9990117847919464,0.9987660646438599,0.04729145299643278,0.052036579698324203,True
input,4,9,4,0.9989224076271057,0.9987574815750122,0.04685760382562876,0.05071014165878296,True
input,4,10,4,0.9988201260566711,0.9986754655838013,0.04853235278278589,0.0514853335916996,True
input,4,11,4,0.9988051950931549,0.998603105545044,0.04924329463392496,0.05342119559645653,True
input,4,12,4,0.9987791329622269,0.9986408948898315,0.05092024616897106,0.05372951179742813,True
input,4,13,4,0.9987774938344955,0.9986575841903687,0.0545988529920578,0.05707661062479019,True
input,4,14,4,0.9987442940473557,0.9985738396644592,0.0586093794554472,0.061768509447574615,True
input,4,15,4,0.9986708462238312,0.9984996914863586,0.07402866519987583,0.07631142437458038,True
input,4,16,4,0.9985788911581039,0.9983819723129272,0.08817421272397041,0.090448759496212,True
input,4,17,4,0.9984575659036636,0.9982590675354004,0.11447755247354507,0.11590780317783356,False
input,4,18,4,0.9981848895549774,0.9979314804077148,0.16499201208353043,0.16600029170513153,False
input,4,19,4,0.9955323338508606,0.9949299097061157,0.29675090312957764,0.29774972796440125,False
input,5,1,4,0.9996967762708664,0.999653697013855,0.03267375659197569,0.03391369804739952,True
input,5,2,4,0.9996376782655716,0.9995403289794922,0.033143419306725264,0.035702306777238846,True
input,5,3,4,0.9995892345905304,0.9994027614593506,0.032279384322464466,0.03738129511475563,True
input,5,4,4,0.999547690153122,0.9992063045501709,0.031330089550465345,0.04096174240112305,True
input,5,5,4,0.9995688498020172,0.9992551803588867,0.03407586272805929,0.04060711711645126,True
input,5,6,4,0.99946628510952,0.999048113822937,0.03371575428172946,0.04433996602892876,True
input,5,7,4,0.9992209225893021,0.9988154172897339,0.04043118376284838,0.04918312653899193,True
input,5,8,4,0.9988537579774857,0.9985905289649963,0.049256209284067154,0.05404026061296463,True
input,5,9,4,0.998812809586525,0.9985429048538208,0.04893312696367502,0.054559383541345596,True
input,5,10,4,0.9987549632787704,0.9985649585723877,0.05008377227932215,0.05399344861507416,True
input,5,11,4,0.998789519071579,0.9986560344696045,0.05070238281041384,0.05368761718273163,True
input,5,12,4,0.9987951070070267,0.9985959529876709,0.0520850345492363,0.056844815611839294,True
input,5,13,4,0.9988179206848145,0.9986491203308105,0.05602673254907131,0.06078752130270004,True
input,5,14,4,0.9988091140985489,0.9986701011657715,0.05976850725710392,0.06390292942523956,True
input,5,15,4,0.9987394958734512,0.9986056685447693,0.07554567232728004,0.07945553958415985,True
input,5,16,4,0.9986530691385269,0.9984815120697021,0.09114261902868748,0.09340269863605499,True
input,5,17,4,0.9985231459140778,0.9983456134796143,0.11982361227273941,0.12167581170797348,False
input,5,18,4,0.9981929212808609,0.997950553894043,0.17566415295004845,0.17771905660629272,False
input,5,19,4,0.9959781020879745,0.9955247640609741,0.31569620221853256,0.3168940842151642,False
input,6,1,4,0.9987376034259796,0.9986913800239563,0.09895599447190762,0.10450964421033859,False
input,6,2,4,0.9988371878862381,0.9987636804580688,0.08254039473831654,0.08781836926937103,True
input,6,3,4,0.9987843036651611,0.9985887408256531,0.07539826072752476,0.08009164035320282,True
input,6,4,4,0.9991274476051331,0.9986429214477539,0.05275056418031454,0.05878419801592827,True
input,6,5,4,0.999444842338562,0.9990323781967163,0.04212132655084133,0.04716195911169052,True
input,6,6,4,0.9993286430835724,0.9987926483154297,0.03775334823876619,0.04983186349272728,True
input,6,7,4,0.9990497976541519,0.9985475540161133,0.043754009529948235,0.0544230081140995,True
input,6,8,4,0.9985981285572052,0.9983291625976562,0.05317532457411289,0.058189090341329575,True
input,6,9,4,0.9985375106334686,0.9981975555419922,0.054690442979335785,0.06095803529024124,True
input,6,10,4,0.9985769689083099,0.9984020590782166,0.054758927784860134,0.05782119184732437,True
input,6,11,4,0.9986385852098465,0.9984968900680542,0.05713350232690573,0.06017069146037102,True
input,6,12,4,0.9986846745014191,0.9984634518623352,0.0591278001666069,0.06467459350824356,True
input,6,13,4,0.9987698346376419,0.9985815286636353,0.06375616323202848,0.06934640556573868,True
input,6,14,4,0.9988285452127457,0.9986874461174011,0.06697812117636204,0.07197119295597076,True
input,6,15,4,0.9987448751926422,0.9986572265625,0.08749734237790108,0.09163811802864075,True
input,6,16,4,0.9987378865480423,0.9986217021942139,0.1022111251950264,0.10478390753269196,False
input,6,17,4,0.9986525475978851,0.9985225200653076,0.1310671828687191,0.13331833481788635,False
input,6,18,4,0.9982924461364746,0.9980116486549377,0.19027677550911903,0.19125394523143768,False
input,6,19,4,0.9963015764951706,0.9954859018325806,0.34587565809488297,0.3464539647102356,False
input,7,1,4,0.9982961863279343,0.9982516169548035,0.1084787342697382,0.11407052725553513,False
input,7,2,4,0.9984024316072464,0.9983402490615845,0.0897524394094944,0.09558813273906708,True
input,7,3,4,0.998491644859314,0.9984239935874939,0.07619722932577133,0.08367488533258438,True
input,7,4,4,0.99901182949543,0.9985520839691162,0.050827039405703545,0.056625496596097946,True
input,7,5,4,0.9990930110216141,0.9986587166786194,0.04780168645083904,0.05399519205093384,True
input,7,6,4,0.9990169703960419,0.9985132217407227,0.04608391970396042,0.05758340284228325,True
input,7,7,4,0.9986230432987213,0.9982777237892151,0.054408373311161995,0.061397481709718704,True
input,7,8,4,0.9981228709220886,0.9977689981460571,0.06379385758191347,0.07069255411624908,True
input,7,9,4,0.9983722567558289,0.9975677132606506,0.05971169099211693,0.07681453973054886,True
input,7,10,4,0.998581275343895,0.9983813762664795,0.05605942942202091,0.05957384034991264,True
input,7,11,4,0.9986692368984222,0.998534619808197,0.05678952392190695,0.06137130782008171,True
input,7,12,4,0.9986864328384399,0.9984732866287231,0.05779568385332823,0.06296028941869736,True
input,7,13,4,0.9987187385559082,0.998496413230896,0.0629910146817565,0.06989455223083496,True
input,7,14,4,0.9987346678972244,0.998571515083313,0.06725715659558773,0.07352865487337112,True
input,7,15,4,0.9986711293458939,0.9985505938529968,0.08168257772922516,0.08811583369970322,True
input,7,16,4,0.9985754191875458,0.9984554648399353,0.09939887002110481,0.10385647416114807,False
input,7,17,4,0.9983918815851212,0.9982650876045227,0.13059090450406075,0.13274385035037994,False
input,7,18,4,0.9978263080120087,0.9975389242172241,0.1912733018398285,0.19528080523014069,False
input,7,19,4,0.9945972263813019,0.9931250214576721,0.36480696499347687,0.3762461245059967,False
input,8,1,4,0.9986397475004196,0.9986150860786438,0.09797943942248821,0.10254677385091782,False
input,8,2,4,0.9987360686063766,0.9986426830291748,0.07971367239952087,0.08310219645500183,True
input,8,3,4,0.9987340569496155,0.9984583854675293,0.06947457417845726,0.07146082818508148,True
input,8,4,4,0.999011904001236,0.9984254837036133,0.050631655380129814,0.05995117872953415,True
input,8,5,4,0.999085322022438,0.9986032247543335,0.047532093711197376,0.05455566570162773,True
input,8,6,4,0.9990629702806473,0.998535692691803,0.04503976181149483,0.05591971054673195,True
input,8,7,4,0.9987996518611908,0.9983874559402466,0.05002924986183643,0.05836805701255798,True
input,8,8,4,0.9981740713119507,0.9978975057601929,0.06215778551995754,0.06769178807735443,True
input,8,9,4,0.9983004033565521,0.9974867105484009,0.06068658921867609,0.07745204865932465,True
input,8,10,4,0.998525008559227,0.998384952545166,0.05707166437059641,0.06013013795018196,True
input,8,11,4,0.9985716342926025,0.998295783996582,0.05968788079917431,0.06665938347578049,True
input,8,12,4,0.9986506402492523,0.9984567165374756,0.06061985157430172,0.06627698987722397,True
input,8,13,4,0.9987130463123322,0.9984991550445557,0.06635871063917875,0.07389365136623383,True
input,8,14,4,0.9987630695104599,0.9986017942428589,0.0710619892925024,0.07753308117389679,True
input,8,15,4,0.9987374395132065,0.9986450672149658,0.08455394767224789,0.08966924250125885,True
input,8,16,4,0.9986730068922043,0.9986095428466797,0.1026647612452507,0.10385894775390625,False
input,8,17,4,0.9985344558954239,0.9984211921691895,0.13271469622850418,0.13548734784126282,False
input,8,18,4,0.9980937838554382,0.9978524446487427,0.18843335285782814,0.19265766441822052,False
input,8,19,4,0.9950190186500549,0.9939979314804077,0.3630247041583061,0.3710375428199768,False
input,9,1,4,0.9990326464176178,0.9989771246910095,0.08293605782091618,0.08735121786594391,True
input,9,2,4,0.9990966767072678,0.9989160299301147,0.0660373903810978,0.06863532215356827,True
input,9,3,4,0.9990093410015106,0.9985535144805908,0.05964228790253401,0.06827640533447266,True
input,9,4,4,0.9990606755018234,0.9983597993850708,0.04806988872587681,0.06100201979279518,True
input,9,5,4,0.9990568459033966,0.9985244274139404,0.048100429587066174,0.05575891211628914,True
input,9,6,4,0.9990592896938324,0.9985486268997192,0.04601145721971989,0.055081311613321304,True
input,9,7,4,0.998868778347969,0.998516321182251,0.04905339051038027,0.05619509145617485,True
input,9,8,4,0.9981669336557388,0.997747540473938,0.06187273748219013,0.0699675977230072,True
input,9,9,4,0.9983726888895035,0.997679591178894,0.05933054909110069,0.0736217051744461,True
input,9,10,4,0.9985663890838623,0.9984105825424194,0.0564587889239192,0.0601828396320343,True
input,9,11,4,0.9985963404178619,0.9984220862388611,0.06026452220976353,0.06357081979513168,True
input,9,12,4,0.9987096190452576,0.9985606670379639,0.06055939756333828,0.06539935618638992,True
input,9,13,4,0.9988125860691071,0.9987006187438965,0.06449190340936184,0.06771768629550934,True
input,9,14,4,0.9988905787467957,0.9988061189651489,0.0674807708710432,0.06984557956457138,True
input,9,15,4,0.9988429993391037,0.998791515827179,0.08181733079254627,0.08359639346599579,True
input,9,16,4,0.9988073110580444,0.9987099170684814,0.09690168127417564,0.09987206757068634,True
input,9,17,4,0.9986808449029922,0.998528778553009,0.12427809089422226,0.12786240875720978,False
input,9,18,4,0.9982380717992783,0.9979345202445984,0.1783161796629429,0.1842050999403,False
input,9,19,4,0.9949951767921448,0.9938616156578064,0.3471943140029907,0.36340412497520447,False
input,10,1,4,0.9988198727369308,0.9987587928771973,0.08313139900565147,0.08928526937961578,True
input,10,2,4,0.998992532491684,0.9987858533859253,0.06175463646650314,0.06450205296278,True
input,10,3,4,0.9989798814058304,0.998471200466156,0.051632778719067574,0.060190349817276,True
input,10,4,4,0.998819425702095,0.9979219436645508,0.049251641146838665,0.0670970231294632,True
input,10,5,4,0.9985537827014923,0.997776985168457,0.056371262297034264,0.07200029492378235,True
input,10,6,4,0.9987388402223587,0.9982299208641052,0.051664904691278934,0.06142570823431015,True
input,10,7,4,0.9983822852373123,0.997898519039154,0.0588153675198555,0.06830483675003052,True
input,10,8,4,0.9973939657211304,0.9966315031051636,0.07549781445413828,0.08906485140323639,True
input,10,9,4,0.9978638291358948,0.9966319799423218,0.07077199313789606,0.09622020274400711,True
input,10,10,4,0.9981731325387955,0.9979286789894104,0.06840119138360023,0.07744473218917847,True
input,10,11,4,0.9981646835803986,0.9979166984558105,0.07541082985699177,0.08292649686336517,True
input,10,12,4,0.9985061138868332,0.9983415603637695,0.07088236510753632,0.07516956329345703,True
input,10,13,4,0.9987252354621887,0.9985835552215576,0.07061257772147655,0.0739433690905571,True
input,10,14,4,0.9988564997911453,0.9987887144088745,0.07344438694417477,0.0788557156920433,True
input,10,15,4,0.9988290667533875,0.9987266063690186,0.08616454526782036,0.09638640284538269,True
input,10,16,4,0.9988443702459335,0.9987273216247559,0.09903696924448013,0.10753483325242996,False
input,10,17,4,0.9987651854753494,0.9985696077346802,0.12240193784236908,0.1284673810005188,False
input,10,18,4,0.9983808100223541,0.9980494976043701,0.1694856472313404,0.18081127107143402,False
input,10,19,4,0.9951439499855042,0.9940088391304016,0.3177947923541069,0.35308218002319336,False
input,11,1,4,0.9994911849498749,0.9994349479675293,0.04614660609513521,0.05389934405684471,True
input,11,2,4,0.9994945973157883,0.999316930770874,0.03493698872625828,0.0394119955599308,True
input,11,3,4,0.9993169009685516,0.9988284111022949,0.03802875895053148,0.050389375537633896,True
input,11,4,4,0.9989393055438995,0.998074471950531,0.04557886999100447,0.06402368098497391,True
input,11,5,4,0.9987176656723022,0.9980283975601196,0.05236942134797573,0.06792925298213959,True
input,11,6,4,0.9988672286272049,0.9983949065208435,0.050471995025873184,0.062155041843652725,True
input,11,7,4,0.998584434390068,0.9981682300567627,0.05638433899730444,0.06550788134336472,True
input,11,8,4,0.9976035356521606,0.9968053698539734,0.0739342337474227,0.0887170135974884,True
input,11,9,4,0.9981838315725327,0.9970118403434753,0.06616745796054602,0.09384219348430634,True
input,11,10,4,0.9985468834638596,0.9983571767807007,0.06259740795940161,0.07307273894548416,True
input,11,11,4,0.9985675513744354,0.9982671737670898,0.06666319351643324,0.07262495905160904,True
input,11,12,4,0.998885914683342,0.9987211227416992,0.06187603622674942,0.06643959134817123,True
input,11,13,4,0.999022364616394,0.9988657832145691,0.06244840193539858,0.0667693167924881,True
input,11,14,4,0.9991403967142105,0.9990607500076294,0.0645271223038435,0.07109274715185165,True
input,11,15,4,0.9990987032651901,0.99900221824646,0.07656230218708515,0.08730734884738922,True
input,11,16,4,0.9991037547588348,0.9990090131759644,0.08866090886294842,0.0969298705458641,True
input,11,17,4,0.9990286231040955,0.9988903999328613,0.1096958089619875,0.11601673811674118,False
input,11,18,4,0.998703345656395,0.998478889465332,0.15124496072530746,0.16185402870178223,False
input,11,19,4,0.9955517053604126,0.9947205185890198,0.27902035415172577,0.3079602122306824,False
input,12,1,4,0.9996418654918671,0.9995807409286499,0.038118381053209305,0.04351773485541344,True
input,12,2,4,0.9996098875999451,0.9994661808013916,0.031133112497627735,0.03574661165475845,True
input,12,3,4,0.999430388212204,0.9990281462669373,0.036311954259872437,0.04989666864275932,True
input,12,4,4,0.9990479499101639,0.9982632398605347,0.04353595757856965,0.0626281201839447,True
input,12,5,4,0.9989346265792847,0.9983030557632446,0.04770522844046354,0.061949197202920914,True
input,12,6,4,0.9989887177944183,0.9985368251800537,0.04913569148629904,0.06051762029528618,True
input,12,7,4,0.9986474514007568,0.9981820583343506,0.05628371052443981,0.0665358304977417,True
input,12,8,4,0.9976195991039276,0.9966518878936768,0.07420474197715521,0.09204775094985962,True
input,12,9,4,0.9982826262712479,0.9970253109931946,0.06364456005394459,0.08886603266000748,True
input,12,10,4,0.9987677931785583,0.9986820220947266,0.05641062930226326,0.06133710592985153,True
input,12,11,4,0.9986640065908432,0.9979585409164429,0.061230242252349854,0.07677189260721207,True
input,12,12,4,0.9990517050027847,0.9988319873809814,0.05584012717008591,0.061639830470085144,True
input,12,13,4,0.9991205036640167,0.9988086223602295,0.05949454661458731,0.06671445816755295,True
input,12,14,4,0.9992765337228775,0.9991883039474487,0.06041909474879503,0.0661582201719284,True
input,12,15,4,0.9992351084947586,0.9991455674171448,0.07089859060943127,0.07756931334733963,True
input,12,16,4,0.9992420524358749,0.9992210268974304,0.08351225964725018,0.08908876776695251,True
input,12,17,4,0.9991731941699982,0.9991276264190674,0.10599814355373383,0.10991654545068741,False
input,12,18,4,0.9988891929388046,0.9987890124320984,0.1473448984324932,0.15292786061763763,False
input,12,19,4,0.9960245192050934,0.9953287243843079,0.26657573878765106,0.2809394598007202,False
input,13,1,4,0.9998238682746887,0.999767541885376,0.027471985667943954,0.02913643606007099,True
input,13,2,4,0.9997930377721786,0.9997008442878723,0.02344872849062085,0.028347531333565712,True
input,13,3,4,0.9996855705976486,0.9994664192199707,0.02930790977552533,0.04137462377548218,True
input,13,4,4,0.9994376599788666,0.9989522099494934,0.03567280387505889,0.054034776985645294,True
input,13,5,4,0.9993737041950226,0.9989452362060547,0.03745208540931344,0.05242326110601425,True
input,13,6,4,0.9993780553340912,0.9990147352218628,0.03730661794543266,0.04712538421154022,True
input,13,7,4,0.9991253018379211,0.9988153576850891,0.04447623807936907,0.051718901842832565,True
input,13,8,4,0.9983456134796143,0.9977184534072876,0.061015608720481396,0.07211651653051376,True
input,13,9,4,0.9987561851739883,0.9976563453674316,0.05264266487210989,0.07627132534980774,True
input,13,10,4,0.9992054551839828,0.99918133020401,0.0457495404407382,0.05040368810296059,True
input,13,11,4,0.9991207271814346,0.9986125230789185,0.04943239688873291,0.05659161135554314,True
input,13,12,4,0.9994105100631714,0.9992632865905762,0.045200081542134285,0.04892292246222496,True
input,13,13,4,0.9994100034236908,0.9990689754486084,0.05028084944933653,0.05678104609251022,True
input,13,14,4,0.9995572119951248,0.9995063543319702,0.05026571545749903,0.05424649268388748,True
input,13,15,4,0.9995156675577164,0.9994515180587769,0.06214100308716297,0.06786801666021347,True
input,13,16,4,0.9995231330394745,0.9994938969612122,0.07302764430642128,0.07855254411697388,True
input,13,17,4,0.9994697719812393,0.9994264841079712,0.0927520152181387,0.09554377943277359,True
input,13,18,4,0.9992644339799881,0.9991767406463623,0.13080016151070595,0.1351788341999054,False
input,13,19,4,0.9969544559717178,0.9962986707687378,0.2223920375108719,0.2390565127134323,False
input,14,1,4,0.9997421652078629,0.9996811151504517,0.03265588404610753,0.034155331552028656,True
input,14,2,4,0.9997068643569946,0.9995906352996826,0.0287640318274498,0.03403875231742859,True
input,14,3,4,0.9995623528957367,0.9992801547050476,0.03430220112204552,0.04708932712674141,True
input,14,4,4,0.9992062449455261,0.9984768033027649,0.04003708250820637,0.0596453957259655,True
input,14,5,4,0.9990818947553635,0.9984946250915527,0.04311395529657602,0.05768566206097603,True
input,14,6,4,0.9991078972816467,0.9985535144805908,0.04452938959002495,0.057829245924949646,True
input,14,7,4,0.9985997080802917,0.9982260465621948,0.05787441600114107,0.06649503111839294,True
input,14,8,4,0.9973333925008774,0.996585488319397,0.0794693985953927,0.09316720813512802,True
input,14,9,4,0.9979368895292282,0.9958573579788208,0.07044458761811256,0.1083323210477829,False
input,14,10,4,0.9988809078931808,0.9987100958824158,0.055735268630087376,0.06376401335000992,True
input,14,11,4,0.998748317360878,0.997834324836731,0.057182406075298786,0.07018350809812546,True
input,14,12,4,0.9992178380489349,0.998879075050354,0.04861399997025728,0.05420185253024101,True
input,14,13,4,0.9991689026355743,0.9984167814254761,0.053018162958323956,0.06693096458911896,True
input,14,14,4,0.9994422644376755,0.9993376731872559,0.0503204632550478,0.05361504852771759,True
input,14,15,4,0.9993776232004166,0.9992455244064331,0.05943043064326048,0.06300904601812363,True
input,14,16,4,0.9993857890367508,0.9993517398834229,0.06857811287045479,0.07141833007335663,True
input,14,17,4,0.9992978572845459,0.9992576837539673,0.08789704367518425,0.09304388612508774,True
input,14,18,4,0.9990076869726181,0.99892258644104,0.12363971769809723,0.1315404325723648,False
input,14,19,4,0.995724231004715,0.9946600198745728,0.2130206935107708,0.23768237233161926,False
input,15,1,4,0.999684140086174,0.9996020197868347,0.03550880774855614,0.03845973312854767,True
input,15,2,4,0.999648854136467,0.9994988441467285,0.032153130043298006,0.03875409811735153,True
input,15,3,4,0.9995079934597015,0.9991883039474487,0.03554377844557166,0.048925429582595825,True
input,15,4,4,0.9991389364004135,0.9983736872673035,0.04173259111121297,0.06247742846608162,True
input,15,5,4,0.9989940375089645,0.9983707070350647,0.044683150481432676,0.05898835510015488,True
input,15,6,4,0.9989878386259079,0.9983080625534058,0.047601789236068726,0.06262059509754181,True
input,15,7,4,0.9982972741127014,0.9979066252708435,0.06492672022432089,0.073768749833107,True
input,15,8,4,0.9966143667697906,0.995407223701477,0.0904402919113636,0.1075534000992775,False
input,15,9,4,0.9971595853567123,0.9940072298049927,0.08428486622869968,0.13359256088733673,False
input,15,10,4,0.9985761344432831,0.998278021812439,0.062437305226922035,0.06872998178005219,True
input,15,11,4,0.9984232783317566,0.9971296787261963,0.0641138143837452,0.0818614512681961,True
input,15,12,4,0.9990487992763519,0.9985040426254272,0.05330066196620464,0.06252685189247131,True
input,15,13,4,0.9989693611860275,0.997859001159668,0.0569587592035532,0.07638871669769287,True
input,15,14,4,0.9993605464696884,0.9992207288742065,0.05295100528746843,0.05708100646734238,True
input,15,15,4,0.9992862045764923,0.9991189241409302,0.06245304271578789,0.0658455342054367,True
input,15,16,4,0.9993019551038742,0.9992387890815735,0.07072911784052849,0.07599407434463501,True
input,15,17,4,0.9992024749517441,0.9991209506988525,0.08976664766669273,0.09920478612184525,True
input,15,18,4,0.9988943040370941,0.9987659454345703,0.12498772703111172,0.1376897096633911,False
input,15,19,4,0.9953195750713348,0.9941133856773376,0.19960426911711693,0.22233900427818298,False
input,16,1,4,0.9997920393943787,0.9997506141662598,0.030034003779292107,0.03272264823317528,True
input,16,2,4,0.9997831284999847,0.9997116327285767,0.026275681797415018,0.03076724335551262,True
input,16,3,4,0.9997405111789703,0.9996107816696167,0.027261105831712484,0.03558440878987312,True
input,16,4,4,0.9996173083782196,0.9993134140968323,0.028976804111152887,0.04281998425722122,True
input,16,5,4,0.999554455280304,0.9992841482162476,0.029776118230074644,0.039031997323036194,True
input,16,6,4,0.9995387196540833,0.9992175102233887,0.03241327125579119,0.04123354330658913,True
input,16,7,4,0.9991610944271088,0.9989404082298279,0.044346888549625874,0.04923839122056961,True
input,16,8,4,0.9982797503471375,0.9977267980575562,0.0637220898643136,0.07474426925182343,True
input,16,9,4,0.9985145926475525,0.9969358444213867,0.061419254168868065,0.0958002507686615,True
input,16,10,4,0.9992217123508453,0.9990460872650146,0.04689918830990791,0.051664937287569046,True
input,16,11,4,0.9991002082824707,0.9982831478118896,0.04955641087144613,0.06303689628839493,True
input,16,12,4,0.9994643032550812,0.9991289973258972,0.04135878570377827,0.04746925085783005,True
input,16,13,4,0.9993880987167358,0.9986759424209595,0.04540320858359337,0.06114938110113144,True
input,16,14,4,0.9996303617954254,0.9995293021202087,0.043042849749326706,0.04829215630888939,True
input,16,15,4,0.9995803982019424,0.9994604587554932,0.054526797495782375,0.05829566344618797,True
input,16,16,4,0.9995772838592529,0.9995537400245667,0.06274355296045542,0.06627658754587173,True
input,16,17,4,0.9995057135820389,0.9994651079177856,0.08162041753530502,0.08742993324995041,True
input,16,18,4,0.9993284493684769,0.9992748498916626,0.11911839433014393,0.12573669850826263,False
input,16,19,4,0.9974233955144882,0.9969369173049927,0.1910211481153965,0.19859449565410614,False
input,17,1,4,0.999734416604042,0.999693751335144,0.03360641887411475,0.03645215928554535,True
input,17,2,4,0.999729260802269,0.9996521472930908,0.03048449568450451,0.03492603078484535,True
input,17,3,4,0.9996711313724518,0.9995423555374146,0.03211532812565565,0.04024224728345871,True
input,17,4,4,0.9995230883359909,0.9991698861122131,0.03391744988039136,0.04803377389907837,True
input,17,5,4,0.9994225353002548,0.9990670680999756,0.035463692620396614,0.046366848051548004,True
input,17,6,4,0.9993868619203568,0.9989683628082275,0.038507027085870504,0.048919424414634705,True
input,17,7,4,0.998819500207901,0.9985440969467163,0.05640103109180927,0.06738270074129105,True
input,17,8,4,0.9976103156805038,0.9968827962875366,0.08029009122401476,0.09524942189455032,True
input,17,9,4,0.9980713874101639,0.9960811138153076,0.0768998833373189,0.1210104376077652,False
input,17,10,4,0.9990166574716568,0.9987609386444092,0.05486731976270676,0.05856585130095482,True
input,17,11,4,0.9988853484392166,0.9979475736618042,0.05604615807533264,0.07277019321918488,True
input,17,12,4,0.9993136674165726,0.9988688230514526,0.04533123131841421,0.05506666377186775,True
input,17,13,4,0.9991916418075562,0.9981955289840698,0.048335143364965916,0.06976976990699768,True
input,17,14,4,0.999541237950325,0.9994439482688904,0.04376695118844509,0.04973661154508591,True
input,17,15,4,0.9994828104972839,0.9993629455566406,0.05273275077342987,0.05581709370017052,True
input,17,16,4,0.9994530081748962,0.9994093179702759,0.06088843196630478,0.06618767231702805,True
input,17,17,4,0.9993425607681274,0.9992790222167969,0.07846204750239849,0.087389275431633,True
input,17,18,4,0.9990856051445007,0.9989978075027466,0.11473400890827179,0.12608720362186432,False
input,17,19,4,0.996233657002449,0.9952781796455383,0.18854929134249687,0.20318718254566193,False
input,18,1,4,0.9995871335268021,0.9995299577713013,0.04152877535670996,0.04465470090508461,True
input,18,2,4,0.9995828866958618,0.9994826316833496,0.03816620074212551,0.04278680309653282,True
input,18,3,4,0.999523475766182,0.9993718862533569,0.03788913320749998,0.04562751203775406,True
input,18,4,4,0.9993861615657806,0.9989795684814453,0.037323727272450924,0.05063975602388382,True
input,18,5,4,0.9992821514606476,0.998866617679596,0.03912688884884119,0.04999244585633278,True
input,18,6,4,0.9992152154445648,0.9987002611160278,0.04288898967206478,0.0559769943356514,True
input,18,7,4,0.9984836578369141,0.9980945587158203,0.062078007496893406,0.07161029428243637,True
input,18,8,4,0.9968863278627396,0.9959649443626404,0.09042440354824066,0.10444707423448563,False
input,18,9,4,0.9974818527698517,0.9948145151138306,0.0828960444778204,0.13095541298389435,False
input,18,10,4,0.9986982196569443,0.9982739686965942,0.06187879014760256,0.0684199184179306,True
input,18,11,4,0.9985514730215073,0.9972741603851318,0.062054093927145004,0.0832742229104042,True
input,18,12,4,0.9990674555301666,0.9983730316162109,0.05117123294621706,0.06585193425416946,True
input,18,13,4,0.9988819807767868,0.9974316358566284,0.05449769552797079,0.08193515241146088,True
input,18,14,4,0.99936942756176,0.9992616176605225,0.04934907890856266,0.053614240139722824,True
input,18,15,4,0.9993099570274353,0.9991423487663269,0.05620002094656229,0.05997432768344879,True
input,18,16,4,0.9992724806070328,0.9991946220397949,0.06267790496349335,0.0666489228606224,True
input,18,17,4,0.999112069606781,0.9989901185035706,0.07973094657063484,0.08887974172830582,True
input,18,18,4,0.998761847615242,0.998633861541748,0.11547051556408405,0.12722137570381165,False
input,18,19,4,0.9946955293416977,0.9930809736251831,0.18794522807002068,0.2034710794687271,False
input,19,1,4,0.9998335987329483,0.9998143315315247,0.024003515485674143,0.025158556178212166,True
input,19,2,4,0.9998663365840912,0.999830424785614,0.02013101102784276,0.022377194836735725,True
input,19,3,4,0.9998571276664734,0.9997983574867249,0.019872363191097975,0.024141039699316025,True
input,19,4,4,0.9997840076684952,0.9996281862258911,0.020898742834106088,0.029954256489872932,True
input,19,5,4,0.9996656030416489,0.9994986057281494,0.02588839130476117,0.032596100121736526,True
input,19,6,4,0.9996123760938644,0.9994010329246521,0.030151372775435448,0.036154475063085556,True
input,19,7,4,0.9993207305669785,0.9992074370384216,0.03921978082507849,0.042204346507787704,True
input,19,8,4,0.9986519366502762,0.9982743263244629,0.05460673198103905,0.06242727115750313,True
input,19,9,4,0.9989125430583954,0.9976974129676819,0.050019169226288795,0.07410730421543121,True
input,19,10,4,0.9994007796049118,0.9992620944976807,0.04289265815168619,0.04762101545929909,True
input,19,11,4,0.9993560165166855,0.9988719820976257,0.046590300276875496,0.05513845384120941,True
input,19,12,4,0.9995551407337189,0.9992413520812988,0.042130108922719955,0.04783250018954277,True
input,19,13,4,0.9994772225618362,0.9988062381744385,0.04601936228573322,0.05864826217293739,True
input,19,14,4,0.9997102618217468,0.9996231198310852,0.04300248157233,0.0461033470928669,True
input,19,15,4,0.9997064471244812,0.9996517300605774,0.054999927058815956,0.056040871888399124,True
input,19,16,4,0.9997144341468811,0.9996719360351562,0.06187762413173914,0.06366492062807083,True
input,19,17,4,0.9996837824583054,0.9996345043182373,0.07877968065440655,0.08186265826225281,True
input,19,18,4,0.9995399564504623,0.9995167255401611,0.11652344837784767,0.11909575015306473,False
input,19,19,4,0.9979074895381927,0.9976908564567566,0.17332779243588448,0.17968621850013733,False
input,20,1,4,0.9997972697019577,0.9997782707214355,0.03261712472885847,0.033178891986608505,True
input,20,2,4,0.9997889697551727,0.9997507929801941,0.03424734249711037,0.035158365964889526,True
input,20,3,4,0.9997847527265549,0.9997259378433228,0.03249706979840994,0.034816913306713104,True
input,20,4,4,0.9997267723083496,0.9995530843734741,0.029898859094828367,0.03650869429111481,True
input,20,5,4,0.9996224939823151,0.9994176030158997,0.0313534801825881,0.036657389253377914,True
input,20,6,4,0.9995568692684174,0.9992929697036743,0.03241392923519015,0.0408925786614418,True
input,20,7,4,0.9991370141506195,0.9988901615142822,0.046150908805429935,0.052647221833467484,True
input,20,8,4,0.9982723444700241,0.9978758096694946,0.07094541750848293,0.08358632028102875,True
input,20,9,4,0.9985067546367645,0.9968611598014832,0.06861806660890579,0.11025192588567734,False
input,20,10,4,0.9991743117570877,0.9988650679588318,0.05639723036438227,0.06930918246507645,True
input,20,11,4,0.9991124421358109,0.9983371496200562,0.05880133714526892,0.07503556460142136,True
input,20,12,4,0.999377578496933,0.9988828897476196,0.049967323429882526,0.062032680958509445,True
input,20,13,4,0.9992604851722717,0.9982988834381104,0.054372720420360565,0.07584095746278763,True
input,20,14,4,0.9995831996202469,0.9994509220123291,0.05212887469679117,0.05829267576336861,True
input,20,15,4,0.9995856136083603,0.9995007514953613,0.060089356265962124,0.06393486261367798,True
input,20,16,4,0.9995849430561066,0.9995142817497253,0.06707459315657616,0.06906349211931229,True
input,20,17,4,0.9995363801717758,0.9994668364524841,0.08441029116511345,0.09024469554424286,True
input,20,18,4,0.9993230700492859,0.9992462396621704,0.12158608622848988,0.12834297120571136,False
input,20,19,4,0.9968671500682831,0.9963569641113281,0.19004083424806595,0.19635187089443207,False
input,21,1,4,0.999749556183815,0.9997276067733765,0.03846714645624161,0.04016362130641937,True
input,21,2,4,0.9996909946203232,0.9996451139450073,0.04397951532155275,0.04565255343914032,True
input,21,3,4,0.9996944665908813,0.9996161460876465,0.041718991473317146,0.04457942396402359,True
input,21,4,4,0.9996357262134552,0.9994317889213562,0.03790620109066367,0.04439939931035042,True
input,21,5,4,0.9994939863681793,0.9992579221725464,0.03969552833586931,0.04480791091918945,True
input,21,6,4,0.9994262754917145,0.9990700483322144,0.038494428619742393,0.04922328516840935,True
input,21,7,4,0.9990176260471344,0.9987304210662842,0.05102554429322481,0.0600716695189476,True
input,21,8,4,0.9980031102895737,0.997366726398468,0.07839503511786461,0.09270643442869186,True
input,21,9,4,0.9982096254825592,0.9963502883911133,0.0765221156179905,0.12097558379173279,False
input,21,10,4,0.998957946896553,0.9985960125923157,0.06450446508824825,0.0776098445057869,True
input,21,11,4,0.9989012181758881,0.9979239702224731,0.06708281673491001,0.09014448523521423,True
input,21,12,4,0.9992073327302933,0.9985685348510742,0.055635832250118256,0.07192109525203705,True
input,21,13,4,0.9991132169961929,0.9980388283729553,0.05959028471261263,0.08336278051137924,True
input,21,14,4,0.9994773715734482,0.9992707967758179,0.05591844581067562,0.062930166721344,True
input,21,15,4,0.999503031373024,0.9994210004806519,0.06192686129361391,0.06628617644309998,True
input,21,16,4,0.9994923323392868,0.9994214177131653,0.0683310516178608,0.0711013525724411,True
input,21,17,4,0.9994453489780426,0.9993958473205566,0.08463597483932972,0.0915326476097107,True
input,21,18,4,0.9991957545280457,0.9991060495376587,0.12115873023867607,0.12833444774150848,False
input,21,19,4,0.9960061311721802,0.9945766925811768,0.20204128324985504,0.20419543981552124,False
input,22,1,4,0.9996049106121063,0.9995970129966736,0.041668444871902466,0.04254533722996712,True
input,22,2,4,0.9995108395814896,0.9994840621948242,0.04648623988032341,0.046743717044591904,True
input,22,3,4,0.9996000081300735,0.9995431303977966,0.040821668691933155,0.04203154891729355,True
input,22,4,4,0.9995715916156769,0.999370276927948,0.03593215625733137,0.040904298424720764,True
input,22,5,4,0.9994017332792282,0.9992012977600098,0.03807612508535385,0.043521586805582047,True
input,22,6,4,0.999340295791626,0.9989709854125977,0.040840002708137035,0.0535210482776165,True
input,22,7,4,0.9988822489976883,0.998551607131958,0.057765811681747437,0.06886592507362366,True
input,22,8,4,0.9977816492319107,0.9969474077224731,0.08163231424987316,0.10127246379852295,False
input,22,9,4,0.9979541748762131,0.9955977201461792,0.07866838295012712,0.12416457384824753,False
input,22,10,4,0.9987490922212601,0.9984016418457031,0.06874553859233856,0.08329957723617554,True
input,22,11,4,0.9987035393714905,0.997510552406311,0.07071066182106733,0.09169114381074905,True
input,22,12,4,0.999047264456749,0.9982409477233887,0.06158704496920109,0.07581145316362381,True
input,22,13,4,0.998957097530365,0.997734785079956,0.065237021073699,0.08766725659370422,True
input,22,14,4,0.9993778020143509,0.9992066025733948,0.058765145018696785,0.06265906244516373,True
input,22,15,4,0.9994183629751205,0.9993089437484741,0.06587988324463367,0.07094594836235046,True
input,22,16,4,0.9994117170572281,0.9992961883544922,0.07307696901261806,0.07483213394880295,True
input,22,17,4,0.9993554353713989,0.9992550611495972,0.08916022069752216,0.09278025478124619,True
input,22,18,4,0.9991044998168945,0.9989674091339111,0.1233365572988987,0.12638406455516815,False
input,22,19,4,0.9957227557897568,0.9948662519454956,0.19141091033816338,0.19974468648433685,False
input,23,1,4,0.9997864663600922,0.9997748136520386,0.02154880715534091,0.022052468731999397,True
input,23,2,4,0.9997565299272537,0.999721884727478,0.02244930574670434,0.024032117798924446,True
input,23,3,4,0.9998183399438858,0.999750554561615,0.019352250266820192,0.02301635593175888,True
input,23,4,4,0.9997861534357071,0.9996276497840881,0.020250007277354598,0.02818005159497261,True
input,23,5,4,0.9997167587280273,0.9995872974395752,0.028256678488105536,0.03199981153011322,True
input,23,6,4,0.9996917694807053,0.9994628429412842,0.033225680235773325,0.035306256264448166,True
input,23,7,4,0.999492421746254,0.9992876648902893,0.04040796589106321,0.04279831424355507,True
input,23,8,4,0.9989859610795975,0.9983872175216675,0.051422543823719025,0.06198768690228462,True
input,23,9,4,0.9990919232368469,0.9980924129486084,0.05263407342135906,0.06638970226049423,True
input,23,10,4,0.9993400424718857,0.99918133020401,0.048903876915574074,0.0522490069270134,True
input,23,11,4,0.9993188232183456,0.9989036321640015,0.05013384576886892,0.05917646735906601,True
input,23,12,4,0.9995037913322449,0.9992157220840454,0.04756161570549011,0.052308931946754456,True
input,23,13,4,0.999436616897583,0.9989011287689209,0.049871805123984814,0.05723481625318527,True
input,23,14,4,0.9996341615915298,0.9995051622390747,0.04405753314495087,0.04743985831737518,True
input,23,15,4,0.9996365308761597,0.9995787143707275,0.05677125509828329,0.05828776955604553,True
input,23,16,4,0.9996297806501389,0.9995678067207336,0.060392992570996284,0.06201808527112007,True
input,23,17,4,0.9995776265859604,0.9995242357254028,0.07303505390882492,0.07378901541233063,True
input,23,18,4,0.9993742108345032,0.9993348121643066,0.10467629507184029,0.10611256211996078,False
input,23,19,4,0.9973205327987671,0.9969519376754761,0.1348417717963457,0.14649063348770142,False
input,24,1,4,0.9997810870409012,0.999763548374176,0.025055273436009884,0.02600708231329918,True
input,24,2,4,0.9996903985738754,0.9996505975723267,0.028218766674399376,0.03020293451845646,True
input,24,3,4,0.9997499138116837,0.9996679425239563,0.024145462084561586,0.028197452425956726,True
input,24,4,4,0.9997200816869736,0.9995198249816895,0.023570129182189703,0.03231685608625412,True
input,24,5,4,0.9996351897716522,0.9994715452194214,0.02971466723829508,0.035014111548662186,True
input,24,6,4,0.9996167570352554,0.9993277192115784,0.035943541675806046,0.04179803654551506,True
input,24,7,4,0.999407172203064,0.9991446137428284,0.04333693441003561,0.05024972930550575,True
input,24,8,4,0.9988206028938293,0.9980702996253967,0.05634875036776066,0.07073866575956345,True
input,24,9,4,0.9989252984523773,0.997711718082428,0.056305089965462685,0.07655724883079529,True
input,24,10,4,0.9991890043020248,0.9989676475524902,0.0534013994038105,0.058599334210157394,True
input,24,11,4,0.9991432428359985,0.9985485076904297,0.05398024246096611,0.06345124542713165,True
input,24,12,4,0.9993762224912643,0.9990184307098389,0.04938590154051781,0.05538157746195793,True
input,24,13,4,0.9992717653512955,0.9985857009887695,0.05218422692269087,0.0636303499341011,True
input,24,14,4,0.999509409070015,0.9993760585784912,0.04707846511155367,0.04968490079045296,True
input,24,15,4,0.9995062798261642,0.999413788318634,0.056418792344629765,0.059036727994680405,True
input,24,16,4,0.999485045671463,0.9993894100189209,0.06036949437111616,0.06230015307664871,True
input,24,17,4,0.9994062632322311,0.999329149723053,0.07138224132359028,0.07260153442621231,True
input,24,18,4,0.999104768037796,0.9989953637123108,0.09873110242187977,0.10060829669237137,False
input,24,19,4,0.9958274662494659,0.9951937198638916,0.1273120641708374,0.13313385844230652,False
input,25,1,4,0.9997835606336594,0.9997619390487671,0.031770674511790276,0.032017312943935394,True
input,25,2,4,0.9996060132980347,0.9995479583740234,0.03715701121836901,0.03809887170791626,True
input,25,3,4,0.9996185898780823,0.999483585357666,0.03048732504248619,0.03485167399048805,True
input,25,4,4,0.9995401203632355,0.9991868734359741,0.030651396606117487,0.04338281601667404,True
input,25,5,4,0.9994090646505356,0.9991487264633179,0.037335921078920364,0.046273987740278244,True
input,25,6,4,0.9994012415409088,0.99899822473526,0.04531765915453434,0.056478504091501236,True
input,25,7,4,0.9991157948970795,0.9987771511077881,0.052802237682044506,0.06276161223649979,True
input,25,8,4,0.9982865452766418,0.997346818447113,0.06954800244420767,0.08743919432163239,True
input,25,9,4,0.998400405049324,0.9965296983718872,0.0665427828207612,0.10669243335723877,False
input,25,10,4,0.9988172203302383,0.9985728859901428,0.06515207327902317,0.08209502696990967,True
input,25,11,4,0.998725563287735,0.997599720954895,0.06321563385426998,0.07599015533924103,True
input,25,12,4,0.9990735501050949,0.9984590411186218,0.05548024922609329,0.06654813140630722,True
input,25,13,4,0.998891070485115,0.9977136850357056,0.05887953285127878,0.07948849350214005,True
input,25,14,4,0.9992586970329285,0.9991360902786255,0.05387621093541384,0.05954653024673462,True
input,25,15,4,0.9992531090974808,0.9991196393966675,0.059152000583708286,0.0662909522652626,True
input,25,16,4,0.9992170482873917,0.9990736842155457,0.06332374550402164,0.06721603125333786,True
input,25,17,4,0.999100387096405,0.9989773035049438,0.07299304753541946,0.07857612520456314,True
input,25,18,4,0.9985879212617874,0.9983872175216675,0.09829403087496758,0.10395033657550812,False
input,25,19,4,0.9898223429918289,0.988267719745636,0.1622902788221836,0.16493956744670868,False
input,26,1,4,0.9997080117464066,0.9996778964996338,0.02466173330321908,0.025726264342665672,True
input,26,2,4,0.999518632888794,0.999439001083374,0.03225236106663942,0.03437170386314392,True
input,26,3,4,0.9995946139097214,0.9993555545806885,0.02840745635330677,0.03654991835355759,True
input,26,4,4,0.9993334263563156,0.9986804723739624,0.035372762475162745,0.05333239585161209,True
input,26,5,4,0.9992519915103912,0.998806357383728,0.042288295924663544,0.05412459000945091,True
input,26,6,4,0.9992532730102539,0.9987784624099731,0.043939500115811825,0.054479774087667465,True
input,26,7,4,0.9989384859800339,0.998505711555481,0.05370588507503271,0.0608176626265049,True
input,26,8,4,0.9978435635566711,0.9963785409927368,0.06914764270186424,0.08771254867315292,True
input,26,9,4,0.998044416308403,0.9956528544425964,0.06652254890650511,0.09613960981369019,True
input,26,10,4,0.9984331578016281,0.9979455471038818,0.06369444355368614,0.07180537283420563,True
input,26,11,4,0.998383179306984,0.997261643409729,0.06468101032078266,0.08099163323640823,True
input,26,12,4,0.9988186955451965,0.9982519149780273,0.05735422391444445,0.06629900634288788,True
input,26,13,4,0.9985768646001816,0.997262716293335,0.061144509352743626,0.0809100791811943,True
input,26,14,4,0.9989415854215622,0.9987075328826904,0.053473033010959625,0.05780250206589699,True
input,26,15,4,0.9989917427301407,0.9988683462142944,0.058820147998631,0.0629878044128418,True
input,26,16,4,0.9989417493343353,0.9988241195678711,0.06081257946789265,0.0637546181678772,True
input,26,17,4,0.998796820640564,0.9986387491226196,0.06688183732330799,0.06986498832702637,True
input,26,18,4,0.998100608587265,0.9978523254394531,0.08882980979979038,0.09239346534013748,True
input,26,19,4,0.8602549284696579,0.849341630935669,0.5648058503866196,0.5829451084136963,False
input,27,1,4,0.9987992197275162,0.998661994934082,0.05488131754100323,0.05685674771666527,True
input,27,2,4,0.9980718046426773,0.9977505803108215,0.06781779043376446,0.0717742070555687,True
input,27,3,4,0.9983023256063461,0.9973259568214417,0.057933857664465904,0.07438603043556213,True
input,27,4,4,0.9971275329589844,0.9944716691970825,0.07616269774734974,0.11057805269956589,False
input,27,5,4,0.9971857666969299,0.9957101941108704,0.07710225228220224,0.09918607771396637,True
input,27,6,4,0.997142419219017,0.9953500032424927,0.07790081668645144,0.0999060794711113,True
input,27,7,4,0.9960444420576096,0.9944068193435669,0.0952394250780344,0.1140001192688942,False
input,27,8,4,0.9921071529388428,0.9868309497833252,0.12859460152685642,0.17071914672851562,False
input,27,9,4,0.9930590838193893,0.9846882820129395,0.12033822014927864,0.18160977959632874,False
input,27,10,4,0.9945515841245651,0.9929299354553223,0.11365051753818989,0.13100211322307587,False
input,27,11,4,0.9944775402545929,0.9902458190917969,0.11326302774250507,0.14673563838005066,False
input,27,12,4,0.9962017089128494,0.9944862127304077,0.0972895585000515,0.11393348127603531,False
input,27,13,4,0.9955364912748337,0.9914892315864563,0.10327939875423908,0.13876456022262573,False
input,27,14,4,0.996749684214592,0.9958282709121704,0.09114106558263302,0.10034528374671936,False
input,27,15,4,0.9970569610595703,0.9966030120849609,0.0926639549434185,0.09898707270622253,True
input,27,16,4,0.9970837533473969,0.9966506361961365,0.09403713978827,0.09944458305835724,True
input,27,17,4,0.9968056082725525,0.9962869882583618,0.10323284566402435,0.1091088131070137,False
input,27,18,4,0.9951264411211014,0.9944173097610474,0.13321644440293312,0.14040622115135193,False
input,27,19,4,0.79326993227005,0.7662193179130554,0.6215412616729736,0.6534509658813477,False
mlp,0,1,4,0.9983473271131516,0.9981927871704102,0.07422839105129242,0.0762471854686737,True
mlp,0,2,4,0.9963724464178085,0.9959414005279541,0.10822643898427486,0.11177826672792435,False
mlp,0,3,4,0.9956018775701523,0.9948697090148926,0.12535303458571434,0.13189171254634857,False
mlp,0,4,4,0.9951958060264587,0.99445641040802,0.13249090313911438,0.140289768576622,False
mlp,0,5,4,0.995841920375824,0.9954202175140381,0.10478737577795982,0.11114474385976791,False
mlp,0,6,4,0.9937018007040024,0.9924238920211792,0.12340268306434155,0.13328002393245697,False
mlp,0,7,4,0.993101179599762,0.9901900291442871,0.11760446056723595,0.1443926990032196,False
mlp,0,8,4,0.9915069490671158,0.9865474104881287,0.13123716041445732,0.17081335186958313,False
mlp,0,9,4,0.9916421175003052,0.9877065420150757,0.13653010688722134,0.16308467090129852,False
mlp,0,10,4,0.9921407401561737,0.987847089767456,0.13128323666751385,0.1627679020166397,False
mlp,0,11,4,0.9934854507446289,0.9908270835876465,0.12180342711508274,0.1404595673084259,False
mlp,0,12,4,0.9944373965263367,0.9932167530059814,0.11393079534173012,0.12130559980869293,False
mlp,0,13,4,0.9953384548425674,0.9946222305297852,0.10612809658050537,0.11330295354127884,False
mlp,0,14,4,0.9957811683416367,0.9949034452438354,0.10218385234475136,0.1097930520772934,False
mlp,0,15,4,0.9940630197525024,0.9923103451728821,0.12334073521196842,0.13924439251422882,False
mlp,0,16,4,0.9938574880361557,0.9917150735855103,0.12363304756581783,0.14224062860012054,False
mlp,0,17,4,0.9925199300050735,0.9901026487350464,0.1346505843102932,0.153701052069664,False
mlp,0,18,4,0.9862983971834183,0.9812526106834412,0.1833578199148178,0.21688927710056305,False
mlp,0,19,4,0.9532899111509323,0.9402515888214111,0.3635493740439415,0.3956463932991028,False
mlp,1,1,4,0.9999459087848663,0.9999409914016724,0.012683737091720104,0.01338561624288559,True
mlp,1,2,4,0.9999082535505295,0.9998832941055298,0.016012680251151323,0.01758561283349991,True
mlp,1,3,4,0.9999106079339981,0.9998677372932434,0.014124815119430423,0.016790669411420822,True
mlp,1,4,4,0.9998748600482941,0.9998042583465576,0.01528409356251359,0.01908198930323124,True
mlp,1,5,4,0.9998712092638016,0.9998195171356201,0.015180671121925116,0.01822720840573311,True
mlp,1,6,4,0.9998171180486679,0.9997348785400391,0.018052118830382824,0.022133873775601387,True
mlp,1,7,4,0.9996782541275024,0.9995596408843994,0.025729201268404722,0.030442552641034126,True
mlp,1,8,4,0.9991421550512314,0.9989078640937805,0.04472020082175732,0.0508236289024353,True
mlp,1,9,4,0.9987310320138931,0.9985352754592896,0.051632875576615334,0.05531136691570282,True
mlp,1,10,4,0.9979905784130096,0.9976744055747986,0.06684331968426704,0.07290679961442947,True
mlp,1,11,4,0.9973737448453903,0.9966729879379272,0.07528276927769184,0.08641264587640762,True
mlp,1,12,4,0.9966607242822647,0.9961955547332764,0.08649547025561333,0.09408421814441681,True
mlp,1,13,4,0.9960510432720184,0.9955183267593384,0.09478897042572498,0.10256429761648178,False
mlp,1,14,4,0.9950247257947922,0.9941606521606445,0.10806791856884956,0.11881230771541595,False
mlp,1,15,4,0.9941861182451248,0.9930023550987244,0.11518916860222816,0.12896719574928284,False
mlp,1,16,4,0.9921638816595078,0.9905047416687012,0.13385954685509205,0.15075857937335968,False
mlp,1,17,4,0.9890619963407516,0.9867558479309082,0.15411550924181938,0.1728932410478592,False
mlp,1,18,4,0.9828737378120422,0.978094220161438,0.18216997757554054,0.207085520029068,False
mlp,1,19,4,0.9415359050035477,0.9175195693969727,0.30334028601646423,0.3338319659233093,False
mlp,2,1,4,0.999920204281807,0.9998813271522522,0.012299549067392945,0.015077988617122173,True
mlp,2,2,4,0.9998746365308762,0.9997814893722534,0.015219749417155981,0.020537089556455612,True
mlp,2,3,4,0.9997979551553726,0.9996239542961121,0.01892782747745514,0.026631981134414673,True
mlp,2,4,4,0.9996473044157028,0.9993259310722351,0.02440966898575425,0.0355493389070034,True
mlp,2,5,4,0.9995673298835754,0.9992535710334778,0.03037329064682126,0.03928706794977188,True
mlp,2,6,4,0.9994313418865204,0.998960018157959,0.03298442857339978,0.045501112937927246,True
mlp,2,7,4,0.9989688992500305,0.9982150197029114,0.047633531503379345,0.062091100960969925,True
mlp,2,8,4,0.998179629445076,0.997387170791626,0.06441707909107208,0.07532954961061478,True
mlp,2,9,4,0.997812032699585,0.997105598449707,0.06840181723237038,0.07676008343696594,True
mlp,2,10,4,0.9971233904361725,0.9962173700332642,0.0774638932198286,0.08585189282894135,True
mlp,2,11,4,0.9966220557689667,0.9958176016807556,0.08314387314021587,0.09321780502796173,True
mlp,2,12,4,0.9961325824260712,0.9952946305274963,0.08890387788414955,0.09714534133672714,True
mlp,2,13,4,0.9955916255712509,0.9948502779006958,0.09429672919213772,0.10234921425580978,False
mlp,2,14,4,0.9948434382677078,0.9938375949859619,0.10159885510802269,0.1100878193974495,False
mlp,2,15,4,0.9944057613611221,0.9932444095611572,0.10480370558798313,0.11396512389183044,False
mlp,2,16,4,0.9931596219539642,0.9916582107543945,0.11488146334886551,0.12526066601276398,False
mlp,2,17,4,0.9916913360357285,0.9898880124092102,0.1252317950129509,0.13584314286708832,False
mlp,2,18,4,0.9895160049200058,0.9868178367614746,0.13902447745203972,0.15272805094718933,False
mlp,2,19,4,0.9649147242307663,0.9450536370277405,0.2714576870203018,0.33248695731163025,False
mlp,3,1,4,0.9993299543857574,0.9988536238670349,0.03572665108367801,0.04742548242211342,True
mlp,3,2,4,0.99885493516922,0.9977326989173889,0.044886643067002296,0.06611526012420654,True
mlp,3,3,4,0.9974234253168106,0.994023859500885,0.06659513525664806,0.10996931791305542,False
mlp,3,4,4,0.993885725736618,0.9855208992958069,0.10487462021410465,0.1837071180343628,False
mlp,3,5,4,0.9905482083559036,0.9806030988693237,0.1407377552241087,0.23414567112922668,False
mlp,3,6,4,0.985750138759613,0.9749753475189209,0.18135954067111015,0.2737073004245758,False
mlp,3,7,4,0.9871669560670853,0.9815836548805237,0.17444037273526192,0.2211887091398239,False
mlp,3,8,4,0.9876086562871933,0.9832260012626648,0.16111192852258682,0.18823213875293732,False
mlp,3,9,4,0.9899047166109085,0.985695481300354,0.14308183267712593,0.17976470291614532,False
mlp,3,10,4,0.9925395846366882,0.990453839302063,0.12495528906583786,0.14620590209960938,False
mlp,3,11,4,0.993600144982338,0.9924898743629456,0.11624519899487495,0.12946319580078125,False
mlp,3,12,4,0.9947289973497391,0.9939804673194885,0.1081093791872263,0.11792073398828506,False
mlp,3,13,4,0.9952640235424042,0.9949854612350464,0.10395643301308155,0.10983951389789581,False
mlp,3,14,4,0.9957469701766968,0.9949668645858765,0.09858496859669685,0.10341905802488327,False
mlp,3,15,4,0.9939874410629272,0.9925838708877563,0.11795668117702007,0.13483691215515137,False
mlp,3,16,4,0.9942096173763275,0.9925167560577393,0.11326151713728905,0.13288851082324982,False
mlp,3,17,4,0.9929821640253067,0.9905237555503845,0.12214671820402145,0.14529041945934296,False
mlp,3,18,4,0.9904129654169083,0.9866824746131897,0.14120333455502987,0.16877426207065582,False
mlp,3,19,4,0.9768852144479752,0.9752029776573181,0.22770678997039795,0.24186073243618011,False
mlp,4,1,4,0.9952815622091293,0.9939243793487549,0.09891758300364017,0.11110089719295502,False
mlp,4,2,4,0.9902430921792984,0.985667884349823,0.14246056601405144,0.17309094965457916,False
mlp,4,3,4,0.9828395247459412,0.9682781100273132,0.18503394350409508,0.26624730229377747,False
mlp,4,4,4,0.9666319638490677,0.9387350082397461,0.2534524165093899,0.3744156062602997,False
mlp,4,5,4,0.9616291224956512,0.9401464462280273,0.27147797867655754,0.3514183461666107,False
mlp,4,6,4,0.957580953836441,0.9420976638793945,0.28542817384004593,0.3410690724849701,False
mlp,4,7,4,0.9671985357999802,0.9603315591812134,0.2514377236366272,0.2701309323310852,False
mlp,4,8,4,0.9671754539012909,0.9560543894767761,0.24664561823010445,0.30013275146484375,False
mlp,4,9,4,0.9765314906835556,0.9592538475990295,0.2053428813815117,0.27784767746925354,False
mlp,4,10,4,0.9827756583690643,0.9752678871154785,0.17701677605509758,0.21545960009098053,False
mlp,4,11,4,0.9851818382740021,0.9812524914741516,0.16871894523501396,0.1873243749141693,False
mlp,4,12,4,0.9859932959079742,0.9814924001693726,0.16842922940850258,0.18835413455963135,False
mlp,4,13,4,0.9867343306541443,0.9827449321746826,0.1647161804139614,0.18290436267852783,False
mlp,4,14,4,0.987375795841217,0.984368622303009,0.1597449816763401,0.17360350489616394,False
mlp,4,15,4,0.9831614941358566,0.9805304408073425,0.19430113583803177,0.19924849271774292,False
mlp,4,16,4,0.9828681796789169,0.9812459945678711,0.18945826217532158,0.19301821291446686,False
mlp,4,17,4,0.9782025516033173,0.9763513803482056,0.21019021794199944,0.21470724046230316,False
mlp,4,18,4,0.9651430249214172,0.9639521837234497,0.26227668672800064,0.2694401741027832,False
mlp,4,19,4,0.9120472222566605,0.8940789699554443,0.3925977125763893,0.42541390657424927,False
mlp,5,1,4,0.9876559376716614,0.9849969148635864,0.15859223902225494,0.17729339003562927,False
mlp,5,2,4,0.981313943862915,0.9750030040740967,0.19662392139434814,0.23521360754966736,False
mlp,5,3,4,0.9696038961410522,0.9468462467193604,0.254713986068964,0.3595765233039856,False
mlp,5,4,4,0.9482783824205399,0.9081863164901733,0.322590634226799,0.4603007733821869,False
mlp,5,5,4,0.9464614689350128,0.9182395935058594,0.3178092688322067,0.41303491592407227,False
mlp,5,6,4,0.952862411737442,0.9363318681716919,0.3013734929263592,0.36178627610206604,False
mlp,5,7,4,0.9650410711765289,0.9582740664482117,0.2593174912035465,0.2703544497489929,False
mlp,5,8,4,0.9604148119688034,0.9369812607765198,0.2547561749815941,0.3448757827281952,False
mlp,5,9,4,0.9684736877679825,0.92982417345047,0.2178366854786873,0.3586788475513458,False
mlp,5,10,4,0.9804705232381821,0.9714335203170776,0.17670057341456413,0.2323710024356842,False
mlp,5,11,4,0.980553612112999,0.9769942164421082,0.17666172422468662,0.20976358652114868,False
mlp,5,12,4,0.9811387658119202,0.9731712341308594,0.1756788957864046,0.2263052761554718,False
mlp,5,13,4,0.9816731959581375,0.9724977016448975,0.17449540458619595,0.23360949754714966,False
mlp,5,14,4,0.9839377850294113,0.9761487245559692,0.16598879732191563,0.22003577649593353,False
mlp,5,15,4,0.9803218096494675,0.9720142483711243,0.19171646982431412,0.23539839684963226,False
mlp,5,16,4,0.9813752472400665,0.9740236401557922,0.18446117639541626,0.22328373789787292,False
mlp,5,17,4,0.9768713116645813,0.9686206579208374,0.20440256223082542,0.24349060654640198,False
mlp,5,18,4,0.9613038152456284,0.9511186480522156,0.2640090323984623,0.2981838285923004,False
mlp,5,19,4,0.9055887460708618,0.8908154964447021,0.40813859552145004,0.42777594923973083,False
mlp,6,1,4,0.988075777888298,0.9841801524162292,0.15643374621868134,0.1826610267162323,False
mlp,6,2,4,0.9794009476900101,0.970862627029419,0.20549704134464264,0.24978390336036682,False
mlp,6,3,4,0.963972881436348,0.9429805278778076,0.26918452605605125,0.3492385745048523,False
mlp,6,4,4,0.9525172114372253,0.9253048896789551,0.29834578558802605,0.386669784784317,False
mlp,6,5,4,0.9500619322061539,0.9261871576309204,0.2996193617582321,0.36469775438308716,False
mlp,6,6,4,0.9567871689796448,0.9448926448822021,0.2837338373064995,0.32090118527412415,False
mlp,6,7,4,0.9634351134300232,0.956254243850708,0.25874001905322075,0.27794378995895386,False
mlp,6,8,4,0.9586536884307861,0.9422249794006348,0.2682562284171581,0.31231796741485596,False
mlp,6,9,4,0.9698608219623566,0.9505946040153503,0.23624107614159584,0.3107832372188568,False
mlp,6,10,4,0.9784139692783356,0.9757657051086426,0.20244068652391434,0.21793007850646973,False
mlp,6,11,4,0.9767639636993408,0.9720893502235413,0.2109939195215702,0.23871947824954987,False
mlp,6,12,4,0.9785184860229492,0.9743454456329346,0.20360426977276802,0.22468368709087372,False
mlp,6,13,4,0.9801902621984482,0.9752781987190247,0.19508032128214836,0.2223954200744629,False
mlp,6,14,4,0.9831454902887344,0.9792935252189636,0.17958317697048187,0.2042597085237503,False
mlp,6,15,4,0.9803797006607056,0.9772529602050781,0.19757631048560143,0.21465392410755157,False
mlp,6,16,4,0.9817650318145752,0.9790552854537964,0.18918277323246002,0.20509018003940582,False
mlp,6,17,4,0.9785616546869278,0.9755850434303284,0.20391124114394188,0.21967501938343048,False
mlp,6,18,4,0.9656962305307388,0.9612754583358765,0.256174523383379,0.27218663692474365,False
mlp,6,19,4,0.8982495665550232,0.8847686052322388,0.42587910592556,0.44400954246520996,False
mlp,7,1,4,0.9843432009220123,0.9813635349273682,0.18170400708913803,0.20130588114261627,False
mlp,7,2,4,0.9751859158277512,0.9680830836296082,0.22875436767935753,0.2639414072036743,False
mlp,7,3,4,0.9586031585931778,0.9383163452148438,0.28912627324461937,0.36013880372047424,False
mlp,7,4,4,0.9474916011095047,0.9187012910842896,0.3100914992392063,0.38997361063957214,False
mlp,7,5,4,0.941812664270401,0.9187463521957397,0.3166517913341522,0.3729795813560486,False
mlp,7,6,4,0.9504477977752686,0.938646674156189,0.3003186210989952,0.3256399929523468,False
mlp,7,7,4,0.95564866065979,0.9492949843406677,0.2855898216366768,0.29811760783195496,False
mlp,7,8,4,0.9420556873083115,0.9138590693473816,0.31957684457302094,0.4037121832370758,False
mlp,7,9,4,0.9586138725280762,0.9247234463691711,0.27428972348570824,0.3820800483226776,False
mlp,7,10,4,0.9711034148931503,0.9670126438140869,0.234231099486351,0.25179165601730347,False
mlp,7,11,4,0.9675593823194504,0.9600647687911987,0.24646617099642754,0.2768023610115051,False
mlp,7,12,4,0.9704943001270294,0.9630280137062073,0.239247415214777,0.26803746819496155,False
mlp,7,13,4,0.9730021059513092,0.9663715958595276,0.22826987132430077,0.2631789445877075,False
mlp,7,14,4,0.9776475876569748,0.9730100631713867,0.20642954111099243,0.22895394265651703,False
mlp,7,15,4,0.9736276865005493,0.9701884984970093,0.23074721917510033,0.24678799510002136,False
mlp,7,16,4,0.9743273258209229,0.9711968898773193,0.22629138827323914,0.24095138907432556,False
mlp,7,17,4,0.9694315791130066,0.9645977020263672,0.24600253254175186,0.2655858099460602,False
mlp,7,18,4,0.9497114270925522,0.9436826109886169,0.3128443732857704,0.3344319760799408,False
mlp,7,19,4,0.8326217234134674,0.7960156798362732,0.5443696975708008,0.5955342650413513,False
mlp,8,1,4,0.9848732203245163,0.9813839197158813,0.17622455209493637,0.19820551574230194,False
mlp,8,2,4,0.9753818362951279,0.9687141180038452,0.22276069968938828,0.2536028027534485,False
mlp,8,3,4,0.9595175236463547,0.9400205612182617,0.2821689620614052,0.34475094079971313,False
mlp,8,4,4,0.9439260363578796,0.9125815033912659,0.31301120296120644,0.39828944206237793,False
mlp,8,5,4,0.940939411520958,0.9091500639915466,0.32506801560521126,0.41015011072158813,False
mlp,8,6,4,0.9511580169200897,0.9408086538314819,0.3044455125927925,0.3323558270931244,False
mlp,8,7,4,0.9488650262355804,0.9412801265716553,0.3085213825106621,0.33565545082092285,False
mlp,8,8,4,0.9297439008951187,0.8842967748641968,0.35024720430374146,0.4604959189891815,False
mlp,8,9,4,0.9576563090085983,0.9186533093452454,0.2746964432299137,0.39505794644355774,False
mlp,8,10,4,0.9699507057666779,0.9658054113388062,0.23775188624858856,0.2601674795150757,False
mlp,8,11,4,0.9670037478208542,0.9569638967514038,0.24810286611318588,0.2846541404724121,False
mlp,8,12,4,0.971874475479126,0.9606989622116089,0.23108511045575142,0.2789188623428345,False
mlp,8,13,4,0.9755765944719315,0.9666473865509033,0.21589843183755875,0.25835686922073364,False
mlp,8,14,4,0.9806192219257355,0.9765892028808594,0.19349101558327675,0.21606700122356415,False
mlp,8,15,4,0.9777712821960449,0.9713175296783447,0.20937595143914223,0.24415910243988037,False
mlp,8,16,4,0.9780587404966354,0.9734963178634644,0.20769016072154045,0.23262636363506317,False
mlp,8,17,4,0.9744338393211365,0.968974232673645,0.22434688359498978,0.24645015597343445,False
mlp,8,18,4,0.9593511074781418,0.9533832669258118,0.2864321693778038,0.30433860421180725,False
mlp,8,19,4,0.844972625374794,0.8356332182884216,0.5425209105014801,0.5621700286865234,False
mlp,9,1,4,0.9850480556488037,0.9820853471755981,0.17231010645627975,0.18940630555152893,False
mlp,9,2,4,0.9771027863025665,0.9706212282180786,0.21293403208255768,0.24184787273406982,False
mlp,9,3,4,0.9636252820491791,0.9443007707595825,0.264514684677124,0.32962435483932495,False
mlp,9,4,4,0.9445855915546417,0.909295380115509,0.3098977282643318,0.4079861640930176,False
mlp,9,5,4,0.9413517862558365,0.9056938886642456,0.3227419890463352,0.4119165241718292,False
mlp,9,6,4,0.9536455422639847,0.9419891834259033,0.29716795682907104,0.32628104090690613,False
mlp,9,7,4,0.9478965550661087,0.9400122761726379,0.3130468875169754,0.33996254205703735,False
mlp,9,8,4,0.9198980331420898,0.8700268864631653,0.37501367181539536,0.49203965067863464,False
mlp,9,9,4,0.9507720470428467,0.9075707197189331,0.2954871617257595,0.4184592366218567,False
mlp,9,10,4,0.9645599722862244,0.960089921951294,0.2581848315894604,0.2771599590778351,False
mlp,9,11,4,0.9609401822090149,0.9410929679870605,0.26547883078455925,0.33084389567375183,False
mlp,9,12,4,0.972175344824791,0.9580972790718079,0.2260042391717434,0.2826000154018402,False
mlp,9,13,4,0.9758064299821854,0.9609670639038086,0.2077951766550541,0.268816202878952,False
mlp,9,14,4,0.9817058891057968,0.9759385585784912,0.18122472614049911,0.21235206723213196,False
mlp,9,15,4,0.9792285859584808,0.9706465005874634,0.19394796341657639,0.2358541488647461,False
mlp,9,16,4,0.9805249720811844,0.9751279354095459,0.18867936730384827,0.2184782475233078,False
mlp,9,17,4,0.9786808341741562,0.974341094493866,0.1988181471824646,0.22032351791858673,False
mlp,9,18,4,0.9677606225013733,0.9629297256469727,0.24901096522808075,0.27137264609336853,False
mlp,9,19,4,0.8557060956954956,0.8529565930366516,0.5431807041168213,0.5600978136062622,False
mlp,10,1,4,0.9829040914773941,0.9792987108230591,0.18767520412802696,0.20939838886260986,False
mlp,10,2,4,0.9797617346048355,0.9748270511627197,0.2015623189508915,0.22822557389736176,False
mlp,10,3,4,0.9693520069122314,0.9527488946914673,0.24177465587854385,0.30280888080596924,False
mlp,10,4,4,0.9455006867647171,0.9062017202377319,0.29714778810739517,0.42043036222457886,False
mlp,10,5,4,0.9441966265439987,0.9079151153564453,0.31197358295321465,0.4150451719760895,False
mlp,10,6,4,0.953826904296875,0.9425082802772522,0.2971915751695633,0.3295550048351288,False
mlp,10,7,4,0.9416736662387848,0.9310459494590759,0.3316175937652588,0.36622270941734314,False
mlp,10,8,4,0.8978925347328186,0.8246071338653564,0.41984958946704865,0.5636622905731201,False
mlp,10,9,4,0.9357945919036865,0.8794496059417725,0.329823262989521,0.4658787250518799,False
mlp,10,10,4,0.9575965255498886,0.942265510559082,0.2793545462191105,0.33630532026290894,False
mlp,10,11,4,0.9542599767446518,0.9115708470344543,0.27819520607590675,0.4084455966949463,False
mlp,10,12,4,0.9729437679052353,0.9551554322242737,0.2206832617521286,0.29360049962997437,False
mlp,10,13,4,0.976651668548584,0.9596866965293884,0.20394781604409218,0.274059921503067,False
mlp,10,14,4,0.9831011444330215,0.9768193364143372,0.17637181654572487,0.2101009637117386,False
mlp,10,15,4,0.9806142300367355,0.9736484289169312,0.19013255089521408,0.22456780076026917,False
mlp,10,16,4,0.9816588759422302,0.9785460233688354,0.18496615812182426,0.20317597687244415,False
mlp,10,17,4,0.9792959839105606,0.9768132567405701,0.197915218770504,0.2099706381559372,False
mlp,10,18,4,0.9673542678356171,0.9633921980857849,0.2517332173883915,0.2610419988632202,False
mlp,10,19,4,0.8397824615240097,0.8322021961212158,0.5712186843156815,0.5988266468048096,False
mlp,11,1,4,0.986771821975708,0.9813995361328125,0.1629204824566841,0.19895751774311066,False
mlp,11,2,4,0.9838245213031769,0.9773869514465332,0.17940285056829453,0.21765482425689697,False
mlp,11,3,4,0.9755214154720306,0.9608277082443237,0.21600278094410896,0.279723197221756,False
mlp,11,4,4,0.9547117054462433,0.9233525395393372,0.2730881869792938,0.3830623924732208,False
mlp,11,5,4,0.949559897184372,0.9152337908744812,0.2950725704431534,0.3921439051628113,False
mlp,11,6,4,0.9537927359342575,0.9353270530700684,0.297523632645607,0.35117748379707336,False
mlp,11,7,4,0.9385675191879272,0.9274443984031677,0.3413631543517113,0.37869375944137573,False
mlp,11,8,4,0.8900866359472275,0.8307522535324097,0.43805914372205734,0.5524976849555969,False
mlp,11,9,4,0.9245106428861618,0.8540282845497131,0.3556050509214401,0.5087298154830933,False
mlp,11,10,4,0.9555549472570419,0.935161828994751,0.28893208503723145,0.3510233461856842,False
mlp,11,11,4,0.9448719173669815,0.8780181407928467,0.3050159215927124,0.4814698398113251,False
mlp,11,12,4,0.9713353663682938,0.9522868394851685,0.2326221726834774,0.3143266439437866,False
mlp,11,13,4,0.9738560616970062,0.9526240229606628,0.21831880882382393,0.3059549629688263,False
mlp,11,14,4,0.9817894995212555,0.9759278893470764,0.1846163608133793,0.22089344263076782,False
mlp,11,15,4,0.9790614098310471,0.973578691482544,0.1995772309601307,0.2383892834186554,False
mlp,11,16,4,0.9802399724721909,0.9768295884132385,0.19171691685914993,0.20746684074401855,False
mlp,11,17,4,0.9777896404266357,0.9725688695907593,0.20261628180742264,0.2218182384967804,False
mlp,11,18,4,0.9657370746135712,0.9620242118835449,0.2536267042160034,0.2635919749736786,False
mlp,11,19,4,0.8311334252357483,0.8158650398254395,0.5773935317993164,0.6249164938926697,False
mlp,12,1,4,0.9873719364404678,0.9832623600959778,0.1603800356388092,0.18935497105121613,False
mlp,12,2,4,0.9834572970867157,0.9772237539291382,0.184128288179636,0.22238871455192566,False
mlp,12,3,4,0.9766909629106522,0.9626898765563965,0.2152067981660366,0.27937984466552734,False
mlp,12,4,4,0.9573275297880173,0.9247100949287415,0.26578734815120697,0.3638352155685425,False
mlp,12,5,4,0.9522242099046707,0.9219968318939209,0.2874784581363201,0.3706896901130676,False
mlp,12,6,4,0.9555703103542328,0.9350460767745972,0.29227200150489807,0.3503897786140442,False
mlp,12,7,4,0.9378690421581268,0.926579475402832,0.34695732593536377,0.3902081847190857,False
mlp,12,8,4,0.8934081196784973,0.8519346714019775,0.4381263479590416,0.5118826031684875,False
mlp,12,9,4,0.9172692000865936,0.834241509437561,0.36343882605433464,0.5190051794052124,False
mlp,12,10,4,0.954562321305275,0.9324905872344971,0.28893980383872986,0.35280218720436096,False
mlp,12,11,4,0.9449916332960129,0.8775560855865479,0.29965196549892426,0.4649893045425415,False
mlp,12,12,4,0.9707322269678116,0.9492015838623047,0.23163123801350594,0.31143438816070557,False
mlp,12,13,4,0.970789834856987,0.9403082728385925,0.22590551525354385,0.333150178194046,False
mlp,12,14,4,0.9807971864938736,0.9727942943572998,0.18945716321468353,0.230751633644104,False
mlp,12,15,4,0.9778239578008652,0.9696416854858398,0.2042517326772213,0.2463998645544052,False
mlp,12,16,4,0.9786282777786255,0.9768977761268616,0.20019710063934326,0.21489596366882324,False
mlp,12,17,4,0.9748831391334534,0.9713661074638367,0.21657202765345573,0.22587472200393677,False
mlp,12,18,4,0.9596194624900818,0.9567400813102722,0.2769669070839882,0.2891630232334137,False
mlp,12,19,4,0.8042229115962982,0.7891533970832825,0.6111335307359695,0.6439911723136902,False
mlp,13,1,4,0.9914122521877289,0.9840060472488403,0.12610080279409885,0.17685213685035706,False
mlp,13,2,4,0.988276481628418,0.9807107448577881,0.1501787919551134,0.20077583193778992,False
mlp,13,3,4,0.981498122215271,0.9697778224945068,0.18720977380871773,0.2537041902542114,False
mlp,13,4,4,0.9632374048233032,0.9321831464767456,0.24823331832885742,0.3588777482509613,False
mlp,13,5,4,0.9548411220312119,0.9261643290519714,0.2813650667667389,0.37332820892333984,False
mlp,13,6,4,0.9549571573734283,0.9338812828063965,0.2957792431116104,0.3588501811027527,False
mlp,13,7,4,0.9337256252765656,0.9142339825630188,0.3631245568394661,0.4346563518047333,False
mlp,13,8,4,0.8820082396268845,0.8416110873222351,0.4598841890692711,0.5340030789375305,False
mlp,13,9,4,0.9045890420675278,0.8002409934997559,0.3849334418773651,0.5666145086288452,False
mlp,13,10,4,0.9517305493354797,0.9301892518997192,0.2981540486216545,0.3490276038646698,False
mlp,13,11,4,0.9419526755809784,0.8790339231491089,0.30056727677583694,0.43673574924468994,False
mlp,13,12,4,0.9672441929578781,0.9402759075164795,0.24301278963685036,0.33221325278282166,False
mlp,13,13,4,0.9666347503662109,0.9265437126159668,0.24150347709655762,0.37949275970458984,False
mlp,13,14,4,0.9800414890050888,0.9710554480552673,0.19090312719345093,0.23163118958473206,False
mlp,13,15,4,0.97647425532341,0.9665117859840393,0.20741399750113487,0.24841946363449097,False
mlp,13,16,4,0.9773009419441223,0.9752315282821655,0.20478063449263573,0.21684211492538452,False
mlp,13,17,4,0.9735563844442368,0.9714947938919067,0.2206994667649269,0.22812876105308533,False
mlp,13,18,4,0.9582885056734085,0.954278826713562,0.27931836247444153,0.2931024134159088,False
mlp,13,19,4,0.829346239566803,0.7994941473007202,0.5686044991016388,0.618076503276825,False
mlp,14,1,4,0.9957126528024673,0.9923681020736694,0.09121859818696976,0.12122371047735214,False
mlp,14,2,4,0.9939508736133575,0.9893035292625427,0.10789342597126961,0.1462470144033432,False
mlp,14,3,4,0.9907272458076477,0.9841641187667847,0.1291019804775715,0.17924059927463531,False
mlp,14,4,4,0.9815391302108765,0.9673287868499756,0.17593351937830448,0.26035791635513306,False
mlp,14,5,4,0.9742113053798676,0.9549093246459961,0.21199034713208675,0.30181050300598145,False
mlp,14,6,4,0.972136378288269,0.947498083114624,0.2284875586628914,0.32641807198524475,False
mlp,14,7,4,0.9534532427787781,0.9385054111480713,0.30769897252321243,0.3674665689468384,False
mlp,14,8,4,0.9124435782432556,0.8820693492889404,0.42166921496391296,0.49773547053337097,False
mlp,14,9,4,0.907001182436943,0.7932624816894531,0.39314017072319984,0.614238977432251,False
mlp,14,10,4,0.9544919431209564,0.9363695383071899,0.2962957173585892,0.3401005268096924,False
mlp,14,11,4,0.9435069411993027,0.8777715563774109,0.2977963574230671,0.43446555733680725,False
mlp,14,12,4,0.9685114920139313,0.9397677779197693,0.23980701342225075,0.33887699246406555,False
mlp,14,13,4,0.9670298546552658,0.9226453900337219,0.23949535191059113,0.3938584625720978,False
mlp,14,14,4,0.9813250601291656,0.9724451303482056,0.18609080463647842,0.22811926901340485,False
mlp,14,15,4,0.978131502866745,0.9674891233444214,0.19781654328107834,0.237662211060524,False
mlp,14,16,4,0.9798573404550552,0.9775656461715698,0.19239726662635803,0.2033969759941101,False
mlp,14,17,4,0.9770077466964722,0.973754346370697,0.20421280339360237,0.21284358203411102,False
mlp,14,18,4,0.9672155678272247,0.9629408121109009,0.246516402810812,0.2591952085494995,False
mlp,14,19,4,0.8649953156709671,0.8439189195632935,0.513404980301857,0.5471128821372986,False
mlp,15,1,4,0.9955294877290726,0.993125319480896,0.09402569755911827,0.11634094268083572,False
mlp,15,2,4,0.9928251355886459,0.9884132742881775,0.11765474267303944,0.15170074999332428,False
mlp,15,3,4,0.9894095361232758,0.9821875095367432,0.14038518443703651,0.19029417634010315,False
mlp,15,4,4,0.9810318499803543,0.9650841355323792,0.18078489415347576,0.26416924595832825,False
mlp,15,5,4,0.9747637063264847,0.9580057263374329,0.21101217716932297,0.28570985794067383,False
mlp,15,6,4,0.9737318009138107,0.9555346369743347,0.2253606729209423,0.29972729086875916,False
mlp,15,7,4,0.9587616175413132,0.9490689635276794,0.29339826852083206,0.3428393304347992,False
mlp,15,8,4,0.9223749488592148,0.8997509479522705,0.3979092091321945,0.4653949737548828,False
mlp,15,9,4,0.9262398928403854,0.8438712358474731,0.354008961468935,0.5305153727531433,False
mlp,15,10,4,0.9599322527647018,0.9470969438552856,0.28336619958281517,0.32060638070106506,False
mlp,15,11,4,0.9527811855077744,0.9067221879959106,0.2850225754082203,0.4006851315498352,False
mlp,15,12,4,0.9716447591781616,0.9491427540779114,0.23458292335271835,0.32064443826675415,False
mlp,15,13,4,0.9683865308761597,0.9274582862854004,0.2402416206896305,0.3872126340866089,False
mlp,15,14,4,0.9822200387716293,0.975159227848053,0.18626098334789276,0.22109529376029968,False
mlp,15,15,4,0.979557529091835,0.9721381068229675,0.19719194993376732,0.22766351699829102,False
mlp,15,16,4,0.9800364673137665,0.9777495861053467,0.19594217464327812,0.20443351566791534,False
mlp,15,17,4,0.9778424948453903,0.9742630124092102,0.20528367161750793,0.21705621480941772,False
mlp,15,18,4,0.9690284878015518,0.9658713340759277,0.2454114966094494,0.260375052690506,False
mlp,15,19,4,0.8779381215572357,0.857662558555603,0.49059806764125824,0.5229639410972595,False
mlp,16,1,4,0.9946239292621613,0.9914992451667786,0.10267496667802334,0.12995681166648865,False
mlp,16,2,4,0.9912216812372208,0.9859151840209961,0.13101958483457565,0.168217733502388,False
mlp,16,3,4,0.9870864152908325,0.9781745076179504,0.15672563388943672,0.21113283932209015,False
mlp,16,4,4,0.979204073548317,0.9636502265930176,0.19176729395985603,0.2682045102119446,False
mlp,16,5,4,0.9706702083349228,0.9547370672225952,0.23198463022708893,0.2973244786262512,False
mlp,16,6,4,0.970436617732048,0.954639732837677,0.24285351857542992,0.30603399872779846,False
mlp,16,7,4,0.9478656500577927,0.9262629747390747,0.33049145340919495,0.4089544713497162,False
mlp,16,8,4,0.9040374159812927,0.8673926591873169,0.447200208902359,0.5336529612541199,False
mlp,16,9,4,0.9108036607503891,0.8120335936546326,0.39157262444496155,0.5831397771835327,False
mlp,16,10,4,0.9518663287162781,0.9356746673583984,0.3116396889090538,0.3467515707015991,False
mlp,16,11,4,0.9463524520397186,0.8969231843948364,0.30453192442655563,0.4097229540348053,False
mlp,16,12,4,0.9671000689268112,0.9410296678543091,0.2561817243695259,0.3535030782222748,False
mlp,16,13,4,0.9639278650283813,0.9189401865005493,0.2612343356013298,0.42103293538093567,False
mlp,16,14,4,0.9795821458101273,0.9728742837905884,0.2005734220147133,0.2293502539396286,False
mlp,16,15,4,0.9760508686304092,0.9707506895065308,0.21331630274653435,0.23186087608337402,False
mlp,16,16,4,0.9774861633777618,0.9721279144287109,0.20956561714410782,0.2179936170578003,False
mlp,16,17,4,0.9756949841976166,0.9698960781097412,0.21748749539256096,0.23433001339435577,False
mlp,16,18,4,0.9652025699615479,0.9629531502723694,0.2613617107272148,0.2663150131702423,False
mlp,16,19,4,0.8637234568595886,0.8429080247879028,0.5105685442686081,0.5390259027481079,False
mlp,17,1,4,0.9977456629276276,0.9967544078826904,0.07081698998808861,0.08269558101892471,True
mlp,17,2,4,0.9962627291679382,0.9940573573112488,0.08808628283441067,0.10910908877849579,False
mlp,17,3,4,0.9941442161798477,0.9899656772613525,0.10611696541309357,0.1412668228149414,False
mlp,17,4,4,0.9897758215665817,0.9818172454833984,0.13574376329779625,0.19465158879756927,False
mlp,17,5,4,0.9849319458007812,0.9758405685424805,0.16795028746128082,0.2222917526960373,False
mlp,17,6,4,0.9826351404190063,0.9694926142692566,0.18265217542648315,0.2535691261291504,False
mlp,17,7,4,0.969521552324295,0.9596445560455322,0.2468981295824051,0.29163768887519836,False
mlp,17,8,4,0.9391233921051025,0.9170569777488708,0.3561663404107094,0.44980356097221375,False
mlp,17,9,4,0.9429823309183121,0.8822283148765564,0.33044859021902084,0.5067489743232727,False
mlp,17,10,4,0.9654486924409866,0.9569427371025085,0.27207088470458984,0.3014194667339325,False
mlp,17,11,4,0.9646876156330109,0.9430516362190247,0.2657408006489277,0.34899744391441345,False
mlp,17,12,4,0.9751384556293488,0.9578402042388916,0.22832758724689484,0.2987935245037079,False
mlp,17,13,4,0.9739291071891785,0.9433512687683105,0.22700265049934387,0.34444209933280945,False
mlp,17,14,4,0.9857160300016403,0.9831710457801819,0.1765572614967823,0.20784224569797516,False
mlp,17,15,4,0.984624370932579,0.9822373986244202,0.1798219382762909,0.19270636141300201,False
mlp,17,16,4,0.9856113195419312,0.9830474853515625,0.1735466755926609,0.18541087210178375,False
mlp,17,17,4,0.9844532161951065,0.9813642501831055,0.17813604325056076,0.19307886064052582,False
mlp,17,18,4,0.9771793782711029,0.9759052991867065,0.21339339390397072,0.21808750927448273,False
mlp,17,19,4,0.9149637520313263,0.901475727558136,0.401473693549633,0.43698862195014954,False
mlp,18,1,4,0.9958360195159912,0.9942190051078796,0.09165423177182674,0.10840795189142227,False
mlp,18,2,4,0.9928603619337082,0.9894828796386719,0.11872167699038982,0.1452205777168274,False
mlp,18,3,4,0.9891503006219864,0.9831080436706543,0.14388945512473583,0.18332694470882416,False
mlp,18,4,4,0.9839190691709518,0.974328875541687,0.16991630382835865,0.22117109596729279,False
mlp,18,5,4,0.9778288751840591,0.9674548506736755,0.20246484875679016,0.2508474588394165,False
mlp,18,6,4,0.977053314447403,0.9647289514541626,0.21082330495119095,0.265843003988266,False
mlp,18,7,4,0.964600071310997,0.9512510299682617,0.2636528052389622,0.31445375084877014,False
mlp,18,8,4,0.936068058013916,0.9138209223747253,0.3535584732890129,0.4206354320049286,False
mlp,18,9,4,0.9402897506952286,0.8758023977279663,0.3177701383829117,0.4750339984893799,False
mlp,18,10,4,0.9631496518850327,0.9503545761108398,0.27003980800509453,0.3145756125450134,False
mlp,18,11,4,0.960601806640625,0.9225659370422363,0.26831604167819023,0.3835359811782837,False
mlp,18,12,4,0.9728324860334396,0.9508283138275146,0.23219064995646477,0.3262045085430145,False
mlp,18,13,4,0.9696461111307144,0.9319069385528564,0.2391069196164608,0.3848045766353607,False
mlp,18,14,4,0.982378751039505,0.9781564474105835,0.1913374774158001,0.22115376591682434,False
mlp,18,15,4,0.9815215021371841,0.9774460196495056,0.19272341579198837,0.21034321188926697,False
mlp,18,16,4,0.9818502813577652,0.9772165417671204,0.19031139835715294,0.20435021817684174,False
mlp,18,17,4,0.980155736207962,0.9763697385787964,0.1986943632364273,0.2123948484659195,False
mlp,18,18,4,0.9713566452264786,0.9676239490509033,0.2387629635632038,0.25393912196159363,False
mlp,18,19,4,0.8852154761552811,0.8695769309997559,0.4638144001364708,0.4917444884777069,False
mlp,19,1,4,0.9971513003110886,0.9960261583328247,0.07759214006364346,0.08954522013664246,True
mlp,19,2,4,0.9950477927923203,0.9926717877388,0.0998691227287054,0.11966754496097565,False
mlp,19,3,4,0.9929516017436981,0.9881110191345215,0.11482330225408077,0.15179461240768433,False
mlp,19,4,4,0.9887339919805527,0.9795604944229126,0.1413026936352253,0.20197170972824097,False
mlp,19,5,4,0.9835676550865173,0.974722683429718,0.17452934384346008,0.22446087002754211,False
mlp,19,6,4,0.9811510741710663,0.96741783618927,0.18923958390951157,0.2556290626525879,False
mlp,19,7,4,0.9695132374763489,0.958663284778595,0.243272352963686,0.2930017411708832,False
mlp,19,8,4,0.9388358891010284,0.9046356678009033,0.34833458065986633,0.45845168828964233,False
mlp,19,9,4,0.9434389173984528,0.8784539699554443,0.31927914544939995,0.500048816204071,False
mlp,19,10,4,0.9639103412628174,0.9545390605926514,0.27011729404330254,0.30392420291900635,False
mlp,19,11,4,0.9651894867420197,0.9412319660186768,0.26122239604592323,0.3448726236820221,False
mlp,19,12,4,0.9753946661949158,0.9579067826271057,0.22048727050423622,0.29088127613067627,False
mlp,19,13,4,0.9720964431762695,0.9409631490707397,0.22837435081601143,0.343393474817276,False
mlp,19,14,4,0.9831308275461197,0.9800099730491638,0.185319721698761,0.2164512574672699,False
mlp,19,15,4,0.9831899404525757,0.9785385727882385,0.1832640916109085,0.20329789817333221,False
mlp,19,16,4,0.9831441938877106,0.9782009124755859,0.1825963407754898,0.20509158074855804,False
mlp,19,17,4,0.9809884577989578,0.9764998555183411,0.193141121417284,0.21429534256458282,False
mlp,19,18,4,0.9708898514509201,0.9644200801849365,0.23882391303777695,0.2659260332584381,False
mlp,19,19,4,0.873879075050354,0.8668390512466431,0.48612266033887863,0.4986605644226074,False
mlp,20,1,4,0.9975055307149887,0.9968699812889099,0.0830190870910883,0.08812540769577026,True
mlp,20,2,4,0.9962791949510574,0.9949942827224731,0.09933639317750931,0.10798057913780212,False
mlp,20,3,4,0.9957379698753357,0.9923187494277954,0.09356433525681496,0.1208515539765358,False
mlp,20,4,4,0.993639200925827,0.9875339865684509,0.10707248374819756,0.15842020511627197,False
mlp,20,5,4,0.9915250539779663,0.9863491654396057,0.13176331669092178,0.17109742760658264,False
mlp,20,6,4,0.989901140332222,0.9811463356018066,0.13866612873971462,0.19746799767017365,False
mlp,20,7,4,0.9814177304506302,0.9724199771881104,0.1890791542828083,0.2466597557067871,False
mlp,20,8,4,0.955336183309555,0.9274449348449707,0.29577160254120827,0.4313596487045288,False
mlp,20,9,4,0.9602014869451523,0.9057397842407227,0.2806595116853714,0.48710381984710693,False
mlp,20,10,4,0.9725035130977631,0.9568982124328613,0.23814335837960243,0.30186721682548523,False
mlp,20,11,4,0.9746531248092651,0.9618954658508301,0.22821183130145073,0.3046685755252838,False
mlp,20,12,4,0.9797567874193192,0.968199610710144,0.20385236479341984,0.2448713332414627,False
mlp,20,13,4,0.9781942814588547,0.9577299356460571,0.20854220539331436,0.2810441255569458,False
mlp,20,14,4,0.9863529354333878,0.9826133251190186,0.1723077856004238,0.22670313715934753,False
mlp,20,15,4,0.9865110665559769,0.9818350672721863,0.16663102433085442,0.19099320471286774,False
mlp,20,16,4,0.9870059043169022,0.9827427864074707,0.16193565353751183,0.18568679690361023,False
mlp,20,17,4,0.9856104403734207,0.9816269278526306,0.16932808235287666,0.1898985356092453,False
mlp,20,18,4,0.9782495200634003,0.9745447635650635,0.2075589820742607,0.22271481156349182,False
mlp,20,19,4,0.9108687192201614,0.9035908579826355,0.41537222266197205,0.4364449977874756,False
mlp,21,1,4,0.9988153427839279,0.9985358715057373,0.058590082451701164,0.0624026358127594,True
mlp,21,2,4,0.9981442540884018,0.9975892901420593,0.06830072775483131,0.0740528330206871,True
mlp,21,3,4,0.9976190477609634,0.9958332777023315,0.0684206373989582,0.09120112657546997,True
mlp,21,4,4,0.995776042342186,0.9910962581634521,0.08707578293979168,0.13657483458518982,False
mlp,21,5,4,0.994547501206398,0.9908140301704407,0.10452481359243393,0.13643142580986023,False
mlp,21,6,4,0.9930277466773987,0.9876516461372375,0.11343963071703911,0.15739533305168152,False
mlp,21,7,4,0.9898534268140793,0.9839329123497009,0.13942455500364304,0.18302570283412933,False
mlp,21,8,4,0.9751990437507629,0.9552182555198669,0.21354719251394272,0.33849045634269714,False
mlp,21,9,4,0.9775867760181427,0.9447500705718994,0.19889747351408005,0.33942756056785583,False
mlp,21,10,4,0.9829994440078735,0.9723936319351196,0.17541456408798695,0.2198552042245865,False
mlp,21,11,4,0.9846984893083572,0.973562479019165,0.1666122693568468,0.23769760131835938,False
mlp,21,12,4,0.9872129559516907,0.9796844720840454,0.1476999744772911,0.17780344188213348,False
mlp,21,13,4,0.9863769263029099,0.9742304086685181,0.15176445432007313,0.19346266984939575,False
mlp,21,14,4,0.9911587834358215,0.986947774887085,0.1279245913028717,0.17076273262500763,False
mlp,21,15,4,0.9915333688259125,0.9892548322677612,0.1250708680599928,0.1457984894514084,False
mlp,21,16,4,0.9917165338993073,0.9901463985443115,0.12198963575065136,0.13592272996902466,False
mlp,21,17,4,0.9907002449035645,0.9888814091682434,0.13133948482573032,0.1436188966035843,False
mlp,21,18,4,0.9858733713626862,0.9838005304336548,0.1651110090315342,0.17706196010112762,False
mlp,21,19,4,0.9331625252962112,0.9271150827407837,0.3623722568154335,0.3820302486419678,False
mlp,22,1,4,0.9960992783308029,0.9954054951667786,0.08946451172232628,0.09821098297834396,True
mlp,22,2,4,0.9933426082134247,0.9923052787780762,0.11656193807721138,0.12716712057590485,False
mlp,22,3,4,0.9922101646661758,0.9895275235176086,0.1261157225817442,0.1493452936410904,False
mlp,22,4,4,0.9887763112783432,0.9827994704246521,0.14866901747882366,0.18956898152828217,False
mlp,22,5,4,0.9840458780527115,0.9801772832870483,0.17805365845561028,0.2000754177570343,False
mlp,22,6,4,0.9819377213716507,0.975105881690979,0.18983129411935806,0.22519667446613312,False
mlp,22,7,4,0.9800678491592407,0.9722694158554077,0.19966133683919907,0.2386501580476761,False
mlp,22,8,4,0.9624655395746231,0.9422121644020081,0.27355220541357994,0.3531576097011566,False
mlp,22,9,4,0.9642880111932755,0.9238256216049194,0.2540344297885895,0.38577529788017273,False
mlp,22,10,4,0.9714126735925674,0.9643062353134155,0.2413279227912426,0.2730516195297241,False
mlp,22,11,4,0.9686981290578842,0.9375437498092651,0.24444231763482094,0.35396185517311096,False
mlp,22,12,4,0.977531760931015,0.96272212266922,0.21437427774071693,0.28911489248275757,False
mlp,22,13,4,0.9727057814598083,0.942245364189148,0.22983503714203835,0.35558217763900757,False
mlp,22,14,4,0.9831028431653976,0.97957843542099,0.18638212233781815,0.209901824593544,False
mlp,22,15,4,0.9833638072013855,0.9805111885070801,0.18619534373283386,0.19883957505226135,False
mlp,22,16,4,0.9834528565406799,0.9803464412689209,0.18543405458331108,0.19729168713092804,False
mlp,22,17,4,0.9812923669815063,0.9780032634735107,0.1957608051598072,0.20958290994167328,False
mlp,22,18,4,0.9717148542404175,0.9663289785385132,0.23850655928254128,0.2573699355125427,False
mlp,22,19,4,0.8812991380691528,0.8749457597732544,0.4732370376586914,0.4845246374607086,False
mlp,23,1,4,0.9945697039365768,0.9936704635620117,0.10625146888196468,0.1157451719045639,False
mlp,23,2,4,0.9899509400129318,0.9884226322174072,0.1448351927101612,0.15716053545475006,False
mlp,23,3,4,0.9893641620874405,0.9854148626327515,0.14957322925329208,0.17812907695770264,False
mlp,23,4,4,0.9872027933597565,0.9782072305679321,0.15925104916095734,0.21501539647579193,False
mlp,23,5,4,0.9839054048061371,0.9779717922210693,0.18003250285983086,0.21251866221427917,False
mlp,23,6,4,0.9833565950393677,0.9726787209510803,0.18343843519687653,0.23650316894054413,False
mlp,23,7,4,0.9799859672784805,0.9680967926979065,0.1969568096101284,0.25316286087036133,False
mlp,23,8,4,0.9636262208223343,0.9388294219970703,0.2658132240176201,0.36989036202430725,False
mlp,23,9,4,0.9667558372020721,0.9264459013938904,0.24511117115616798,0.38562217354774475,False
mlp,23,10,4,0.9732693731784821,0.9647854566574097,0.23461975157260895,0.2788289189338684,False
mlp,23,11,4,0.9715541899204254,0.9455229043960571,0.23424362391233444,0.32820847630500793,False
mlp,23,12,4,0.980299636721611,0.969444751739502,0.20030244439840317,0.25641223788261414,False
mlp,23,13,4,0.9758574217557907,0.9533445835113525,0.21666695922613144,0.3159145712852478,False
mlp,23,14,4,0.9829301685094833,0.9792002439498901,0.18661269918084145,0.20683428645133972,False
mlp,23,15,4,0.9828010350465775,0.9791283011436462,0.18942807242274284,0.2047465443611145,False
mlp,23,16,4,0.9825772941112518,0.9785558581352234,0.1911296807229519,0.2042713761329651,False
mlp,23,17,4,0.9798232465982437,0.9758814573287964,0.20398668199777603,0.22039219737052917,False
mlp,23,18,4,0.9689434170722961,0.963476300239563,0.2480013109743595,0.26876580715179443,False
mlp,23,19,4,0.8632623106241226,0.8457632064819336,0.49644265323877335,0.527083694934845,False
mlp,24,1,4,0.9925775825977325,0.9919711351394653,0.12428581342101097,0.1290854960680008,False
mlp,24,2,4,0.9890929609537125,0.9875428676605225,0.14965808764100075,0.1583530753850937,False
mlp,24,3,4,0.9881104081869125,0.9804606437683105,0.1511664930731058,0.19678473472595215,False
mlp,24,4,4,0.9804674535989761,0.9611659049987793,0.1887514628469944,0.28631240129470825,False
mlp,24,5,4,0.9740129113197327,0.9637812376022339,0.22454066574573517,0.2753003239631653,False
mlp,24,6,4,0.9704976379871368,0.9521770477294922,0.2410922832787037,0.3137410581111908,False
mlp,24,7,4,0.9643702954053879,0.9512263536453247,0.2629363425076008,0.3104647696018219,False
mlp,24,8,4,0.9390241354703903,0.9131511449813843,0.34517156332731247,0.4321513772010803,False
mlp,24,9,4,0.9426213204860687,0.8638980388641357,0.315343726426363,0.5171818137168884,False
mlp,24,10,4,0.9620014429092407,0.9490470886230469,0.2820299491286278,0.34194397926330566,False
mlp,24,11,4,0.9632973074913025,0.9289875626564026,0.2633381672203541,0.364484041929245,False
mlp,24,12,4,0.9742653369903564,0.9577080011367798,0.2329593263566494,0.3207138180732727,False
mlp,24,13,4,0.9686509668827057,0.9341471791267395,0.2531896233558655,0.40774741768836975,False
mlp,24,14,4,0.9790603518486023,0.9730355739593506,0.20958498120307922,0.2441607117652893,False
mlp,24,15,4,0.9785497933626175,0.9730423092842102,0.21047170460224152,0.22942104935646057,False
mlp,24,16,4,0.9780665785074234,0.9724271297454834,0.21258361637592316,0.22925792634487152,False
mlp,24,17,4,0.9739803373813629,0.9662417769432068,0.22764892131090164,0.26329636573791504,False
mlp,24,18,4,0.9567325860261917,0.9446588754653931,0.28989727050065994,0.33238592743873596,False
mlp,24,19,4,0.648542046546936,0.6424214839935303,0.7407357394695282,0.751736044883728,False
mlp,25,1,4,0.9830355048179626,0.9828329086303711,0.1842421032488346,0.1855623722076416,False
mlp,25,2,4,0.9749947339296341,0.9741865992546082,0.22414997965097427,0.22739265859127045,False
mlp,25,3,4,0.9879200756549835,0.9781527519226074,0.15455612167716026,0.21033374965190887,False
mlp,25,4,4,0.9751508384943008,0.9439405798912048,0.20302357152104378,0.34650862216949463,False
mlp,25,5,4,0.9755115509033203,0.9620980024337769,0.21861519291996956,0.27719447016716003,False
mlp,25,6,4,0.9818087071180344,0.9661498665809631,0.1878243014216423,0.2650347352027893,False
mlp,25,7,4,0.9784825891256332,0.9644577503204346,0.20062534138560295,0.25996294617652893,False
mlp,25,8,4,0.9524278491735458,0.9207631349563599,0.29116932675242424,0.4061572849750519,False
mlp,25,9,4,0.9615306258201599,0.9106607437133789,0.2670193389058113,0.44455820322036743,False
mlp,25,10,4,0.9693639725446701,0.9558939933776855,0.2531302943825722,0.3170119822025299,False
mlp,25,11,4,0.9710710495710373,0.9512911438941956,0.2399761565029621,0.30830731987953186,False
mlp,25,12,4,0.9797659367322922,0.9715964794158936,0.20999637991189957,0.2514544725418091,False
mlp,25,13,4,0.9754495173692703,0.9548850059509277,0.22635507583618164,0.31391704082489014,False
mlp,25,14,4,0.9800604730844498,0.9710819721221924,0.20863696187734604,0.24911916255950928,False
mlp,25,15,4,0.98055599629879,0.9766386151313782,0.20536382123827934,0.21826431155204773,False
mlp,25,16,4,0.9804365932941437,0.9768123626708984,0.20682941749691963,0.21598413586616516,False
mlp,25,17,4,0.976404532790184,0.9716002941131592,0.22273167967796326,0.23903867602348328,False
mlp,25,18,4,0.9596057087182999,0.9532707929611206,0.28514499217271805,0.3043203353881836,False
mlp,25,19,4,-0.05159111972898245,-0.10424467921257019,1.0325457751750946,1.0418287515640259,False
mlp,26,1,4,0.9998347759246826,0.9998229146003723,0.029966570902615786,0.03089989349246025,True
mlp,26,2,4,0.9996476173400879,0.9996211528778076,0.03881364408880472,0.039794500917196274,True
mlp,26,3,4,0.9998607486486435,0.9997639656066895,0.02004895219579339,0.0248088575899601,True
mlp,26,4,4,0.9998406171798706,0.999618649482727,0.016432904405519366,0.028161050751805305,True
mlp,26,5,4,0.9997934103012085,0.9996667504310608,0.020669068675488234,0.02629704773426056,True
mlp,26,6,4,0.9997738003730774,0.9996180534362793,0.022651570616289973,0.0314144492149353,True
mlp,26,7,4,0.9997167438268661,0.9995887279510498,0.030993358697742224,0.0400257408618927,True
mlp,26,8,4,0.9990709722042084,0.9977176189422607,0.056426714174449444,0.08374045789241791,True
mlp,26,9,4,0.9989662766456604,0.9974795579910278,0.06264450587332249,0.10150696337223053,False
mlp,26,10,4,0.9989607483148575,0.998089611530304,0.058078487403690815,0.08085678517818451,True
mlp,26,11,4,0.9991350919008255,0.9987730383872986,0.06029253173619509,0.07574307173490524,True
mlp,26,12,4,0.9992052167654037,0.999049186706543,0.058803548105061054,0.06591836363077164,True
mlp,26,13,4,0.9988610446453094,0.998054027557373,0.06471637077629566,0.08408667147159576,True
mlp,26,14,4,0.9988511651754379,0.9983794689178467,0.062079764902591705,0.07949966937303543,True
mlp,26,15,4,0.99884133040905,0.9987111687660217,0.0684529198333621,0.07497258484363556,True
mlp,26,16,4,0.998883068561554,0.9985244274139404,0.0650247074663639,0.07029763609170914,True
mlp,26,17,4,0.9987703114748001,0.9984652996063232,0.0777536928653717,0.0835602656006813,True
mlp,26,18,4,0.997412696480751,0.9969037175178528,0.12527396902441978,0.13502785563468933,False
mlp,26,19,4,-0.18118689954280853,-0.3747655153274536,1.2698176503181458,1.3183950185775757,False
mlp,27,1,4,0.9999866932630539,0.9999852180480957,0.00792752648703754,0.008424324914813042,True
mlp,27,2,4,0.9999973624944687,0.9999971389770508,0.0085991898085922,0.009344995021820068,True
mlp,27,3,4,0.9999941736459732,0.9999921917915344,0.012448656605556607,0.013727661222219467,True
mlp,27,4,4,0.9999875277280807,0.9999828338623047,0.012404466746374965,0.015606142580509186,True
mlp,27,5,4,0.9999444931745529,0.999939501285553,0.011160551337525249,0.011482615023851395,True
mlp,27,6,4,0.9999339580535889,0.9999295473098755,0.013030219124630094,0.013857169076800346,True
mlp,27,7,4,0.9998640865087509,0.9998407363891602,0.01779333082959056,0.018673988059163094,True
mlp,27,8,4,0.9999652057886124,0.9999537467956543,0.01758805336430669,0.01987508125603199,True
mlp,27,9,4,0.9999429136514664,0.9998811483383179,0.018458406906574965,0.020197536796331406,True
mlp,27,10,4,0.9998387694358826,0.9997677803039551,0.025438645388931036,0.027462217956781387,True
mlp,27,11,4,0.9996170848608017,0.999599039554596,0.0325332279317081,0.035040274262428284,True
mlp,27,12,4,0.9996760934591293,0.9996427297592163,0.03585325926542282,0.03825179487466812,True
mlp,27,13,4,0.9995924234390259,0.9995421767234802,0.03939558379352093,0.04076917842030525,True
mlp,27,14,4,0.9995945692062378,0.9995077252388,0.04010032769292593,0.044518470764160156,True
mlp,27,15,4,0.9996257871389389,0.9994097352027893,0.04483775328844786,0.05246328189969063,True
mlp,27,16,4,0.9998245090246201,0.9996286630630493,0.04018727596849203,0.04794590175151825,True
mlp,27,17,4,0.9996288567781448,0.9994043111801147,0.04270752239972353,0.045796703547239304,True
mlp,27,18,4,0.9923854917287827,0.9878262281417847,0.1244818028062582,0.15817421674728394,False
mlp,27,19,4,0.23902936279773712,0.17250719666481018,0.9976915866136551,1.0116578340530396,False
output,0,1,4,0.9999760687351227,0.9999728798866272,0.007968813879415393,0.008191299624741077,True
output,0,2,4,0.9999571293592453,0.9999491572380066,0.010356100741773844,0.011112028732895851,True
output,0,3,4,0.999946802854538,0.9999312162399292,0.010671841679140925,0.012079762294888496,True
output,0,4,4,0.9999330192804337,0.9999054670333862,0.012002162635326385,0.014180725440382957,True
output,0,5,4,0.9999203681945801,0.9998918771743774,0.016459957463666797,0.017963308840990067,True
output,0,6,4,0.9998987764120102,0.9998472929000854,0.015528920106589794,0.01869961805641651,True
output,0,7,4,0.9998913556337357,0.999811589717865,0.01967329205945134,0.02367180772125721,True
output,0,8,4,0.9998591393232346,0.9997619390487671,0.020428931806236506,0.025327052921056747,True
output,0,9,4,0.9998283535242081,0.9997221827507019,0.02230570651590824,0.027166150510311127,True
output,0,10,4,0.9997717142105103,0.9996290802955627,0.023412046022713184,0.029354190453886986,True
output,0,11,4,0.9997155070304871,0.9995533227920532,0.02518210792914033,0.031282875686883926,True
output,0,12,4,0.9996691346168518,0.9994833469390869,0.02644868241623044,0.03300272673368454,True
output,0,13,4,0.9996189773082733,0.9994319677352905,0.02834924915805459,0.03449086844921112,True
output,0,14,4,0.9995871037244797,0.9994269013404846,0.029503260273486376,0.03451098874211311,True
output,0,15,4,0.9995647519826889,0.9994188547134399,0.03140502329915762,0.03551243990659714,True
output,0,16,4,0.9995590150356293,0.9994405508041382,0.03159409994259477,0.03530969098210335,True
output,0,17,4,0.9995584636926651,0.9994579553604126,0.03263614187017083,0.035977184772491455,True
output,0,18,4,0.9995294064283371,0.9994279146194458,0.03403733251616359,0.0380459725856781,True
output,0,19,4,0.9992309361696243,0.9988815784454346,0.041490538977086544,0.05050298944115639,True
output,1,1,4,0.9999687075614929,0.9999663829803467,0.008012457750737667,0.008339782245457172,True
output,1,2,4,0.9999500513076782,0.9999406337738037,0.010111111216247082,0.011027551256120205,True
output,1,3,4,0.999948039650917,0.9999331831932068,0.010189725318923593,0.011584669351577759,True
output,1,4,4,0.9999404549598694,0.9999169707298279,0.010851506609469652,0.01290242187678814,True
output,1,5,4,0.9999212175607681,0.9998968243598938,0.01629905099980533,0.017837978899478912,True
output,1,6,4,0.9999039620161057,0.9998630285263062,0.015646288404241204,0.0181899331510067,True
output,1,7,4,0.9998404532670975,0.9997681379318237,0.021855803672224283,0.024961024522781372,True
output,1,8,4,0.9996915459632874,0.9996017813682556,0.02852655667811632,0.031394559890031815,True
output,1,9,4,0.9996872097253799,0.9996016025543213,0.02927721757441759,0.03180015832185745,True
output,1,10,4,0.9995524734258652,0.9994591474533081,0.03242654073983431,0.034919094294309616,True
output,1,11,4,0.9994951784610748,0.9993674159049988,0.03383828094229102,0.03749299421906471,True
output,1,12,4,0.9993975907564163,0.9992902874946594,0.036498214583843946,0.039938561618328094,True
output,1,13,4,0.9993290603160858,0.9992103576660156,0.038343376480042934,0.04184567555785179,True
output,1,14,4,0.9991937130689621,0.9990725517272949,0.04177291039377451,0.04493211209774017,True
output,1,15,4,0.999125212430954,0.9989635348320007,0.04504294414073229,0.04890482872724533,True
output,1,16,4,0.9988653659820557,0.9986433386802673,0.05084700044244528,0.055698201060295105,True
output,1,17,4,0.9984545856714249,0.9981919527053833,0.05916351266205311,0.06448135524988174,True
output,1,18,4,0.9973962754011154,0.9969863295555115,0.07590244710445404,0.08326732367277145,True
output,1,19,4,0.9881544262170792,0.987119197845459,0.1614520102739334,0.17156466841697693,False
output,2,1,4,0.9999501407146454,0.9999375939369202,0.009987848345190287,0.011195322498679161,True
output,2,2,4,0.9999193251132965,0.9998859763145447,0.012648144038394094,0.015136661008000374,True
output,2,3,4,0.9999000132083893,0.9998424053192139,0.014044603565707803,0.017836816608905792,True
output,2,4,4,0.9998590499162674,0.9997687339782715,0.01632675901055336,0.021538518369197845,True
output,2,5,4,0.9998285323381424,0.9997662305831909,0.022938158828765154,0.02551903761923313,True
output,2,6,4,0.999816820025444,0.9997326135635376,0.022632450331002474,0.02609686180949211,True
output,2,7,4,0.999657154083252,0.9995152354240417,0.03251455398276448,0.03639998659491539,True
output,2,8,4,0.999359130859375,0.999205470085144,0.04244196880608797,0.04552186653017998,True
output,2,9,4,0.9993268400430679,0.9991794228553772,0.042141251266002655,0.04508202522993088,True
output,2,10,4,0.9991786330938339,0.9990063905715942,0.044180707074701786,0.04753953590989113,True
output,2,11,4,0.9991325885057449,0.9989498257637024,0.043708265759050846,0.04783764109015465,True
output,2,12,4,0.9990420788526535,0.998873770236969,0.04523397237062454,0.048656657338142395,True
output,2,13,4,0.9989666491746902,0.9987925291061401,0.04595684353262186,0.049630217254161835,True
output,2,14,4,0.9988068640232086,0.9986090064048767,0.048938713036477566,0.05320009961724281,True
output,2,15,4,0.9986719489097595,0.9984097480773926,0.05145981255918741,0.05680178850889206,True
output,2,16,4,0.9983022212982178,0.9979438781738281,0.05846899375319481,0.06476341187953949,True
output,2,17,4,0.9977284669876099,0.9972599744796753,0.06966561824083328,0.07626458257436752,True
output,2,18,4,0.9966021031141281,0.9958504438400269,0.09323579631745815,0.10040732473134995,False
output,2,19,4,0.9806557595729828,0.9772636294364929,0.24475663900375366,0.2583344280719757,False
output,3,1,4,0.9999133944511414,0.9998682737350464,0.013455787673592567,0.01661389321088791,True
output,3,2,4,0.9998759329319,0.9997908473014832,0.01599701726809144,0.020921653136610985,True
output,3,3,4,0.9998319000005722,0.9996886253356934,0.01834734668955207,0.02547643892467022,True
output,3,4,4,0.9997482448816299,0.9995136857032776,0.021542067173868418,0.03152144327759743,True
output,3,5,4,0.9996701031923294,0.9994828701019287,0.02757705422118306,0.033775944262742996,True
output,3,6,4,0.9996146708726883,0.9993267059326172,0.02825518697500229,0.03755991905927658,True
output,3,7,4,0.9993684589862823,0.9990395307540894,0.03758532181382179,0.04537031054496765,True
output,3,8,4,0.9990117847919464,0.9987660646438599,0.04729145299643278,0.052036579698324203,True
output,3,9,4,0.9989224076271057,0.9987574815750122,0.04685760382562876,0.05071014165878296,True
output,3,10,4,0.9988201260566711,0.9986754655838013,0.04853235278278589,0.0514853335916996,True
output,3,11,4,0.9988051950931549,0.998603105545044,0.04924329463392496,0.05342119559645653,True
output,3,12,4,0.9987791329622269,0.9986408948898315,0.05092024616897106,0.05372951179742813,True
output,3,13,4,0.9987774938344955,0.9986575841903687,0.0545988529920578,0.05707661062479019,True
output,3,14,4,0.9987442940473557,0.9985738396644592,0.0586093794554472,0.061768509447574615,True
output,3,15,4,0.9986708462238312,0.9984996914863586,0.07402866519987583,0.07631142437458038,True
output,3,16,4,0.9985788911581039,0.9983819723129272,0.08817421272397041,0.090448759496212,True
output,3,17,4,0.9984575659036636,0.9982590675354004,0.11447755247354507,0.11590780317783356,False
output,3,18,4,0.9981848895549774,0.9979314804077148,0.16499201208353043,0.16600029170513153,False
output,3,19,4,0.9955323338508606,0.9949299097061157,0.29675090312957764,0.29774972796440125,False
output,4,1,4,0.9996967762708664,0.999653697013855,0.03267375659197569,0.03391369804739952,True
output,4,2,4,0.9996376782655716,0.9995403289794922,0.033143419306725264,0.035702306777238846,True
output,4,3,4,0.9995892345905304,0.9994027614593506,0.032279384322464466,0.03738129511475563,True
output,4,4,4,0.999547690153122,0.9992063045501709,0.031330089550465345,0.04096174240112305,True
output,4,5,4,0.9995688498020172,0.9992551803588867,0.03407586272805929,0.04060711711645126,True
output,4,6,4,0.99946628510952,0.999048113822937,0.03371575428172946,0.04433996602892876,True
output,4,7,4,0.9992209225893021,0.9988154172897339,0.04043118376284838,0.04918312653899193,True
output,4,8,4,0.9988537579774857,0.9985905289649963,0.049256209284067154,0.05404026061296463,True
output,4,9,4,0.998812809586525,0.9985429048538208,0.04893312696367502,0.054559383541345596,True
output,4,10,4,0.9987549632787704,0.9985649585723877,0.05008377227932215,0.05399344861507416,True
output,4,11,4,0.998789519071579,0.9986560344696045,0.05070238281041384,0.05368761718273163,True
output,4,12,4,0.9987951070070267,0.9985959529876709,0.0520850345492363,0.056844815611839294,True
output,4,13,4,0.9988179206848145,0.9986491203308105,0.05602673254907131,0.06078752130270004,True
output,4,14,4,0.9988091140985489,0.9986701011657715,0.05976850725710392,0.06390292942523956,True
output,4,15,4,0.9987394958734512,0.9986056685447693,0.07554567232728004,0.07945553958415985,True
output,4,16,4,0.9986530691385269,0.9984815120697021,0.09114261902868748,0.09340269863605499,True
output,4,17,4,0.9985231459140778,0.9983456134796143,0.11982361227273941,0.12167581170797348,False
output,4,18,4,0.9981929212808609,0.997950553894043,0.17566415295004845,0.17771905660629272,False
output,4,19,4,0.9959781020879745,0.9955247640609741,0.31569620221853256,0.3168940842151642,False
output,5,1,4,0.9987376034259796,0.9986913800239563,0.09895599447190762,0.10450964421033859,False
output,5,2,4,0.9988371878862381,0.9987636804580688,0.08254039473831654,0.08781836926937103,True
output,5,3,4,0.9987843036651611,0.9985887408256531,0.07539826072752476,0.08009164035320282,True
output,5,4,4,0.9991274476051331,0.9986429214477539,0.05275056418031454,0.05878419801592827,True
output,5,5,4,0.999444842338562,0.9990323781967163,0.04212132655084133,0.04716195911169052,True
output,5,6,4,0.9993286430835724,0.9987926483154297,0.03775334823876619,0.04983186349272728,True
output,5,7,4,0.9990497976541519,0.9985475540161133,0.043754009529948235,0.0544230081140995,True
output,5,8,4,0.9985981285572052,0.9983291625976562,0.05317532457411289,0.058189090341329575,True
output,5,9,4,0.9985375106334686,0.9981975555419922,0.054690442979335785,0.06095803529024124,True
output,5,10,4,0.9985769689083099,0.9984020590782166,0.054758927784860134,0.05782119184732437,True
output,5,11,4,0.9986385852098465,0.9984968900680542,0.05713350232690573,0.06017069146037102,True
output,5,12,4,0.9986846745014191,0.9984634518623352,0.0591278001666069,0.06467459350824356,True
output,5,13,4,0.9987698346376419,0.9985815286636353,0.06375616323202848,0.06934640556573868,True
output,5,14,4,0.9988285452127457,0.9986874461174011,0.06697812117636204,0.07197119295597076,True
output,5,15,4,0.9987448751926422,0.9986572265625,0.08749734237790108,0.09163811802864075,True
output,5,16,4,0.9987378865480423,0.9986217021942139,0.1022111251950264,0.10478390753269196,False
output,5,17,4,0.9986525475978851,0.9985225200653076,0.1310671828687191,0.13331833481788635,False
output,5,18,4,0.9982924461364746,0.9980116486549377,0.19027677550911903,0.19125394523143768,False
output,5,19,4,0.9963015764951706,0.9954859018325806,0.34587565809488297,0.3464539647102356,False
output,6,1,4,0.9982961863279343,0.9982516169548035,0.1084787342697382,0.11407052725553513,False
output,6,2,4,0.9984024316072464,0.9983402490615845,0.0897524394094944,0.09558813273906708,True
output,6,3,4,0.998491644859314,0.9984239935874939,0.07619722932577133,0.08367488533258438,True
output,6,4,4,0.99901182949543,0.9985520839691162,0.050827039405703545,0.056625496596097946,True
output,6,5,4,0.9990930110216141,0.9986587166786194,0.04780168645083904,0.05399519205093384,True
output,6,6,4,0.9990169703960419,0.9985132217407227,0.04608391970396042,0.05758340284228325,True
output,6,7,4,0.9986230432987213,0.9982777237892151,0.054408373311161995,0.061397481709718704,True
output,6,8,4,0.9981228709220886,0.9977689981460571,0.06379385758191347,0.07069255411624908,True
output,6,9,4,0.9983722567558289,0.9975677132606506,0.05971169099211693,0.07681453973054886,True
output,6,10,4,0.998581275343895,0.9983813762664795,0.05605942942202091,0.05957384034991264,True
output,6,11,4,0.9986692368984222,0.998534619808197,0.05678952392190695,0.06137130782008171,True
output,6,12,4,0.9986864328384399,0.9984732866287231,0.05779568385332823,0.06296028941869736,True
output,6,13,4,0.9987187385559082,0.998496413230896,0.0629910146817565,0.06989455223083496,True
output,6,14,4,0.9987346678972244,0.998571515083313,0.06725715659558773,0.07352865487337112,True
output,6,15,4,0.9986711293458939,0.9985505938529968,0.08168257772922516,0.08811583369970322,True
output,6,16,4,0.9985754191875458,0.9984554648399353,0.09939887002110481,0.10385647416114807,False
output,6,17,4,0.9983918815851212,0.9982650876045227,0.13059090450406075,0.13274385035037994,False
output,6,18,4,0.9978263080120087,0.9975389242172241,0.1912733018398285,0.19528080523014069,False
output,6,19,4,0.9945972263813019,0.9931250214576721,0.36480696499347687,0.3762461245059967,False
output,7,1,4,0.9986397475004196,0.9986150860786438,0.09797943942248821,0.10254677385091782,False
output,7,2,4,0.9987360686063766,0.9986426830291748,0.07971367239952087,0.08310219645500183,True
output,7,3,4,0.9987340569496155,0.9984583854675293,0.06947457417845726,0.07146082818508148,True
output,7,4,4,0.999011904001236,0.9984254837036133,0.050631655380129814,0.05995117872953415,True
output,7,5,4,0.999085322022438,0.9986032247543335,0.047532093711197376,0.05455566570162773,True
output,7,6,4,0.9990629702806473,0.998535692691803,0.04503976181149483,0.05591971054673195,True
output,7,7,4,0.9987996518611908,0.9983874559402466,0.05002924986183643,0.05836805701255798,True
output,7,8,4,0.9981740713119507,0.9978975057601929,0.06215778551995754,0.06769178807735443,True
output,7,9,4,0.9983004033565521,0.9974867105484009,0.06068658921867609,0.07745204865932465,True
output,7,10,4,0.998525008559227,0.998384952545166,0.05707166437059641,0.06013013795018196,True
output,7,11,4,0.9985716342926025,0.998295783996582,0.05968788079917431,0.06665938347578049,True
output,7,12,4,0.9986506402492523,0.9984567165374756,0.06061985157430172,0.06627698987722397,True
output,7,13,4,0.9987130463123322,0.9984991550445557,0.06635871063917875,0.07389365136623383,True
output,7,14,4,0.9987630695104599,0.9986017942428589,0.0710619892925024,0.07753308117389679,True
output,7,15,4,0.9987374395132065,0.9986450672149658,0.08455394767224789,0.08966924250125885,True
output,7,16,4,0.9986730068922043,0.9986095428466797,0.1026647612452507,0.10385894775390625,False
output,7,17,4,0.9985344558954239,0.9984211921691895,0.13271469622850418,0.13548734784126282,False
output,7,18,4,0.9980937838554382,0.9978524446487427,0.18843335285782814,0.19265766441822052,False
output,7,19,4,0.9950190186500549,0.9939979314804077,0.3630247041583061,0.3710375428199768,False
output,8,1,4,0.9990326464176178,0.9989771246910095,0.08293605782091618,0.08735121786594391,True
output,8,2,4,0.9990966767072678,0.9989160299301147,0.0660373903810978,0.06863532215356827,True
output,8,3,4,0.9990093410015106,0.9985535144805908,0.05964228790253401,0.06827640533447266,True
output,8,4,4,0.9990606755018234,0.9983597993850708,0.04806988872587681,0.06100201979279518,True
output,8,5,4,0.9990568459033966,0.9985244274139404,0.048100429587066174,0.05575891211628914,True
output,8,6,4,0.9990592896938324,0.9985486268997192,0.04601145721971989,0.055081311613321304,True
output,8,7,4,0.998868778347969,0.998516321182251,0.04905339051038027,0.05619509145617485,True
output,8,8,4,0.9981669336557388,0.997747540473938,0.06187273748219013,0.0699675977230072,True
output,8,9,4,0.9983726888895035,0.997679591178894,0.05933054909110069,0.0736217051744461,True
output,8,10,4,0.9985663890838623,0.9984105825424194,0.0564587889239192,0.0601828396320343,True
output,8,11,4,0.9985963404178619,0.9984220862388611,0.06026452220976353,0.06357081979513168,True
output,8,12,4,0.9987096190452576,0.9985606670379639,0.06055939756333828,0.06539935618638992,True
output,8,13,4,0.9988125860691071,0.9987006187438965,0.06449190340936184,0.06771768629550934,True
output,8,14,4,0.9988905787467957,0.9988061189651489,0.0674807708710432,0.06984557956457138,True
output,8,15,4,0.9988429993391037,0.998791515827179,0.08181733079254627,0.08359639346599579,True
output,8,16,4,0.9988073110580444,0.9987099170684814,0.09690168127417564,0.09987206757068634,True
output,8,17,4,0.9986808449029922,0.998528778553009,0.12427809089422226,0.12786240875720978,False
output,8,18,4,0.9982380717992783,0.9979345202445984,0.1783161796629429,0.1842050999403,False
output,8,19,4,0.9949951767921448,0.9938616156578064,0.3471943140029907,0.36340412497520447,False
output,9,1,4,0.9988198727369308,0.9987587928771973,0.08313139900565147,0.08928526937961578,True
output,9,2,4,0.998992532491684,0.9987858533859253,0.06175463646650314,0.06450205296278,True
output,9,3,4,0.9989798814058304,0.998471200466156,0.051632778719067574,0.060190349817276,True
output,9,4,4,0.998819425702095,0.9979219436645508,0.049251641146838665,0.0670970231294632,True
output,9,5,4,0.9985537827014923,0.997776985168457,0.056371262297034264,0.07200029492378235,True
output,9,6,4,0.9987388402223587,0.9982299208641052,0.051664904691278934,0.06142570823431015,True
output,9,7,4,0.9983822852373123,0.997898519039154,0.0588153675198555,0.06830483675003052,True
output,9,8,4,0.9973939657211304,0.9966315031051636,0.07549781445413828,0.08906485140323639,True
output,9,9,4,0.9978638291358948,0.9966319799423218,0.07077199313789606,0.09622020274400711,True
output,9,10,4,0.9981731325387955,0.9979286789894104,0.06840119138360023,0.07744473218917847,True
output,9,11,4,0.9981646835803986,0.9979166984558105,0.07541082985699177,0.08292649686336517,True
output,9,12,4,0.9985061138868332,0.9983415603637695,0.07088236510753632,0.07516956329345703,True
output,9,13,4,0.9987252354621887,0.9985835552215576,0.07061257772147655,0.0739433690905571,True
output,9,14,4,0.9988564997911453,0.9987887144088745,0.07344438694417477,0.0788557156920433,True
output,9,15,4,0.9988290667533875,0.9987266063690186,0.08616454526782036,0.09638640284538269,True
output,9,16,4,0.9988443702459335,0.9987273216247559,0.09903696924448013,0.10753483325242996,False
output,9,17,4,0.9987651854753494,0.9985696077346802,0.12240193784236908,0.1284673810005188,False
output,9,18,4,0.9983808100223541,0.9980494976043701,0.1694856472313404,0.18081127107143402,False
output,9,19,4,0.9951439499855042,0.9940088391304016,0.3177947923541069,0.35308218002319336,False
output,10,1,4,0.9994911849498749,0.9994349479675293,0.04614660609513521,0.05389934405684471,True
output,10,2,4,0.9994945973157883,0.999316930770874,0.03493698872625828,0.0394119955599308,True
output,10,3,4,0.9993169009685516,0.9988284111022949,0.03802875895053148,0.050389375537633896,True
output,10,4,4,0.9989393055438995,0.998074471950531,0.04557886999100447,0.06402368098497391,True
output,10,5,4,0.9987176656723022,0.9980283975601196,0.05236942134797573,0.06792925298213959,True
output,10,6,4,0.9988672286272049,0.9983949065208435,0.050471995025873184,0.062155041843652725,True
output,10,7,4,0.998584434390068,0.9981682300567627,0.05638433899730444,0.06550788134336472,True
output,10,8,4,0.9976035356521606,0.9968053698539734,0.0739342337474227,0.0887170135974884,True
output,10,9,4,0.9981838315725327,0.9970118403434753,0.06616745796054602,0.09384219348430634,True
output,10,10,4,0.9985468834638596,0.9983571767807007,0.06259740795940161,0.07307273894548416,True
output,10,11,4,0.9985675513744354,0.9982671737670898,0.06666319351643324,0.07262495905160904,True
output,10,12,4,0.998885914683342,0.9987211227416992,0.06187603622674942,0.06643959134817123,True
output,10,13,4,0.999022364616394,0.9988657832145691,0.06244840193539858,0.0667693167924881,True
output,10,14,4,0.9991403967142105,0.9990607500076294,0.0645271223038435,0.07109274715185165,True
output,10,15,4,0.9990987032651901,0.99900221824646,0.07656230218708515,0.08730734884738922,True
output,10,16,4,0.9991037547588348,0.9990090131759644,0.08866090886294842,0.0969298705458641,True
output,10,17,4,0.9990286231040955,0.9988903999328613,0.1096958089619875,0.11601673811674118,False
output,10,18,4,0.998703345656395,0.998478889465332,0.15124496072530746,0.16185402870178223,False
output,10,19,4,0.9955517053604126,0.9947205185890198,0.27902035415172577,0.3079602122306824,False
output,11,1,4,0.9996418654918671,0.9995807409286499,0.038118381053209305,0.04351773485541344,True
output,11,2,4,0.9996098875999451,0.9994661808013916,0.031133112497627735,0.03574661165475845,True
output,11,3,4,0.999430388212204,0.9990281462669373,0.036311954259872437,0.04989666864275932,True
output,11,4,4,0.9990479499101639,0.9982632398605347,0.04353595757856965,0.0626281201839447,True
output,11,5,4,0.9989346265792847,0.9983030557632446,0.04770522844046354,0.061949197202920914,True
output,11,6,4,0.9989887177944183,0.9985368251800537,0.04913569148629904,0.06051762029528618,True
output,11,7,4,0.9986474514007568,0.9981820583343506,0.05628371052443981,0.0665358304977417,True
output,11,8,4,0.9976195991039276,0.9966518878936768,0.07420474197715521,0.09204775094985962,True
output,11,9,4,0.9982826262712479,0.9970253109931946,0.06364456005394459,0.08886603266000748,True
output,11,10,4,0.9987677931785583,0.9986820220947266,0.05641062930226326,0.06133710592985153,True
output,11,11,4,0.9986640065908432,0.9979585409164429,0.061230242252349854,0.07677189260721207,True
output,11,12,4,0.9990517050027847,0.9988319873809814,0.05584012717008591,0.061639830470085144,True
output,11,13,4,0.9991205036640167,0.9988086223602295,0.05949454661458731,0.06671445816755295,True
output,11,14,4,0.9992765337228775,0.9991883039474487,0.06041909474879503,0.0661582201719284,True
output,11,15,4,0.9992351084947586,0.9991455674171448,0.07089859060943127,0.07756931334733963,True
output,11,16,4,0.9992420524358749,0.9992210268974304,0.08351225964725018,0.08908876776695251,True
output,11,17,4,0.9991731941699982,0.9991276264190674,0.10599814355373383,0.10991654545068741,False
output,11,18,4,0.9988891929388046,0.9987890124320984,0.1473448984324932,0.15292786061763763,False
output,11,19,4,0.9960245192050934,0.9953287243843079,0.26657573878765106,0.2809394598007202,False
output,12,1,4,0.9998238682746887,0.999767541885376,0.027471985667943954,0.02913643606007099,True
output,12,2,4,0.9997930377721786,0.9997008442878723,0.02344872849062085,0.028347531333565712,True
output,12,3,4,0.9996855705976486,0.9994664192199707,0.02930790977552533,0.04137462377548218,True
output,12,4,4,0.9994376599788666,0.9989522099494934,0.03567280387505889,0.054034776985645294,True
output,12,5,4,0.9993737041950226,0.9989452362060547,0.03745208540931344,0.05242326110601425,True
output,12,6,4,0.9993780553340912,0.9990147352218628,0.03730661794543266,0.04712538421154022,True
output,12,7,4,0.9991253018379211,0.9988153576850891,0.04447623807936907,0.051718901842832565,True
output,12,8,4,0.9983456134796143,0.9977184534072876,0.061015608720481396,0.07211651653051376,True
output,12,9,4,0.9987561851739883,0.9976563453674316,0.05264266487210989,0.07627132534980774,True
output,12,10,4,0.9992054551839828,0.99918133020401,0.0457495404407382,0.05040368810296059,True
output,12,11,4,0.9991207271814346,0.9986125230789185,0.04943239688873291,0.05659161135554314,True
output,12,12,4,0.9994105100631714,0.9992632865905762,0.045200081542134285,0.04892292246222496,True
output,12,13,4,0.9994100034236908,0.9990689754486084,0.05028084944933653,0.05678104609251022,True
output,12,14,4,0.9995572119951248,0.9995063543319702,0.05026571545749903,0.05424649268388748,True
output,12,15,4,0.9995156675577164,0.9994515180587769,0.06214100308716297,0.06786801666021347,True
output,12,16,4,0.9995231330394745,0.9994938969612122,0.07302764430642128,0.07855254411697388,True
output,12,17,4,0.9994697719812393,0.9994264841079712,0.0927520152181387,0.09554377943277359,True
output,12,18,4,0.9992644339799881,0.9991767406463623,0.13080016151070595,0.1351788341999054,False
output,12,19,4,0.9969544559717178,0.9962986707687378,0.2223920375108719,0.2390565127134323,False
output,13,1,4,0.9997421652078629,0.9996811151504517,0.03265588404610753,0.034155331552028656,True
output,13,2,4,0.9997068643569946,0.9995906352996826,0.0287640318274498,0.03403875231742859,True
output,13,3,4,0.9995623528957367,0.9992801547050476,0.03430220112204552,0.04708932712674141,True
output,13,4,4,0.9992062449455261,0.9984768033027649,0.04003708250820637,0.0596453957259655,True
output,13,5,4,0.9990818947553635,0.9984946250915527,0.04311395529657602,0.05768566206097603,True
output,13,6,4,0.9991078972816467,0.9985535144805908,0.04452938959002495,0.057829245924949646,True
output,13,7,4,0.9985997080802917,0.9982260465621948,0.05787441600114107,0.06649503111839294,True
output,13,8,4,0.9973333925008774,0.996585488319397,0.0794693985953927,0.09316720813512802,True
output,13,9,4,0.9979368895292282,0.9958573579788208,0.07044458761811256,0.1083323210477829,False
output,13,10,4,0.9988809078931808,0.9987100958824158,0.055735268630087376,0.06376401335000992,True
output,13,11,4,0.998748317360878,0.997834324836731,0.057182406075298786,0.07018350809812546,True
output,13,12,4,0.9992178380489349,0.998879075050354,0.04861399997025728,0.05420185253024101,True
output,13,13,4,0.9991689026355743,0.9984167814254761,0.053018162958323956,0.06693096458911896,True
output,13,14,4,0.9994422644376755,0.9993376731872559,0.0503204632550478,0.05361504852771759,True
output,13,15,4,0.9993776232004166,0.9992455244064331,0.05943043064326048,0.06300904601812363,True
output,13,16,4,0.9993857890367508,0.9993517398834229,0.06857811287045479,0.07141833007335663,True
output,13,17,4,0.9992978572845459,0.9992576837539673,0.08789704367518425,0.09304388612508774,True
output,13,18,4,0.9990076869726181,0.99892258644104,0.12363971769809723,0.1315404325723648,False
output,13,19,4,0.995724231004715,0.9946600198745728,0.2130206935107708,0.23768237233161926,False
output,14,1,4,0.999684140086174,0.9996020197868347,0.03550880774855614,0.03845973312854767,True
output,14,2,4,0.999648854136467,0.9994988441467285,0.032153130043298006,0.03875409811735153,True
output,14,3,4,0.9995079934597015,0.9991883039474487,0.03554377844557166,0.048925429582595825,True
output,14,4,4,0.9991389364004135,0.9983736872673035,0.04173259111121297,0.06247742846608162,True
output,14,5,4,0.9989940375089645,0.9983707070350647,0.044683150481432676,0.05898835510015488,True
output,14,6,4,0.9989878386259079,0.9983080625534058,0.047601789236068726,0.06262059509754181,True
output,14,7,4,0.9982972741127014,0.9979066252708435,0.06492672022432089,0.073768749833107,True
output,14,8,4,0.9966143667697906,0.995407223701477,0.0904402919113636,0.1075534000992775,False
output,14,9,4,0.9971595853567123,0.9940072298049927,0.08428486622869968,0.13359256088733673,False
output,14,10,4,0.9985761344432831,0.998278021812439,0.062437305226922035,0.06872998178005219,True
output,14,11,4,0.9984232783317566,0.9971296787261963,0.0641138143837452,0.0818614512681961,True
output,14,12,4,0.9990487992763519,0.9985040426254272,0.05330066196620464,0.06252685189247131,True
output,14,13,4,0.9989693611860275,0.997859001159668,0.0569587592035532,0.07638871669769287,True
output,14,14,4,0.9993605464696884,0.9992207288742065,0.05295100528746843,0.05708100646734238,True
output,14,15,4,0.9992862045764923,0.9991189241409302,0.06245304271578789,0.0658455342054367,True
output,14,16,4,0.9993019551038742,0.9992387890815735,0.07072911784052849,0.07599407434463501,True
output,14,17,4,0.9992024749517441,0.9991209506988525,0.08976664766669273,0.09920478612184525,True
output,14,18,4,0.9988943040370941,0.9987659454345703,0.12498772703111172,0.1376897096633911,False
output,14,19,4,0.9953195750713348,0.9941133856773376,0.19960426911711693,0.22233900427818298,False
output,15,1,4,0.9997920393943787,0.9997506141662598,0.030034003779292107,0.03272264823317528,True
output,15,2,4,0.9997831284999847,0.9997116327285767,0.026275681797415018,0.03076724335551262,True
output,15,3,4,0.9997405111789703,0.9996107816696167,0.027261105831712484,0.03558440878987312,True
output,15,4,4,0.9996173083782196,0.9993134140968323,0.028976804111152887,0.04281998425722122,True
output,15,5,4,0.999554455280304,0.9992841482162476,0.029776118230074644,0.039031997323036194,True
output,15,6,4,0.9995387196540833,0.9992175102233887,0.03241327125579119,0.04123354330658913,True
output,15,7,4,0.9991610944271088,0.9989404082298279,0.044346888549625874,0.04923839122056961,True
output,15,8,4,0.9982797503471375,0.9977267980575562,0.0637220898643136,0.07474426925182343,True
output,15,9,4,0.9985145926475525,0.9969358444213867,0.061419254168868065,0.0958002507686615,True
output,15,10,4,0.9992217123508453,0.9990460872650146,0.04689918830990791,0.051664937287569046,True
output,15,11,4,0.9991002082824707,0.9982831478118896,0.04955641087144613,0.06303689628839493,True
output,15,12,4,0.9994643032550812,0.9991289973258972,0.04135878570377827,0.04746925085783005,True
output,15,13,4,0.9993880987167358,0.9986759424209595,0.04540320858359337,0.06114938110113144,True
output,15,14,4,0.9996303617954254,0.9995293021202087,0.043042849749326706,0.04829215630888939,True
output,15,15,4,0.9995803982019424,0.9994604587554932,0.054526797495782375,0.05829566344618797,True
output,15,16,4,0.9995772838592529,0.9995537400245667,0.06274355296045542,0.06627658754587173,True
output,15,17,4,0.9995057135820389,0.9994651079177856,0.08162041753530502,0.08742993324995041,True
output,15,18,4,0.9993284493684769,0.9992748498916626,0.11911839433014393,0.12573669850826263,False
output,15,19,4,0.9974233955144882,0.9969369173049927,0.1910211481153965,0.19859449565410614,False
output,16,1,4,0.999734416604042,0.999693751335144,0.03360641887411475,0.03645215928554535,True
output,16,2,4,0.999729260802269,0.9996521472930908,0.03048449568450451,0.03492603078484535,True
output,16,3,4,0.9996711313724518,0.9995423555374146,0.03211532812565565,0.04024224728345871,True
output,16,4,4,0.9995230883359909,0.9991698861122131,0.03391744988039136,0.04803377389907837,True
output,16,5,4,0.9994225353002548,0.9990670680999756,0.035463692620396614,0.046366848051548004,True
output,16,6,4,0.9993868619203568,0.9989683628082275,0.038507027085870504,0.048919424414634705,True
output,16,7,4,0.998819500207901,0.9985440969467163,0.05640103109180927,0.06738270074129105,True
output,16,8,4,0.9976103156805038,0.9968827962875366,0.08029009122401476,0.09524942189455032,True
output,16,9,4,0.9980713874101639,0.9960811138153076,0.0768998833373189,0.1210104376077652,False
output,16,10,4,0.9990166574716568,0.9987609386444092,0.05486731976270676,0.05856585130095482,True
output,16,11,4,0.9988853484392166,0.9979475736618042,0.05604615807533264,0.07277019321918488,True
output,16,12,4,0.9993136674165726,0.9988688230514526,0.04533123131841421,0.05506666377186775,True
output,16,13,4,0.9991916418075562,0.9981955289840698,0.048335143364965916,0.06976976990699768,True
output,16,14,4,0.999541237950325,0.9994439482688904,0.04376695118844509,0.04973661154508591,True
output,16,15,4,0.9994828104972839,0.9993629455566406,0.05273275077342987,0.05581709370017052,True
output,16,16,4,0.9994530081748962,0.9994093179702759,0.06088843196630478,0.06618767231702805,True
output,16,17,4,0.9993425607681274,0.9992790222167969,0.07846204750239849,0.087389275431633,True
output,16,18,4,0.9990856051445007,0.9989978075027466,0.11473400890827179,0.12608720362186432,False
output,16,19,4,0.996233657002449,0.9952781796455383,0.18854929134249687,0.20318718254566193,False
output,17,1,4,0.9995871335268021,0.9995299577713013,0.04152877535670996,0.04465470090508461,True
output,17,2,4,0.9995828866958618,0.9994826316833496,0.03816620074212551,0.04278680309653282,True
output,17,3,4,0.999523475766182,0.9993718862533569,0.03788913320749998,0.04562751203775406,True
output,17,4,4,0.9993861615657806,0.9989795684814453,0.037323727272450924,0.05063975602388382,True
output,17,5,4,0.9992821514606476,0.998866617679596,0.03912688884884119,0.04999244585633278,True
output,17,6,4,0.9992152154445648,0.9987002611160278,0.04288898967206478,0.0559769943356514,True
output,17,7,4,0.9984836578369141,0.9980945587158203,0.062078007496893406,0.07161029428243637,True
output,17,8,4,0.9968863278627396,0.9959649443626404,0.09042440354824066,0.10444707423448563,False
output,17,9,4,0.9974818527698517,0.9948145151138306,0.0828960444778204,0.13095541298389435,False
output,17,10,4,0.9986982196569443,0.9982739686965942,0.06187879014760256,0.0684199184179306,True
output,17,11,4,0.9985514730215073,0.9972741603851318,0.062054093927145004,0.0832742229104042,True
output,17,12,4,0.9990674555301666,0.9983730316162109,0.05117123294621706,0.06585193425416946,True
output,17,13,4,0.9988819807767868,0.9974316358566284,0.05449769552797079,0.08193515241146088,True
output,17,14,4,0.99936942756176,0.9992616176605225,0.04934907890856266,0.053614240139722824,True
output,17,15,4,0.9993099570274353,0.9991423487663269,0.05620002094656229,0.05997432768344879,True
output,17,16,4,0.9992724806070328,0.9991946220397949,0.06267790496349335,0.0666489228606224,True
output,17,17,4,0.999112069606781,0.9989901185035706,0.07973094657063484,0.08887974172830582,True
output,17,18,4,0.998761847615242,0.998633861541748,0.11547051556408405,0.12722137570381165,False
output,17,19,4,0.9946955293416977,0.9930809736251831,0.18794522807002068,0.2034710794687271,False
output,18,1,4,0.9998335987329483,0.9998143315315247,0.024003515485674143,0.025158556178212166,True
output,18,2,4,0.9998663365840912,0.999830424785614,0.02013101102784276,0.022377194836735725,True
output,18,3,4,0.9998571276664734,0.9997983574867249,0.019872363191097975,0.024141039699316025,True
output,18,4,4,0.9997840076684952,0.9996281862258911,0.020898742834106088,0.029954256489872932,True
output,18,5,4,0.9996656030416489,0.9994986057281494,0.02588839130476117,0.032596100121736526,True
output,18,6,4,0.9996123760938644,0.9994010329246521,0.030151372775435448,0.036154475063085556,True
output,18,7,4,0.9993207305669785,0.9992074370384216,0.03921978082507849,0.042204346507787704,True
output,18,8,4,0.9986519366502762,0.9982743263244629,0.05460673198103905,0.06242727115750313,True
output,18,9,4,0.9989125430583954,0.9976974129676819,0.050019169226288795,0.07410730421543121,True
output,18,10,4,0.9994007796049118,0.9992620944976807,0.04289265815168619,0.04762101545929909,True
output,18,11,4,0.9993560165166855,0.9988719820976257,0.046590300276875496,0.05513845384120941,True
output,18,12,4,0.9995551407337189,0.9992413520812988,0.042130108922719955,0.04783250018954277,True
output,18,13,4,0.9994772225618362,0.9988062381744385,0.04601936228573322,0.05864826217293739,True
output,18,14,4,0.9997102618217468,0.9996231198310852,0.04300248157233,0.0461033470928669,True
output,18,15,4,0.9997064471244812,0.9996517300605774,0.054999927058815956,0.056040871888399124,True
output,18,16,4,0.9997144341468811,0.9996719360351562,0.06187762413173914,0.06366492062807083,True
output,18,17,4,0.9996837824583054,0.9996345043182373,0.07877968065440655,0.08186265826225281,True
output,18,18,4,0.9995399564504623,0.9995167255401611,0.11652344837784767,0.11909575015306473,False
output,18,19,4,0.9979074895381927,0.9976908564567566,0.17332779243588448,0.17968621850013733,False
output,19,1,4,0.9997972697019577,0.9997782707214355,0.03261712472885847,0.033178891986608505,True
output,19,2,4,0.9997889697551727,0.9997507929801941,0.03424734249711037,0.035158365964889526,True
output,19,3,4,0.9997847527265549,0.9997259378433228,0.03249706979840994,0.034816913306713104,True
output,19,4,4,0.9997267723083496,0.9995530843734741,0.029898859094828367,0.03650869429111481,True
output,19,5,4,0.9996224939823151,0.9994176030158997,0.0313534801825881,0.036657389253377914,True
output,19,6,4,0.9995568692684174,0.9992929697036743,0.03241392923519015,0.0408925786614418,True
output,19,7,4,0.9991370141506195,0.9988901615142822,0.046150908805429935,0.052647221833467484,True
output,19,8,4,0.9982723444700241,0.9978758096694946,0.07094541750848293,0.08358632028102875,True
output,19,9,4,0.9985067546367645,0.9968611598014832,0.06861806660890579,0.11025192588567734,False
output,19,10,4,0.9991743117570877,0.9988650679588318,0.05639723036438227,0.06930918246507645,True
output,19,11,4,0.9991124421358109,0.9983371496200562,0.05880133714526892,0.07503556460142136,True
output,19,12,4,0.999377578496933,0.9988828897476196,0.049967323429882526,0.062032680958509445,True
output,19,13,4,0.9992604851722717,0.9982988834381104,0.054372720420360565,0.07584095746278763,True
output,19,14,4,0.9995831996202469,0.9994509220123291,0.05212887469679117,0.05829267576336861,True
output,19,15,4,0.9995856136083603,0.9995007514953613,0.060089356265962124,0.06393486261367798,True
output,19,16,4,0.9995849430561066,0.9995142817497253,0.06707459315657616,0.06906349211931229,True
output,19,17,4,0.9995363801717758,0.9994668364524841,0.08441029116511345,0.09024469554424286,True
output,19,18,4,0.9993230700492859,0.9992462396621704,0.12158608622848988,0.12834297120571136,False
output,19,19,4,0.9968671500682831,0.9963569641113281,0.19004083424806595,0.19635187089443207,False
output,20,1,4,0.999749556183815,0.9997276067733765,0.03846714645624161,0.04016362130641937,True
output,20,2,4,0.9996909946203232,0.9996451139450073,0.04397951532155275,0.04565255343914032,True
output,20,3,4,0.9996944665908813,0.9996161460876465,0.041718991473317146,0.04457942396402359,True
output,20,4,4,0.9996357262134552,0.9994317889213562,0.03790620109066367,0.04439939931035042,True
output,20,5,4,0.9994939863681793,0.9992579221725464,0.03969552833586931,0.04480791091918945,True
output,20,6,4,0.9994262754917145,0.9990700483322144,0.038494428619742393,0.04922328516840935,True
output,20,7,4,0.9990176260471344,0.9987304210662842,0.05102554429322481,0.0600716695189476,True
output,20,8,4,0.9980031102895737,0.997366726398468,0.07839503511786461,0.09270643442869186,True
output,20,9,4,0.9982096254825592,0.9963502883911133,0.0765221156179905,0.12097558379173279,False
output,20,10,4,0.998957946896553,0.9985960125923157,0.06450446508824825,0.0776098445057869,True
output,20,11,4,0.9989012181758881,0.9979239702224731,0.06708281673491001,0.09014448523521423,True
output,20,12,4,0.9992073327302933,0.9985685348510742,0.055635832250118256,0.07192109525203705,True
output,20,13,4,0.9991132169961929,0.9980388283729553,0.05959028471261263,0.08336278051137924,True
output,20,14,4,0.9994773715734482,0.9992707967758179,0.05591844581067562,0.062930166721344,True
output,20,15,4,0.999503031373024,0.9994210004806519,0.06192686129361391,0.06628617644309998,True
output,20,16,4,0.9994923323392868,0.9994214177131653,0.0683310516178608,0.0711013525724411,True
output,20,17,4,0.9994453489780426,0.9993958473205566,0.08463597483932972,0.0915326476097107,True
output,20,18,4,0.9991957545280457,0.9991060495376587,0.12115873023867607,0.12833444774150848,False
output,20,19,4,0.9960061311721802,0.9945766925811768,0.20204128324985504,0.20419543981552124,False
output,21,1,4,0.9996049106121063,0.9995970129966736,0.041668444871902466,0.04254533722996712,True
output,21,2,4,0.9995108395814896,0.9994840621948242,0.04648623988032341,0.046743717044591904,True
output,21,3,4,0.9996000081300735,0.9995431303977966,0.040821668691933155,0.04203154891729355,True
output,21,4,4,0.9995715916156769,0.999370276927948,0.03593215625733137,0.040904298424720764,True
output,21,5,4,0.9994017332792282,0.9992012977600098,0.03807612508535385,0.043521586805582047,True
output,21,6,4,0.999340295791626,0.9989709854125977,0.040840002708137035,0.0535210482776165,True
output,21,7,4,0.9988822489976883,0.998551607131958,0.057765811681747437,0.06886592507362366,True
output,21,8,4,0.9977816492319107,0.9969474077224731,0.08163231424987316,0.10127246379852295,False
output,21,9,4,0.9979541748762131,0.9955977201461792,0.07866838295012712,0.12416457384824753,False
output,21,10,4,0.9987490922212601,0.9984016418457031,0.06874553859233856,0.08329957723617554,True
output,21,11,4,0.9987035393714905,0.997510552406311,0.07071066182106733,0.09169114381074905,True
output,21,12,4,0.999047264456749,0.9982409477233887,0.06158704496920109,0.07581145316362381,True
output,21,13,4,0.998957097530365,0.997734785079956,0.065237021073699,0.08766725659370422,True
output,21,14,4,0.9993778020143509,0.9992066025733948,0.058765145018696785,0.06265906244516373,True
output,21,15,4,0.9994183629751205,0.9993089437484741,0.06587988324463367,0.07094594836235046,True
output,21,16,4,0.9994117170572281,0.9992961883544922,0.07307696901261806,0.07483213394880295,True
output,21,17,4,0.9993554353713989,0.9992550611495972,0.08916022069752216,0.09278025478124619,True
output,21,18,4,0.9991044998168945,0.9989674091339111,0.1233365572988987,0.12638406455516815,False
output,21,19,4,0.9957227557897568,0.9948662519454956,0.19141091033816338,0.19974468648433685,False
output,22,1,4,0.9997864663600922,0.9997748136520386,0.02154880715534091,0.022052468731999397,True
output,22,2,4,0.9997565299272537,0.999721884727478,0.02244930574670434,0.024032117798924446,True
output,22,3,4,0.9998183399438858,0.999750554561615,0.019352250266820192,0.02301635593175888,True
output,22,4,4,0.9997861534357071,0.9996276497840881,0.020250007277354598,0.02818005159497261,True
output,22,5,4,0.9997167587280273,0.9995872974395752,0.028256678488105536,0.03199981153011322,True
output,22,6,4,0.9996917694807053,0.9994628429412842,0.033225680235773325,0.035306256264448166,True
output,22,7,4,0.999492421746254,0.9992876648902893,0.04040796589106321,0.04279831424355507,True
output,22,8,4,0.9989859610795975,0.9983872175216675,0.051422543823719025,0.06198768690228462,True
output,22,9,4,0.9990919232368469,0.9980924129486084,0.05263407342135906,0.06638970226049423,True
output,22,10,4,0.9993400424718857,0.99918133020401,0.048903876915574074,0.0522490069270134,True
output,22,11,4,0.9993188232183456,0.9989036321640015,0.05013384576886892,0.05917646735906601,True
output,22,12,4,0.9995037913322449,0.9992157220840454,0.04756161570549011,0.052308931946754456,True
output,22,13,4,0.999436616897583,0.9989011287689209,0.049871805123984814,0.05723481625318527,True
output,22,14,4,0.9996341615915298,0.9995051622390747,0.04405753314495087,0.04743985831737518,True
output,22,15,4,0.9996365308761597,0.9995787143707275,0.05677125509828329,0.05828776955604553,True
output,22,16,4,0.9996297806501389,0.9995678067207336,0.060392992570996284,0.06201808527112007,True
output,22,17,4,0.9995776265859604,0.9995242357254028,0.07303505390882492,0.07378901541233063,True
output,22,18,4,0.9993742108345032,0.9993348121643066,0.10467629507184029,0.10611256211996078,False
output,22,19,4,0.9973205327987671,0.9969519376754761,0.1348417717963457,0.14649063348770142,False
output,23,1,4,0.9997810870409012,0.999763548374176,0.025055273436009884,0.02600708231329918,True
output,23,2,4,0.9996903985738754,0.9996505975723267,0.028218766674399376,0.03020293451845646,True
output,23,3,4,0.9997499138116837,0.9996679425239563,0.024145462084561586,0.028197452425956726,True
output,23,4,4,0.9997200816869736,0.9995198249816895,0.023570129182189703,0.03231685608625412,True
output,23,5,4,0.9996351897716522,0.9994715452194214,0.02971466723829508,0.035014111548662186,True
output,23,6,4,0.9996167570352554,0.9993277192115784,0.035943541675806046,0.04179803654551506,True
output,23,7,4,0.999407172203064,0.9991446137428284,0.04333693441003561,0.05024972930550575,True
output,23,8,4,0.9988206028938293,0.9980702996253967,0.05634875036776066,0.07073866575956345,True
output,23,9,4,0.9989252984523773,0.997711718082428,0.056305089965462685,0.07655724883079529,True
output,23,10,4,0.9991890043020248,0.9989676475524902,0.0534013994038105,0.058599334210157394,True
output,23,11,4,0.9991432428359985,0.9985485076904297,0.05398024246096611,0.06345124542713165,True
output,23,12,4,0.9993762224912643,0.9990184307098389,0.04938590154051781,0.05538157746195793,True
output,23,13,4,0.9992717653512955,0.9985857009887695,0.05218422692269087,0.0636303499341011,True
output,23,14,4,0.999509409070015,0.9993760585784912,0.04707846511155367,0.04968490079045296,True
output,23,15,4,0.9995062798261642,0.999413788318634,0.056418792344629765,0.059036727994680405,True
output,23,16,4,0.999485045671463,0.9993894100189209,0.06036949437111616,0.06230015307664871,True
output,23,17,4,0.9994062632322311,0.999329149723053,0.07138224132359028,0.07260153442621231,True
output,23,18,4,0.999104768037796,0.9989953637123108,0.09873110242187977,0.10060829669237137,False
output,23,19,4,0.9958274662494659,0.9951937198638916,0.1273120641708374,0.13313385844230652,False
output,24,1,4,0.9997835606336594,0.9997619390487671,0.031770674511790276,0.032017312943935394,True
output,24,2,4,0.9996060132980347,0.9995479583740234,0.03715701121836901,0.03809887170791626,True
output,24,3,4,0.9996185898780823,0.999483585357666,0.03048732504248619,0.03485167399048805,True
output,24,4,4,0.9995401203632355,0.9991868734359741,0.030651396606117487,0.04338281601667404,True
output,24,5,4,0.9994090646505356,0.9991487264633179,0.037335921078920364,0.046273987740278244,True
output,24,6,4,0.9994012415409088,0.99899822473526,0.04531765915453434,0.056478504091501236,True
output,24,7,4,0.9991157948970795,0.9987771511077881,0.052802237682044506,0.06276161223649979,True
output,24,8,4,0.9982865452766418,0.997346818447113,0.06954800244420767,0.08743919432163239,True
output,24,9,4,0.998400405049324,0.9965296983718872,0.0665427828207612,0.10669243335723877,False
output,24,10,4,0.9988172203302383,0.9985728859901428,0.06515207327902317,0.08209502696990967,True
output,24,11,4,0.998725563287735,0.997599720954895,0.06321563385426998,0.07599015533924103,True
output,24,12,4,0.9990735501050949,0.9984590411186218,0.05548024922609329,0.06654813140630722,True
output,24,13,4,0.998891070485115,0.9977136850357056,0.05887953285127878,0.07948849350214005,True
output,24,14,4,0.9992586970329285,0.9991360902786255,0.05387621093541384,0.05954653024673462,True
output,24,15,4,0.9992531090974808,0.9991196393966675,0.059152000583708286,0.0662909522652626,True
output,24,16,4,0.9992170482873917,0.9990736842155457,0.06332374550402164,0.06721603125333786,True
output,24,17,4,0.999100387096405,0.9989773035049438,0.07299304753541946,0.07857612520456314,True
output,24,18,4,0.9985879212617874,0.9983872175216675,0.09829403087496758,0.10395033657550812,False
output,24,19,4,0.9898223429918289,0.988267719745636,0.1622902788221836,0.16493956744670868,False
output,25,1,4,0.9997080117464066,0.9996778964996338,0.02466173330321908,0.025726264342665672,True
output,25,2,4,0.999518632888794,0.999439001083374,0.03225236106663942,0.03437170386314392,True
output,25,3,4,0.9995946139097214,0.9993555545806885,0.02840745635330677,0.03654991835355759,True
output,25,4,4,0.9993334263563156,0.9986804723739624,0.035372762475162745,0.05333239585161209,True
output,25,5,4,0.9992519915103912,0.998806357383728,0.042288295924663544,0.05412459000945091,True
output,25,6,4,0.9992532730102539,0.9987784624099731,0.043939500115811825,0.054479774087667465,True
output,25,7,4,0.9989384859800339,0.998505711555481,0.05370588507503271,0.0608176626265049,True
output,25,8,4,0.9978435635566711,0.9963785409927368,0.06914764270186424,0.08771254867315292,True
output,25,9,4,0.998044416308403,0.9956528544425964,0.06652254890650511,0.09613960981369019,True
output,25,10,4,0.9984331578016281,0.9979455471038818,0.06369444355368614,0.07180537283420563,True
output,25,11,4,0.998383179306984,0.997261643409729,0.06468101032078266,0.08099163323640823,True
output,25,12,4,0.9988186955451965,0.9982519149780273,0.05735422391444445,0.06629900634288788,True
output,25,13,4,0.9985768646001816,0.997262716293335,0.061144509352743626,0.0809100791811943,True
output,25,14,4,0.9989415854215622,0.9987075328826904,0.053473033010959625,0.05780250206589699,True
output,25,15,4,0.9989917427301407,0.9988683462142944,0.058820147998631,0.0629878044128418,True
output,25,16,4,0.9989417493343353,0.9988241195678711,0.06081257946789265,0.0637546181678772,True
output,25,17,4,0.998796820640564,0.9986387491226196,0.06688183732330799,0.06986498832702637,True
output,25,18,4,0.998100608587265,0.9978523254394531,0.08882980979979038,0.09239346534013748,True
output,25,19,4,0.8602549284696579,0.849341630935669,0.5648058503866196,0.5829451084136963,False
output,26,1,4,0.9987992197275162,0.998661994934082,0.05488131754100323,0.05685674771666527,True
output,26,2,4,0.9980718046426773,0.9977505803108215,0.06781779043376446,0.0717742070555687,True
output,26,3,4,0.9983023256063461,0.9973259568214417,0.057933857664465904,0.07438603043556213,True
output,26,4,4,0.9971275329589844,0.9944716691970825,0.07616269774734974,0.11057805269956589,False
output,26,5,4,0.9971857666969299,0.9957101941108704,0.07710225228220224,0.09918607771396637,True
output,26,6,4,0.997142419219017,0.9953500032424927,0.07790081668645144,0.0999060794711113,True
output,26,7,4,0.9960444420576096,0.9944068193435669,0.0952394250780344,0.1140001192688942,False
output,26,8,4,0.9921071529388428,0.9868309497833252,0.12859460152685642,0.17071914672851562,False
output,26,9,4,0.9930590838193893,0.9846882820129395,0.12033822014927864,0.18160977959632874,False
output,26,10,4,0.9945515841245651,0.9929299354553223,0.11365051753818989,0.13100211322307587,False
output,26,11,4,0.9944775402545929,0.9902458190917969,0.11326302774250507,0.14673563838005066,False
output,26,12,4,0.9962017089128494,0.9944862127304077,0.0972895585000515,0.11393348127603531,False
output,26,13,4,0.9955364912748337,0.9914892315864563,0.10327939875423908,0.13876456022262573,False
output,26,14,4,0.996749684214592,0.9958282709121704,0.09114106558263302,0.10034528374671936,False
output,26,15,4,0.9970569610595703,0.9966030120849609,0.0926639549434185,0.09898707270622253,True
output,26,16,4,0.9970837533473969,0.9966506361961365,0.09403713978827,0.09944458305835724,True
output,26,17,4,0.9968056082725525,0.9962869882583618,0.10323284566402435,0.1091088131070137,False
output,26,18,4,0.9951264411211014,0.9944173097610474,0.13321644440293312,0.14040622115135193,False
output,26,19,4,0.79326993227005,0.7662193179130554,0.6215412616729736,0.6534509658813477,False
output,27,1,4,0.9996309876441956,0.9995976686477661,0.02731653582304716,0.02856401912868023,True
output,27,2,4,0.9993615299463272,0.9992737770080566,0.03623080067336559,0.03861245885491371,True
output,27,3,4,0.9994406402111053,0.9991517066955566,0.033852288499474525,0.041756246238946915,True
output,27,4,4,0.9991203546524048,0.9983160495758057,0.039843056816607714,0.057924915105104446,True
output,27,5,4,0.9989406019449234,0.9983770847320557,0.054879033006727695,0.06540953367948532,True
output,27,6,4,0.9987892061471939,0.9980894923210144,0.05259682796895504,0.06580061465501785,True
output,27,7,4,0.998079389333725,0.9973154067993164,0.07847383618354797,0.0890851840376854,True
output,27,8,4,0.9955539107322693,0.992262601852417,0.1132513452321291,0.142783984541893,False
output,27,9,4,0.995315432548523,0.9895772933959961,0.10912338830530643,0.15813255310058594,False
output,27,10,4,0.9951504468917847,0.9935218095779419,0.11061824299395084,0.12647460401058197,False
output,27,11,4,0.9943621754646301,0.9911050796508789,0.11094838567078114,0.13937538862228394,False
output,27,12,4,0.9955801516771317,0.994227409362793,0.10078980401158333,0.11635264754295349,False
output,27,13,4,0.9941751062870026,0.990078866481781,0.11003819666802883,0.14451733231544495,False
output,27,14,4,0.9947899878025055,0.9932988882064819,0.10426734760403633,0.12056466192007065,False
output,27,15,4,0.9946927279233932,0.9937816858291626,0.10403007082641125,0.11431500315666199,False
output,27,16,4,0.9939455687999725,0.9931615591049194,0.11007015407085419,0.11747870594263077,False
output,27,17,4,0.9918714463710785,0.9910529255867004,0.12965174578130245,0.13863849639892578,False
output,27,18,4,0.977964460849762,0.9740452766418457,0.2317531369626522,0.25784674286842346,False
output,27,19,4,0.3381807804107666,0.3079037666320801,0.961562916636467,0.9637109041213989,False
residual,0,1,4,0.9999772757291794,0.999976634979248,0.007994388230144978,0.008106434717774391,True
residual,0,2,4,0.9999589622020721,0.9999568462371826,0.010374150704592466,0.010602323338389397,True
residual,0,3,4,0.9999517649412155,0.9999484419822693,0.010318332817405462,0.010667525231838226,True
residual,0,4,4,0.9999454468488693,0.9999392032623291,0.011132506653666496,0.011715131811797619,True
residual,0,5,4,0.9999379366636276,0.9999290704727173,0.01597240404225886,0.016401344910264015,True
residual,0,6,4,0.9999235421419144,0.9998993873596191,0.014266241108998656,0.016055818647146225,True
residual,0,7,4,0.9999456256628036,0.9999142289161682,0.01777041284367442,0.0199927669018507,True
residual,0,8,4,0.9999569654464722,0.9999241828918457,0.016101164277642965,0.019230971112847328,True
residual,0,9,4,0.999965637922287,0.9999449253082275,0.01640280638821423,0.01903221197426319,True
residual,0,10,4,0.9999687075614929,0.9999436140060425,0.014156069839373231,0.017333630472421646,True
residual,0,11,4,0.9999732375144958,0.9999492168426514,0.013031081762164831,0.016015198081731796,True
residual,0,12,4,0.999974399805069,0.9999509453773499,0.011798588559031487,0.014818600378930569,True
residual,0,13,4,0.9999745190143585,0.9999531507492065,0.012128037633374333,0.014943862333893776,True
residual,0,14,4,0.999976247549057,0.9999592304229736,0.012043774360790849,0.01429414376616478,True
residual,0,15,4,0.9999646991491318,0.9999479055404663,0.01635721093043685,0.018364034593105316,True
residual,0,16,4,0.9999576359987259,0.9999406337738037,0.016700553940609097,0.018825596198439598,True
residual,0,17,4,0.9999319016933441,0.9999082088470459,0.020279680844396353,0.023071618750691414,True
residual,0,18,4,0.9998430162668228,0.9997882843017578,0.02498806780204177,0.0299643836915493,True
residual,0,19,4,0.9993931353092194,0.9989486336708069,0.03767942078411579,0.049174122512340546,True
residual,1,1,4,0.999961718916893,0.9999577403068542,0.011084252269938588,0.011912602931261063,True
residual,1,2,4,0.9999433904886246,0.9999330043792725,0.013058235170319676,0.014021165668964386,True
residual,1,3,4,0.9999431818723679,0.9999300241470337,0.012965388363227248,0.014032362028956413,True
residual,1,4,4,0.999928817152977,0.99990314245224,0.012466909596696496,0.014111949130892754,True
residual,1,5,4,0.9998888373374939,0.9998681545257568,0.02425522217527032,0.02555244415998459,True
residual,1,6,4,0.999870166182518,0.9998236894607544,0.020621116738766432,0.022851841524243355,True
residual,1,7,4,0.9996830075979233,0.9995673894882202,0.04283087980002165,0.0461055189371109,True
residual,1,8,4,0.9994416236877441,0.9992400407791138,0.06238923780620098,0.06629668921232224,True
residual,1,9,4,0.9993846118450165,0.9992555379867554,0.06137522403150797,0.06486144661903381,True
residual,1,10,4,0.9989831000566483,0.9987227916717529,0.07116140052676201,0.07728228718042374,True
residual,1,11,4,0.998698890209198,0.9981256723403931,0.07174697052687407,0.08263896405696869,True
residual,1,12,4,0.9984316974878311,0.997663676738739,0.07942081615328789,0.08884698897600174,True
residual,1,13,4,0.9980330914258957,0.9970791339874268,0.08333124779164791,0.09370593726634979,True
residual,1,14,4,0.9972312152385712,0.9961205124855042,0.09565618447959423,0.10533837974071503,False
residual,1,15,4,0.9963759928941727,0.9951572418212891,0.10347123630344868,0.11558706313371658,False
residual,1,16,4,0.9943030774593353,0.9931926131248474,0.1263226456940174,0.14206309616565704,False
residual,1,17,4,0.9902844429016113,0.9896454811096191,0.1550075076520443,0.17369444668293,False
residual,1,18,4,0.9802138656377792,0.9772648811340332,0.20326556265354156,0.22753508388996124,False
residual,1,19,4,0.9278016984462738,0.8926529884338379,0.37610626965761185,0.41198042035102844,False
residual,2,1,4,0.9998265504837036,0.9997658729553223,0.01867165043950081,0.021450500935316086,True
residual,2,2,4,0.9997418820858002,0.9996018409729004,0.02294359216466546,0.028350811451673508,True
residual,2,3,4,0.9996520727872849,0.9994065761566162,0.02633193926885724,0.03435234725475311,True
residual,2,4,4,0.9994589537382126,0.9990794658660889,0.031190723180770874,0.041975103318691254,True
residual,2,5,4,0.9994073957204819,0.9991636276245117,0.04492518398910761,0.049600567668676376,True
residual,2,6,4,0.999308630824089,0.9990072250366211,0.04286265466362238,0.04880543798208237,True
residual,2,7,4,0.998969316482544,0.9984550476074219,0.06534567102789879,0.07160235941410065,True
residual,2,8,4,0.9982373714447021,0.9976047277450562,0.08829214051365852,0.0930604338645935,True
residual,2,9,4,0.9977757036685944,0.9971096515655518,0.08960306085646152,0.09421399235725403,True
residual,2,10,4,0.9972812831401825,0.9963885545730591,0.09235761314630508,0.09724652022123337,True
residual,2,11,4,0.9968377947807312,0.9960092306137085,0.08953514136373997,0.09591767191886902,True
residual,2,12,4,0.9964874982833862,0.9956369400024414,0.09084034897387028,0.09568493813276291,True
residual,2,13,4,0.9961026906967163,0.9953864216804504,0.090042844414711,0.0951077938079834,True
residual,2,14,4,0.995704859495163,0.9950536489486694,0.09333624504506588,0.1006103977560997,False
residual,2,15,4,0.9951763898134232,0.9944500923156738,0.1023560781031847,0.11002729088068008,False
residual,2,16,4,0.9945598691701889,0.9936655759811401,0.11631892621517181,0.12466426938772202,False
residual,2,17,4,0.9937561750411987,0.9927250146865845,0.14158912375569344,0.14881475269794464,False
residual,2,18,4,0.9922248423099518,0.9907360076904297,0.1883869245648384,0.19450736045837402,False
residual,2,19,4,0.9664059728384018,0.9539128541946411,0.3997378721833229,0.42458635568618774,False
residual,3,1,4,0.9979205429553986,0.9970685243606567,0.048463983461260796,0.06026506796479225,True
residual,3,2,4,0.9974170476198196,0.9960214495658875,0.05449198558926582,0.07163010537624359,True
residual,3,3,4,0.99717116355896,0.9950549602508545,0.059327286668121815,0.08499220013618469,True
residual,3,4,4,0.9964951723814011,0.9930670261383057,0.06717781350016594,0.10502538830041885,False
residual,3,5,4,0.995189294219017,0.9921950101852417,0.08804917335510254,0.1138322502374649,False
residual,3,6,4,0.9935083091259003,0.9895381331443787,0.09983317367732525,0.13520537316799164,False
residual,3,7,4,0.9923778027296066,0.9892250895500183,0.11535599268972874,0.13636696338653564,False
residual,3,8,4,0.9909898042678833,0.9870118498802185,0.12866689078509808,0.14610299468040466,False
residual,3,9,4,0.9878747910261154,0.9848392009735107,0.14604849740862846,0.17211861908435822,False
residual,3,10,4,0.989140972495079,0.9866456389427185,0.14030783995985985,0.16178281605243683,False
residual,3,11,4,0.9885895550251007,0.9868520498275757,0.152281254529953,0.16756945848464966,False
residual,3,12,4,0.9905715584754944,0.9891927242279053,0.15284384414553642,0.166946142911911,False
residual,3,13,4,0.9920386970043182,0.9910699129104614,0.16531089693307877,0.17804206907749176,False
residual,3,14,4,0.9944318681955338,0.9939135313034058,0.16409747302532196,0.17442587018013,False
residual,3,15,4,0.9934599846601486,0.993286669254303,0.21521440520882607,0.2282211184501648,False
residual,3,16,4,0.995563417673111,0.9949434995651245,0.22235778719186783,0.2316051721572876,False
residual,3,17,4,0.996307447552681,0.995300829410553,0.2506481260061264,0.25652405619621277,False
residual,3,18,4,0.9964872449636459,0.9950996041297913,0.30316562205553055,0.30626994371414185,False
residual,3,19,4,0.9963702410459518,0.9954216480255127,0.42025937139987946,0.4230125844478607,False
residual,4,1,4,0.9896700829267502,0.9873498678207397,0.3395305350422859,0.366223007440567,False
residual,4,2,4,0.9714769124984741,0.964155912399292,0.4243242144584656,0.46766066551208496,False
residual,4,3,4,0.9374213069677353,0.9195330142974854,0.45765016973018646,0.499258816242218,False
residual,4,4,4,0.9388644695281982,0.9277673959732056,0.3604982942342758,0.3716771900653839,False
residual,4,5,4,0.9493798464536667,0.9457608461380005,0.31420353800058365,0.3321629762649536,False
residual,4,6,4,0.9597735702991486,0.9500345587730408,0.27873916923999786,0.3198583126068115,False
residual,4,7,4,0.9723892211914062,0.9591495990753174,0.22884394973516464,0.2771652936935425,False
residual,4,8,4,0.9745906293392181,0.9693143963813782,0.2216329388320446,0.25361448526382446,False
residual,4,9,4,0.9797252416610718,0.965893030166626,0.1980077587068081,0.2669062912464142,False
residual,4,10,4,0.9844887554645538,0.9773644208908081,0.1741574965417385,0.2117970585823059,False
residual,4,11,4,0.9862365275621414,0.9813647866249084,0.16685254126787186,0.1921379417181015,False
residual,4,12,4,0.9880445301532745,0.9825819134712219,0.16092244163155556,0.19563867151737213,False
residual,4,13,4,0.9892925173044205,0.9849241375923157,0.15818266570568085,0.19343514740467072,False
residual,4,14,4,0.9907968640327454,0.9880415201187134,0.14993267692625523,0.17888745665550232,False
residual,4,15,4,0.9885572642087936,0.9868794679641724,0.16623856872320175,0.18888267874717712,False
residual,4,16,4,0.9893123656511307,0.9874048829078674,0.17542507871985435,0.1859058439731598,False
residual,4,17,4,0.9870133250951767,0.9833185076713562,0.20694824680685997,0.22062428295612335,False
residual,4,18,4,0.9788278192281723,0.9702255725860596,0.2819593548774719,0.30349892377853394,False
residual,4,19,4,0.9471729099750519,0.9390292763710022,0.4726191684603691,0.49300989508628845,False
residual,5,1,4,0.9950856864452362,0.9923536777496338,0.5457064211368561,0.5843414068222046,False
residual,5,2,4,0.9820520430803299,0.9701400995254517,0.6116457283496857,0.6509925127029419,False
residual,5,3,4,0.8901857882738113,0.8329107165336609,0.8815831542015076,0.9219193458557129,False
residual,5,4,4,0.8487492352724075,0.8134791851043701,0.6209768056869507,0.6649929285049438,False
residual,5,5,4,0.9304977506399155,0.9152083992958069,0.37307342141866684,0.41630059480667114,False
residual,5,6,4,0.9564141631126404,0.94178307056427,0.2833869978785515,0.3312264382839203,False
residual,5,7,4,0.9638912230730057,0.95905601978302,0.2523028776049614,0.25979629158973694,False
residual,5,8,4,0.9558554589748383,0.9317889213562012,0.26991477981209755,0.3485136330127716,False
residual,5,9,4,0.9607557952404022,0.937856912612915,0.26137711107730865,0.34746015071868896,False
residual,5,10,4,0.9776294678449631,0.9761959314346313,0.21206869930028915,0.2458452582359314,False
residual,5,11,4,0.9795506596565247,0.9743690490722656,0.2135717235505581,0.23862244188785553,False
residual,5,12,4,0.9846877008676529,0.9813871383666992,0.20185968279838562,0.23318099975585938,False
residual,5,13,4,0.9893541038036346,0.9875417947769165,0.18873770162463188,0.2145325392484665,False
residual,5,14,4,0.9928540289402008,0.9915211200714111,0.17306599393486977,0.19201761484146118,False
residual,5,15,4,0.9908587038516998,0.9874801635742188,0.2059607170522213,0.216356098651886,False
residual,5,16,4,0.993565708398819,0.9909258484840393,0.1995791606605053,0.20778124034404755,False
residual,5,17,4,0.9938186854124069,0.9916020631790161,0.2173914983868599,0.22313232719898224,False
residual,5,18,4,0.9918239116668701,0.988933801651001,0.2799035981297493,0.2868987023830414,False
residual,5,19,4,0.9805181920528412,0.9722286462783813,0.48280132561922073,0.4946724772453308,False
residual,6,1,4,0.9854298532009125,0.9801534414291382,0.17522035166621208,0.19403649866580963,False
residual,6,2,4,0.9806964248418808,0.9725695848464966,0.19249791651964188,0.22188909351825714,False
residual,6,3,4,0.9718759655952454,0.9513466358184814,0.2171841710805893,0.2927059829235077,False
residual,6,4,4,0.9618941396474838,0.9350224733352661,0.2538411058485508,0.35399097204208374,False
residual,6,5,4,0.9653251618146896,0.9323842525482178,0.25023791193962097,0.36949923634529114,False
residual,6,6,4,0.9699270725250244,0.9536980390548706,0.23983857035636902,0.30810943245887756,False
residual,6,7,4,0.9763853847980499,0.9740352630615234,0.2178184986114502,0.23025204241275787,False
residual,6,8,4,0.9720926284790039,0.9595942497253418,0.22867808490991592,0.289690226316452,False
residual,6,9,4,0.9824014455080032,0.9724606275558472,0.18989012390375137,0.2633078098297119,False
residual,6,10,4,0.9868838042020798,0.9812067747116089,0.16199608519673347,0.20427991449832916,False
residual,6,11,4,0.984911173582077,0.9794101119041443,0.1751599833369255,0.21518757939338684,False
residual,6,12,4,0.9876298606395721,0.9841914772987366,0.16216449439525604,0.1778331995010376,False
residual,6,13,4,0.9893570691347122,0.9858983755111694,0.15707631036639214,0.17188787460327148,False
residual,6,14,4,0.9915817230939865,0.9884246587753296,0.14519397914409637,0.16196046769618988,False
residual,6,15,4,0.9889219850301743,0.9870388507843018,0.17289793863892555,0.17976312339305878,False
residual,6,16,4,0.9905655533075333,0.9883483648300171,0.17050805687904358,0.1784258484840393,False
residual,6,17,4,0.9898584485054016,0.987248420715332,0.1898195818066597,0.1978287547826767,False
residual,6,18,4,0.9852050095796585,0.981957197189331,0.23427770659327507,0.24299216270446777,False
residual,6,19,4,0.9368225187063217,0.918856680393219,0.42429742962121964,0.4597513973712921,False
residual,7,1,4,0.9926387071609497,0.9890678524971008,0.1528460644185543,0.17394383251667023,False
residual,7,2,4,0.990836039185524,0.9857288599014282,0.15960079804062843,0.1766354739665985,False
residual,7,3,4,0.9845485836267471,0.9685385823249817,0.1739661917090416,0.22595927119255066,False
residual,7,4,4,0.9686930477619171,0.9283363819122314,0.20761166885495186,0.33333101868629456,False
residual,7,5,4,0.9655161648988724,0.942050576210022,0.21639704704284668,0.29133346676826477,False
residual,7,6,4,0.9471868127584457,0.9080696105957031,0.2852366529405117,0.38282477855682373,False
residual,7,7,4,0.9460990279912949,0.9264605641365051,0.29317883029580116,0.34925609827041626,False
residual,7,8,4,0.9476719945669174,0.9293431639671326,0.2870480827987194,0.3512747883796692,False
residual,7,9,4,0.9606405645608902,0.9443520903587341,0.2564869895577431,0.3102644085884094,False
residual,7,10,4,0.9684585183858871,0.9522403478622437,0.23190459236502647,0.28845158219337463,False
residual,7,11,4,0.9669834077358246,0.9484493136405945,0.23968173190951347,0.30882152915000916,False
residual,7,12,4,0.97454534471035,0.9709186553955078,0.21993731334805489,0.23085731267929077,False
residual,7,13,4,0.9773352742195129,0.9752143025398254,0.20924128592014313,0.2140982300043106,False
residual,7,14,4,0.9825807362794876,0.979050874710083,0.19257260859012604,0.19881348311901093,False
residual,7,15,4,0.981712207198143,0.9774346947669983,0.1886742226779461,0.20715564489364624,False
residual,7,16,4,0.9831356704235077,0.9797919988632202,0.19046598300337791,0.2154838889837265,False
residual,7,17,4,0.9818082898855209,0.9798305034637451,0.20378190651535988,0.23667557537555695,False
residual,7,18,4,0.9742978066205978,0.9710901975631714,0.23307320848107338,0.26871389150619507,False
residual,7,19,4,0.9199135452508926,0.9038659334182739,0.44529423862695694,0.46330246329307556,False
residual,8,1,4,0.9937856942415237,0.9922667741775513,0.16309235990047455,0.16856223344802856,False
residual,8,2,4,0.9919864386320114,0.9862624406814575,0.1646287739276886,0.17286083102226257,False
residual,8,3,4,0.9867604672908783,0.9706112146377563,0.17475685477256775,0.22134728729724884,False
residual,8,4,4,0.9806859791278839,0.9570498466491699,0.18364782817661762,0.27336210012435913,False
residual,8,5,4,0.979064017534256,0.9657403230667114,0.19095872901380062,0.250988245010376,False
residual,8,6,4,0.9756003022193909,0.9676098823547363,0.21449954435229301,0.2533397972583771,False
residual,8,7,4,0.9710865467786789,0.9627974033355713,0.2309483401477337,0.2593833804130554,False
residual,8,8,4,0.9631849080324173,0.9481212496757507,0.25219257175922394,0.30396831035614014,False
residual,8,9,4,0.9742091596126556,0.9536870121955872,0.20531824976205826,0.26517048478126526,False
residual,8,10,4,0.9808426946401596,0.9781197309494019,0.18134135752916336,0.18921369314193726,False
residual,8,11,4,0.9799952805042267,0.9782679080963135,0.19280759245157242,0.2047984004020691,False
residual,8,12,4,0.9830714762210846,0.9815472960472107,0.17743344232439995,0.18762348592281342,False
residual,8,13,4,0.9853630065917969,0.9833986759185791,0.16496729478240013,0.17872978746891022,False
residual,8,14,4,0.9874321222305298,0.9856306314468384,0.14995385706424713,0.16296759247779846,False
residual,8,15,4,0.9849307537078857,0.9832143187522888,0.16621482372283936,0.1752413511276245,False
residual,8,16,4,0.9843130707740784,0.9817374348640442,0.16759663447737694,0.1822778582572937,False
residual,8,17,4,0.9793968051671982,0.9760807752609253,0.19136033952236176,0.20670375227928162,False
residual,8,18,4,0.9649911671876907,0.9626267552375793,0.2508503645658493,0.2608637809753418,False
residual,8,19,4,0.8244024962186813,0.784512996673584,0.5384722054004669,0.5713359713554382,False
residual,9,1,4,0.9920164942741394,0.9885842800140381,0.12607913091778755,0.14452150464057922,False
residual,9,2,4,0.985096886754036,0.9804185032844543,0.18166586756706238,0.2074325531721115,False
residual,9,3,4,0.9618595987558365,0.9427899122238159,0.2894156649708748,0.362175315618515,False
residual,9,4,4,0.9302126467227936,0.8726900815963745,0.3584253340959549,0.5064728856086731,False
residual,9,5,4,0.9272901713848114,0.8885204792022705,0.35986220836639404,0.4526003301143646,False
residual,9,6,4,0.9431253224611282,0.9317030310630798,0.3299778699874878,0.36622878909111023,False
residual,9,7,4,0.9421209394931793,0.9300206899642944,0.3327098935842514,0.37126660346984863,False
residual,9,8,4,0.9151637107133865,0.8601802587509155,0.3883882462978363,0.5144762396812439,False
residual,9,9,4,0.9446042478084564,0.8879302144050598,0.31246214359998703,0.47070297598838806,False
residual,9,10,4,0.958496704697609,0.9485845565795898,0.27879172563552856,0.3307931125164032,False
residual,9,11,4,0.9516573697328568,0.9187803268432617,0.2898723669350147,0.3979402780532837,False
residual,9,12,4,0.9665027111768723,0.9355138540267944,0.23891335353255272,0.3587917685508728,False
residual,9,13,4,0.9757514148950577,0.9530054330825806,0.2004653923213482,0.2968463599681854,False
residual,9,14,4,0.9809671193361282,0.9652740359306335,0.18105564638972282,0.26189765334129333,False
residual,9,15,4,0.9798380583524704,0.9651060104370117,0.18613598123192787,0.26803815364837646,False
residual,9,16,4,0.9836048632860184,0.975949227809906,0.17411680705845356,0.2299012541770935,False
residual,9,17,4,0.9837837070226669,0.9797039031982422,0.1753055863082409,0.19991534948349,False
residual,9,18,4,0.9733023196458817,0.9626599550247192,0.2205224521458149,0.27261000871658325,False
residual,9,19,4,0.7738094478845596,0.6204567551612854,0.6341330483555794,0.8707144856452942,False
residual,10,1,4,0.9939747601747513,0.9910441637039185,0.21384454891085625,0.23072457313537598,False
residual,10,2,4,0.9957880526781082,0.9940412044525146,0.17105932533740997,0.1760185956954956,False
residual,10,3,4,0.9953855872154236,0.9921013116836548,0.1387942861765623,0.14727826416492462,False
residual,10,4,4,0.992165669798851,0.9853184223175049,0.13651329837739468,0.18371710181236267,False
residual,10,5,4,0.9910772740840912,0.9853488206863403,0.13708178140223026,0.18032200634479523,False
residual,10,6,4,0.9918158650398254,0.988254725933075,0.13810274377465248,0.17473946511745453,False
residual,10,7,4,0.9890887439250946,0.985137939453125,0.1562049724161625,0.17490755021572113,False
residual,10,8,4,0.9801960587501526,0.9726626873016357,0.20298276469111443,0.24005018174648285,False
residual,10,9,4,0.9871917217969894,0.9790550470352173,0.16102825663983822,0.21850474178791046,False
residual,10,10,4,0.9903470277786255,0.9884932041168213,0.14681146666407585,0.16927242279052734,False
residual,10,11,4,0.9895901829004288,0.9837898015975952,0.14770728535950184,0.20604614913463593,False
residual,10,12,4,0.993096113204956,0.9896459579467773,0.12336578033864498,0.15607069432735443,False
residual,10,13,4,0.9937327355146408,0.9896180629730225,0.11690071038901806,0.15474462509155273,False
residual,10,14,4,0.9953771829605103,0.9933794736862183,0.10124567896127701,0.12244649231433868,False
residual,10,15,4,0.9943872094154358,0.9915374517440796,0.11167010851204395,0.14136697351932526,False
residual,10,16,4,0.9946361929178238,0.9927639961242676,0.11069033481180668,0.13374009728431702,False
residual,10,17,4,0.9937234967947006,0.9921325445175171,0.11815919913351536,0.13213418424129486,False
residual,10,18,4,0.9886078983545303,0.9869785904884338,0.1543811894953251,0.16446860134601593,False
residual,10,19,4,0.893855631351471,0.8702403903007507,0.5119084864854813,0.5925365686416626,False
residual,11,1,4,0.9983011186122894,0.9976463317871094,0.061424922198057175,0.07422401010990143,True
residual,11,2,4,0.9978409260511398,0.9969925880432129,0.06813913304358721,0.08740077167749405,True
residual,11,3,4,0.9961901903152466,0.9941571950912476,0.094748105853796,0.127677783370018,False
residual,11,4,4,0.9917399436235428,0.9855490922927856,0.13388993591070175,0.1991051286458969,False
residual,11,5,4,0.9888768643140793,0.9788562059402466,0.15315396711230278,0.22931940853595734,False
residual,11,6,4,0.9890064895153046,0.980841875076294,0.153886616230011,0.20336982607841492,False
residual,11,7,4,0.9855090230703354,0.978581964969635,0.17249060049653053,0.20913681387901306,False
residual,11,8,4,0.9723227322101593,0.9573597311973572,0.23197222501039505,0.29458826780319214,False
residual,11,9,4,0.979208916425705,0.9559876918792725,0.19813823327422142,0.2927645146846771,False
residual,11,10,4,0.9861857891082764,0.9812893867492676,0.1670512966811657,0.1872953623533249,False
residual,11,11,4,0.9835897833108902,0.9706300497055054,0.17615893483161926,0.24720942974090576,False
residual,11,12,4,0.9902677088975906,0.9867963790893555,0.13818525522947311,0.17112641036510468,False
residual,11,13,4,0.9911801815032959,0.9856236577033997,0.13087044097483158,0.17511555552482605,False
residual,11,14,4,0.9938521385192871,0.9920607209205627,0.11309250816702843,0.12755075097084045,False
residual,11,15,4,0.9928319454193115,0.9896128177642822,0.12125624902546406,0.1336287409067154,False
residual,11,16,4,0.9931394308805466,0.9898738861083984,0.11669377237558365,0.12783269584178925,False
residual,11,17,4,0.9919509291648865,0.9874913692474365,0.1317618079483509,0.15269099175930023,False
residual,11,18,4,0.9887768924236298,0.9849817752838135,0.1669457070529461,0.18386787176132202,False
residual,11,19,4,0.951973095536232,0.9304664134979248,0.3051214888691902,0.33123281598091125,False
residual,12,1,4,0.9996550232172012,0.9994735717773438,0.028369117062538862,0.03618292883038521,True
residual,12,2,4,0.9995581209659576,0.9992731809616089,0.032144444063305855,0.041052792221307755,True
residual,12,3,4,0.9992962330579758,0.9987285137176514,0.04342990927398205,0.0594109445810318,True
residual,12,4,4,0.9985982924699783,0.9972980618476868,0.06008298322558403,0.09392773360013962,True
residual,12,5,4,0.998207226395607,0.9968281984329224,0.06683842558413744,0.10182610899209976,False
residual,12,6,4,0.9979061931371689,0.9964901804924011,0.07308774162083864,0.09630106389522552,True
residual,12,7,4,0.9967002272605896,0.9955040216445923,0.09384961985051632,0.10614335536956787,False
residual,12,8,4,0.993282675743103,0.9899225831031799,0.1313292793929577,0.1676976978778839,False
residual,12,9,4,0.9947298020124435,0.9895131587982178,0.10723149590194225,0.15471547842025757,False
residual,12,10,4,0.9967387318611145,0.9966287016868591,0.08827369846403599,0.09284760057926178,True
residual,12,11,4,0.9961918592453003,0.9931558966636658,0.09381966479122639,0.12866397202014923,False
residual,12,12,4,0.9977794140577316,0.9968119859695435,0.07304783910512924,0.08739741891622543,True
residual,12,13,4,0.9977692514657974,0.9959551095962524,0.07252282742410898,0.09782040864229202,True
residual,12,14,4,0.998527005314827,0.998216986656189,0.06119849905371666,0.06740796566009521,True
residual,12,15,4,0.998295322060585,0.9979640245437622,0.07083708047866821,0.07839734107255936,True
residual,12,16,4,0.9984421730041504,0.9982093572616577,0.0716280173510313,0.07611177116632462,True
residual,12,17,4,0.9982653111219406,0.9978939890861511,0.08092081733047962,0.08135280013084412,True
residual,12,18,4,0.9973987489938736,0.9966007471084595,0.10666236840188503,0.10987278819084167,False
residual,12,19,4,0.9858029782772064,0.9807645678520203,0.18256977945566177,0.21488597989082336,False
residual,13,1,4,0.993032306432724,0.9877400398254395,0.11986937560141087,0.149651437997818,False
residual,13,2,4,0.9910833090543747,0.9836138486862183,0.13016607239842415,0.16954302787780762,False
residual,13,3,4,0.9878697991371155,0.9772615432739258,0.14612886309623718,0.2044222205877304,False
residual,13,4,4,0.9767390340566635,0.9536617994308472,0.1959226056933403,0.3033095896244049,False
residual,13,5,4,0.9650401473045349,0.9429442882537842,0.24579822272062302,0.33306458592414856,False
residual,13,6,4,0.9617950022220612,0.9424564242362976,0.26290347427129745,0.3233068883419037,False
residual,13,7,4,0.9339729100465775,0.9035283327102661,0.36164332926273346,0.458316445350647,False
residual,13,8,4,0.8856395184993744,0.8410505056381226,0.44233910739421844,0.5275391340255737,False
residual,13,9,4,0.9154935926198959,0.8231935501098633,0.3470316305756569,0.5152266025543213,False
residual,13,10,4,0.9635464698076248,0.9515910744667053,0.2578793801367283,0.2806098759174347,False
residual,13,11,4,0.9592299908399582,0.923690676689148,0.24816276133060455,0.32465916872024536,False
residual,13,12,4,0.9766633063554764,0.9611865282058716,0.2016531080007553,0.25512051582336426,False
residual,13,13,4,0.9748351871967316,0.9469602108001709,0.2040700502693653,0.3010767698287964,False
residual,13,14,4,0.9843032360076904,0.9787055253982544,0.16534112766385078,0.1866115927696228,False
residual,13,15,4,0.9810779988765717,0.9738190770149231,0.18052763491868973,0.20485852658748627,False
residual,13,16,4,0.9817239195108414,0.979406476020813,0.18120460212230682,0.19456174969673157,False
residual,13,17,4,0.9792452454566956,0.9746502637863159,0.19615796953439713,0.21543478965759277,False
residual,13,18,4,0.9667671173810959,0.9555895924568176,0.24798214808106422,0.28031694889068604,False
residual,13,19,4,0.8462331891059875,0.8242627382278442,0.5150207877159119,0.5647833347320557,False
residual,14,1,4,0.9947362542152405,0.9910922050476074,0.10100674815475941,0.13273067772388458,False
residual,14,2,4,0.9929292649030685,0.9879504442214966,0.11668173223733902,0.15515707433223724,False
residual,14,3,4,0.9921081960201263,0.9857636094093323,0.12406288273632526,0.17197829484939575,False
residual,14,4,4,0.9859148859977722,0.9727871417999268,0.15634554624557495,0.23026582598686218,False
residual,14,5,4,0.9826940596103668,0.971345067024231,0.1792849637567997,0.24026823043823242,False
residual,14,6,4,0.9816732257604599,0.9703199863433838,0.1916690729558468,0.24682752788066864,False
residual,14,7,4,0.9694242924451828,0.9592017531394958,0.2551301680505276,0.30734238028526306,False
residual,14,8,4,0.9438497573137283,0.9219335317611694,0.3322828710079193,0.40286368131637573,False
residual,14,9,4,0.949694350361824,0.886898934841156,0.29931530356407166,0.4759232699871063,False
residual,14,10,4,0.9747949093580246,0.9711463451385498,0.22557314857840538,0.24986548721790314,False
residual,14,11,4,0.9727640300989151,0.9533535838127136,0.21685636416077614,0.2756887376308441,False
residual,14,12,4,0.9840185940265656,0.9756770730018616,0.17569313943386078,0.2176980823278427,False
residual,14,13,4,0.9842598885297775,0.9695696830749512,0.17212017253041267,0.24978500604629517,False
residual,14,14,4,0.9903935790061951,0.9895871877670288,0.13895822688937187,0.14697948098182678,False
residual,14,15,4,0.988879382610321,0.9875608086585999,0.1476340815424919,0.1520245224237442,False
residual,14,16,4,0.9891338795423508,0.9864505529403687,0.14572806283831596,0.16337762773036957,False
residual,14,17,4,0.9873740971088409,0.9830135107040405,0.15769534185528755,0.18795152008533478,False
residual,14,18,4,0.9822411388158798,0.9755766987800598,0.19136936962604523,0.232100710272789,False
residual,14,19,4,0.9336322546005249,0.9211642742156982,0.361898697912693,0.38944870233535767,False
residual,15,1,4,0.9997043907642365,0.9996041059494019,0.02921489207074046,0.03366591036319733,True
residual,15,2,4,0.999620646238327,0.9994741678237915,0.030009785667061806,0.03499958664178848,True
residual,15,3,4,0.9995390772819519,0.9993165731430054,0.03258599666878581,0.03985854610800743,True
residual,15,4,4,0.999332532286644,0.9988232851028442,0.037264593411237,0.052626658231019974,True
residual,15,5,4,0.9991540908813477,0.9986236095428467,0.04155373014509678,0.054977577179670334,True
residual,15,6,4,0.9990198612213135,0.9983456134796143,0.04760276712477207,0.0614270381629467,True
residual,15,7,4,0.9982358813285828,0.9977871179580688,0.06240196339786053,0.07072260230779648,True
residual,15,8,4,0.9963872730731964,0.9952980875968933,0.09090154804289341,0.10484308004379272,False
residual,15,9,4,0.9964349716901779,0.9925265312194824,0.08525606151670218,0.13110072910785675,False
residual,15,10,4,0.9977710843086243,0.9972240924835205,0.07128445524722338,0.08100149035453796,True
residual,15,11,4,0.99734927713871,0.9947775602340698,0.07538119703531265,0.10786572843790054,False
residual,15,12,4,0.9982372373342514,0.9967920184135437,0.06300611235201359,0.08386131376028061,True
residual,15,13,4,0.9980527311563492,0.9955224394798279,0.06505847815424204,0.10381084680557251,False
residual,15,14,4,0.998878687620163,0.9983720779418945,0.053270707838237286,0.06652137637138367,True
residual,15,15,4,0.9987217336893082,0.9981980323791504,0.06375071778893471,0.07447101175785065,True
residual,15,16,4,0.9987719506025314,0.9986424446105957,0.06813295558094978,0.07157684862613678,True
residual,15,17,4,0.9986373037099838,0.9983852505683899,0.08220081962645054,0.08390235900878906,True
residual,15,18,4,0.9981338828802109,0.9978853464126587,0.1205802708864212,0.1252993941307068,False
residual,15,19,4,0.9926420897245407,0.9908379316329956,0.21193042770028114,0.23286840319633484,False
residual,16,1,4,0.9941791892051697,0.9918973445892334,0.10847806558012962,0.1274872124195099,False
residual,16,2,4,0.9912371337413788,0.9879711866378784,0.13359370455145836,0.15695951879024506,False
residual,16,3,4,0.9888140112161636,0.9828235507011414,0.15094862319529057,0.18859341740608215,False
residual,16,4,4,0.98349429666996,0.9707974195480347,0.1760979052633047,0.2430533468723297,False
residual,16,5,4,0.9775741547346115,0.963572084903717,0.20407173782587051,0.2665817439556122,False
residual,16,6,4,0.9772666841745377,0.9665330648422241,0.2138141766190529,0.26071950793266296,False
residual,16,7,4,0.9556031078100204,0.9396626949310303,0.2987539954483509,0.36275559663772583,False
residual,16,8,4,0.9220150858163834,0.9018963575363159,0.3906538262963295,0.4505155384540558,False
residual,16,9,4,0.9313036054372787,0.8649911284446716,0.3392421714961529,0.49816522002220154,False
residual,16,10,4,0.9663523584604263,0.9558255076408386,0.2539658397436142,0.2761673331260681,False
residual,16,11,4,0.9613167345523834,0.9274866580963135,0.25173502787947655,0.336334764957428,False
residual,16,12,4,0.9758539944887161,0.9558849334716797,0.2118823006749153,0.28878065943717957,False
residual,16,13,4,0.9743682593107224,0.9431639313697815,0.21331681683659554,0.3325028419494629,False
residual,16,14,4,0.9848626852035522,0.9799286127090454,0.16985122486948967,0.19127777218818665,False
residual,16,15,4,0.9817336201667786,0.9761101007461548,0.18469934538006783,0.2001468390226364,False
residual,16,16,4,0.9827919751405716,0.9822778701782227,0.18067150190472603,0.18347454071044922,False
residual,16,17,4,0.9801274240016937,0.9781801700592041,0.19443730264902115,0.20196956396102905,False
residual,16,18,4,0.9701763540506363,0.9671241641044617,0.23959389328956604,0.24510450661182404,False
residual,16,19,4,0.8796908855438232,0.8600810766220093,0.4775073900818825,0.5133243799209595,False
residual,17,1,4,0.9958587437868118,0.9951523542404175,0.09504541009664536,0.10224998742341995,False
residual,17,2,4,0.9953019320964813,0.9940191507339478,0.1031460389494896,0.11531008780002594,False
residual,17,3,4,0.995224729180336,0.9928721189498901,0.10420458950102329,0.12744665145874023,False
residual,17,4,4,0.9928193837404251,0.9875661134719849,0.11814192868769169,0.15835534036159515,False
residual,17,5,4,0.9897553771734238,0.9837085008621216,0.1436671707779169,0.18179301917552948,False
residual,17,6,4,0.988774910569191,0.9805610179901123,0.15334361419081688,0.20064526796340942,False
residual,17,7,4,0.9820606857538223,0.9758181571960449,0.19623250141739845,0.22752681374549866,False
residual,17,8,4,0.9622797518968582,0.9460675716400146,0.2754438705742359,0.34012800455093384,False
residual,17,9,4,0.9718848764896393,0.9462435245513916,0.23304865136742592,0.33369120955467224,False
residual,17,10,4,0.9803542345762253,0.9768956303596497,0.20141511037945747,0.21709011495113373,False
residual,17,11,4,0.979300394654274,0.9664345979690552,0.19886310398578644,0.25693437457084656,False
residual,17,12,4,0.9847501218318939,0.9754453897476196,0.17435166984796524,0.23110070824623108,False
residual,17,13,4,0.9836452305316925,0.9668349623680115,0.17638149112462997,0.2659883201122284,False
residual,17,14,4,0.9894140362739563,0.9847159385681152,0.14736333675682545,0.18634933233261108,False
residual,17,15,4,0.9894697368144989,0.9885944128036499,0.14772337302565575,0.1579461395740509,False
residual,17,16,4,0.9895656853914261,0.9885717630386353,0.1484547220170498,0.15249663591384888,False
residual,17,17,4,0.9885848611593246,0.9868826866149902,0.15649563446640968,0.1640128195285797,False
residual,17,18,4,0.9834928661584854,0.9827975034713745,0.19335999339818954,0.2021893858909607,False
residual,17,19,4,0.9397468864917755,0.9276972413063049,0.3442566692829132,0.37372735142707825,False
residual,18,1,4,0.9999336749315262,0.9999043345451355,0.017598587088286877,0.018552139401435852,True
residual,18,2,4,0.9998593330383301,0.9998005628585815,0.020657455548644066,0.022888369858264923,True
residual,18,3,4,0.9997711330652237,0.9996484518051147,0.025334747973829508,0.029749589040875435,True
residual,18,4,4,0.999665766954422,0.9994825124740601,0.027838395908474922,0.034738946706056595,True
residual,18,5,4,0.999311625957489,0.9991654753684998,0.037477705627679825,0.041679710149765015,True
residual,18,6,4,0.9991809278726578,0.9989501237869263,0.04158684518188238,0.04712457209825516,True
residual,18,7,4,0.999001756310463,0.9987767934799194,0.04590817540884018,0.04961448907852173,True
residual,18,8,4,0.9980666190385818,0.9972796440124512,0.06294670514762402,0.07576915621757507,True
residual,18,9,4,0.9979220330715179,0.9957495927810669,0.06487142667174339,0.0953555554151535,True
residual,18,10,4,0.9989775866270065,0.9987436532974243,0.052717288956046104,0.05770391970872879,True
residual,18,11,4,0.998903900384903,0.9981403946876526,0.05865882057696581,0.06876249611377716,True
residual,18,12,4,0.9991951584815979,0.9986369609832764,0.05562972277402878,0.06412146985530853,True
residual,18,13,4,0.9991364181041718,0.9981953501701355,0.060583013109862804,0.0727766752243042,True
residual,18,14,4,0.9995042681694031,0.9993337392807007,0.05559325963258743,0.059381213039159775,True
residual,18,15,4,0.9995113462209702,0.9994513988494873,0.0722809974104166,0.07391373813152313,True
residual,18,16,4,0.9995446354150772,0.9994674324989319,0.07868310809135437,0.0809570699930191,True
residual,18,17,4,0.999498039484024,0.9994004368782043,0.09713754989206791,0.09998460859060287,True
residual,18,18,4,0.9992579817771912,0.9991743564605713,0.13865169510245323,0.1423596292734146,False
residual,18,19,4,0.9966921210289001,0.9958837032318115,0.20549573749303818,0.21670740842819214,False
residual,19,1,4,0.9822158962488174,0.9809364080429077,0.20008817315101624,0.20674176514148712,False
residual,19,2,4,0.9581946581602097,0.956142783164978,0.287000447511673,0.29376891255378723,False
residual,19,3,4,0.9681118726730347,0.9663935899734497,0.2535461112856865,0.25718265771865845,False
residual,19,4,4,0.9754828065633774,0.9656202793121338,0.2321186326444149,0.2629244029521942,False
residual,19,5,4,0.9735699892044067,0.9661670327186584,0.25961726158857346,0.2725323438644409,False
residual,19,6,4,0.9814425408840179,0.9693284034729004,0.23065194115042686,0.26378193497657776,False
residual,19,7,4,0.9754387587308884,0.964307427406311,0.22149277850985527,0.2706606686115265,False
residual,19,8,4,0.9471450448036194,0.9161702394485474,0.31494715064764023,0.4192177355289459,False
residual,19,9,4,0.9463445097208023,0.880814254283905,0.29611220210790634,0.48932892084121704,False
residual,19,10,4,0.973634883761406,0.9657513499259949,0.22783950343728065,0.27214616537094116,False
residual,19,11,4,0.97635817527771,0.9583387970924377,0.21450820192694664,0.28433406352996826,False
residual,19,12,4,0.9825120270252228,0.9673132300376892,0.17629284039139748,0.24693137407302856,False
residual,19,13,4,0.9799393117427826,0.9560808539390564,0.18209275603294373,0.28160592913627625,False
residual,19,14,4,0.9865555465221405,0.9809023141860962,0.15816260129213333,0.1875622421503067,False
residual,19,15,4,0.988848477602005,0.9856386780738831,0.14728232100605965,0.1703527420759201,False
residual,19,16,4,0.9886435270309448,0.9872608780860901,0.15017880499362946,0.1612142026424408,False
residual,19,17,4,0.9866709113121033,0.9835256338119507,0.16365980729460716,0.18179818987846375,False
residual,19,18,4,0.9800152480602264,0.9736658930778503,0.2029658816754818,0.23388175666332245,False
residual,19,19,4,0.9057375341653824,0.8834241628646851,0.42225199937820435,0.45389530062675476,False
residual,20,1,4,0.9946919679641724,0.9933968782424927,0.11326384916901588,0.12703272700309753,False
residual,20,2,4,0.9877520799636841,0.9849522709846497,0.16152886301279068,0.17937405407428741,False
residual,20,3,4,0.9871076792478561,0.9836639761924744,0.15940584242343903,0.17934444546699524,False
residual,20,4,4,0.9865443855524063,0.9817483425140381,0.16227112151682377,0.19258840382099152,False
residual,20,5,4,0.983845517039299,0.9792636632919312,0.19337308034300804,0.22554023563861847,False
residual,20,6,4,0.9884505569934845,0.9823809862136841,0.17389607056975365,0.22022145986557007,False
residual,20,7,4,0.9863234460353851,0.9818028211593628,0.18151888251304626,0.21187330782413483,False
residual,20,8,4,0.9738182872533798,0.9627525806427002,0.2369597889482975,0.29030779004096985,False
residual,20,9,4,0.9748247414827347,0.9480385184288025,0.21726290881633759,0.3277639150619507,False
residual,20,10,4,0.9828421920537949,0.97691410779953,0.18731308355927467,0.21708138287067413,False
residual,20,11,4,0.9782051146030426,0.9501926898956299,0.19453924894332886,0.30266058444976807,False
residual,20,12,4,0.985578790307045,0.9734735488891602,0.16793657839298248,0.23835787177085876,False
residual,20,13,4,0.9846901744604111,0.9676401615142822,0.1728655770421028,0.2690292298793793,False
residual,20,14,4,0.9905173927545547,0.9871547222137451,0.14160892367362976,0.16791118681430817,False
residual,20,15,4,0.990945890545845,0.9894794821739197,0.14022135362029076,0.14994698762893677,False
residual,20,16,4,0.9910479784011841,0.9894602298736572,0.14163339138031006,0.14778319001197815,False
residual,20,17,4,0.9904236644506454,0.9887261390686035,0.15045883134007454,0.16161227226257324,False
residual,20,18,4,0.986028403043747,0.983150839805603,0.18726079165935516,0.20470373332500458,False
residual,20,19,4,0.9243451654911041,0.8889918923377991,0.38036829978227615,0.4526156485080719,False
residual,21,1,4,0.9994961470365524,0.9993413686752319,0.033341649919748306,0.038367416709661484,True
residual,21,2,4,0.9992009252309799,0.9988352656364441,0.04200903233140707,0.05076752230525017,True
residual,21,3,4,0.998817965388298,0.9977598190307617,0.05170288868248463,0.07244430482387543,True
residual,21,4,4,0.9976638406515121,0.9947012662887573,0.06903389189392328,0.11240013688802719,False
residual,21,5,4,0.9958834201097488,0.9939455986022949,0.09004944749176502,0.11354707926511765,False
residual,21,6,4,0.9944565743207932,0.9905633330345154,0.10563304275274277,0.1434096097946167,False
residual,21,7,4,0.9923172295093536,0.9875426292419434,0.1260034628212452,0.16294117271900177,False
residual,21,8,4,0.9891844838857651,0.9803946614265442,0.15418677404522896,0.21378624439239502,False
residual,21,9,4,0.9909861534833908,0.9841964244842529,0.14065858535468578,0.18934518098831177,False
residual,21,10,4,0.9926002770662308,0.9896894693374634,0.13285409472882748,0.1574501097202301,False
residual,21,11,4,0.9927780777215958,0.9890145063400269,0.1277657449245453,0.15983152389526367,False
residual,21,12,4,0.9938250482082367,0.9910115003585815,0.11973422579467297,0.1432073563337326,False
residual,21,13,4,0.99367456138134,0.9891308546066284,0.1211363635957241,0.15912789106369019,False
residual,21,14,4,0.9956313520669937,0.9925133585929871,0.10317055322229862,0.13349241018295288,False
residual,21,15,4,0.9962222874164581,0.9954407215118408,0.10330193862318993,0.11152797192335129,False
residual,21,16,4,0.995891347527504,0.9953641891479492,0.10803684033453465,0.1136656105518341,False
residual,21,17,4,0.9954608231782913,0.994894802570343,0.11739675141870975,0.12157514691352844,False
residual,21,18,4,0.9938488006591797,0.9933383464813232,0.14732950925827026,0.14943411946296692,False
residual,21,19,4,0.9743507206439972,0.9684118628501892,0.23431777581572533,0.2564154863357544,False
residual,22,1,4,0.9996356517076492,0.9995982646942139,0.029351002536714077,0.030208274722099304,True
residual,22,2,4,0.9993939846754074,0.9993613362312317,0.03949550073593855,0.04000282287597656,True
residual,22,3,4,0.9994302093982697,0.9994133710861206,0.0377057446166873,0.038115181028842926,True
residual,22,4,4,0.9994575083255768,0.9992469549179077,0.03612938616424799,0.041617777198553085,True
residual,22,5,4,0.9989991188049316,0.9988574981689453,0.055786351673305035,0.06286158412694931,True
residual,22,6,4,0.9989500939846039,0.9987200498580933,0.05712507106363773,0.0662228912115097,True
residual,22,7,4,0.998956024646759,0.9981942176818848,0.053076405078172684,0.06188981980085373,True
residual,22,8,4,0.9974784106016159,0.9952507019042969,0.07161377277225256,0.10077205300331116,False
residual,22,9,4,0.9974000453948975,0.9929597973823547,0.07118930295109749,0.11877305805683136,False
residual,22,10,4,0.9982255846261978,0.9970704913139343,0.06355947535485029,0.07604359835386276,True
residual,22,11,4,0.9983694553375244,0.9969116449356079,0.06135888397693634,0.08320549130439758,True
residual,22,12,4,0.9989663511514664,0.9982500076293945,0.05292333755642176,0.06582499295473099,True
residual,22,13,4,0.9985857307910919,0.9967176914215088,0.05867999419569969,0.08550587296485901,True
residual,22,14,4,0.9990501999855042,0.9987478852272034,0.04964165389537811,0.05677749216556549,True
residual,22,15,4,0.9992800354957581,0.999163031578064,0.052836112678050995,0.05694890394806862,True
residual,22,16,4,0.9992596656084061,0.9991829991340637,0.05374835059046745,0.057264987379312515,True
residual,22,17,4,0.9991034269332886,0.9989702105522156,0.06182967033237219,0.064072385430336,True
residual,22,18,4,0.9987126588821411,0.9985201358795166,0.08279551938176155,0.0862046405673027,True
residual,22,19,4,0.9863863587379456,0.9844624400138855,0.17861831188201904,0.18675635755062103,False
residual,23,1,4,0.9969058781862259,0.9964664578437805,0.10468016564846039,0.11070655286312103,False
residual,23,2,4,0.9919243305921555,0.9910750985145569,0.14831805974245071,0.15580780804157257,False
residual,23,3,4,0.9921330511569977,0.9901298880577087,0.13075599074363708,0.1469542235136032,False
residual,23,4,4,0.9917745590209961,0.9868167638778687,0.12533125653862953,0.16363663971424103,False
residual,23,5,4,0.9892203956842422,0.9856822490692139,0.14595868065953255,0.17234423756599426,False
residual,23,6,4,0.9898200929164886,0.9845690727233887,0.1504702866077423,0.1953718662261963,False
residual,23,7,4,0.98653544485569,0.9823362231254578,0.17172357067465782,0.20838971436023712,False
residual,23,8,4,0.9766195863485336,0.9662020802497864,0.22953689470887184,0.2900333106517792,False
residual,23,9,4,0.9784600287675858,0.955093502998352,0.20939032174646854,0.328518807888031,False
residual,23,10,4,0.9836535751819611,0.9773275852203369,0.19634129479527473,0.22737494111061096,False
residual,23,11,4,0.9816630780696869,0.9605356454849243,0.19238965958356857,0.2846086323261261,False
residual,23,12,4,0.9871837198734283,0.9768613576889038,0.16324545070528984,0.2207878828048706,False
residual,23,13,4,0.9843200296163559,0.9664044380187988,0.1779039278626442,0.27254629135131836,False
residual,23,14,4,0.9898104071617126,0.9870254993438721,0.15288397297263145,0.1725771427154541,False
residual,23,15,4,0.9891334474086761,0.986512303352356,0.15370990708470345,0.16607744991779327,False
residual,23,16,4,0.9883684664964676,0.9851168990135193,0.15917488187551498,0.16691701114177704,False
residual,23,17,4,0.9857625216245651,0.983156681060791,0.17560559138655663,0.19077083468437195,False
residual,23,18,4,0.9751430749893188,0.9699798226356506,0.22588396817445755,0.2487998753786087,False
residual,23,19,4,0.8582282960414886,0.8461735844612122,0.5092080608010292,0.5251694917678833,False
residual,24,1,4,0.9904722720384598,0.9900720715522766,0.1772889494895935,0.18804064393043518,False
residual,24,2,4,0.9745876789093018,0.9732218980789185,0.24879509210586548,0.2646268606185913,False
residual,24,3,4,0.9771977216005325,0.9747111201286316,0.21406281739473343,0.22498448193073273,False
residual,24,4,4,0.9778012782335281,0.9670886397361755,0.21427811309695244,0.27667272090911865,False
residual,24,5,4,0.9745408147573471,0.9706621766090393,0.2311525084078312,0.2605517506599426,False
residual,24,6,4,0.978715717792511,0.971138596534729,0.22223353013396263,0.27028560638427734,False
residual,24,7,4,0.9709662646055222,0.9549815654754639,0.2454756423830986,0.30299949645996094,False
residual,24,8,4,0.9491491764783859,0.9191632866859436,0.3220951296389103,0.4274258315563202,False
residual,24,9,4,0.9482934474945068,0.8819849491119385,0.29909219592809677,0.4918671250343323,False
residual,24,10,4,0.9680919498205185,0.9518837332725525,0.2708425782620907,0.33628156781196594,False
residual,24,11,4,0.9642873853445053,0.9163818359375,0.24912622570991516,0.3799838423728943,False
residual,24,12,4,0.9757615476846695,0.9545944333076477,0.21086519956588745,0.31428107619285583,False
residual,24,13,4,0.9698572158813477,0.9309656023979187,0.22992032766342163,0.3935893774032593,False
residual,24,14,4,0.9800072908401489,0.9700096845626831,0.1943429447710514,0.25370630621910095,False
residual,24,15,4,0.9795554280281067,0.9736957550048828,0.18786834925413132,0.2235073745250702,False
residual,24,16,4,0.9790457636117935,0.9746552109718323,0.1909191869199276,0.21815569698810577,False
residual,24,17,4,0.9758294075727463,0.969762921333313,0.205385223031044,0.24361488223075867,False
residual,24,18,4,0.9594349265098572,0.9506744146347046,0.2640749514102936,0.30706921219825745,False
residual,24,19,4,0.7046037167310715,0.6962032318115234,0.6756498366594315,0.6901285648345947,False
residual,25,1,4,0.986193522810936,0.9846559762954712,0.2065756767988205,0.21086925268173218,False
residual,25,2,4,0.9875771254301071,0.9849900007247925,0.2095024138689041,0.21393094956874847,False
residual,25,3,4,0.9945261627435684,0.9887874722480774,0.10892551206052303,0.14488333463668823,False
residual,25,4,4,0.9877477288246155,0.9724016785621643,0.14971410110592842,0.2500579357147217,False
residual,25,5,4,0.9893149733543396,0.9811490774154663,0.1510898694396019,0.20701397955417633,False
residual,25,6,4,0.9889277368783951,0.9809390902519226,0.14445954002439976,0.19129686057567596,False
residual,25,7,4,0.985606461763382,0.9763309955596924,0.16416482627391815,0.20270778238773346,False
residual,25,8,4,0.9653540402650833,0.9349415898323059,0.23226779699325562,0.3225131630897522,False
residual,25,9,4,0.9675786048173904,0.9174613952636719,0.22248147428035736,0.3774087727069855,False
residual,25,10,4,0.9736175686120987,0.9523087739944458,0.20104943588376045,0.2652628719806671,False
residual,25,11,4,0.9795823991298676,0.9679490327835083,0.1857808642089367,0.23936957120895386,False
residual,25,12,4,0.9853419214487076,0.9805986285209656,0.157781433314085,0.1855940967798233,False
residual,25,13,4,0.9825499653816223,0.9697151184082031,0.17073438316583633,0.22254276275634766,False
residual,25,14,4,0.98514823615551,0.9797390699386597,0.1618206799030304,0.18340730667114258,False
residual,25,15,4,0.9869712144136429,0.9849936366081238,0.1557609885931015,0.16807344555854797,False
residual,25,16,4,0.986074835062027,0.9844762086868286,0.16291556507349014,0.1689801961183548,False
residual,25,17,4,0.9822452366352081,0.9788025617599487,0.18501922488212585,0.2033437043428421,False
residual,25,18,4,0.9682081639766693,0.9614142179489136,0.2516666613519192,0.2794860601425171,False
residual,25,19,4,-0.08726660627871752,-0.1586630940437317,1.0659302175045013,1.0810261964797974,False
residual,26,1,4,0.9991639107465744,0.9990209937095642,0.047665382735431194,0.05116363987326622,True
residual,26,2,4,0.9983778595924377,0.9980357885360718,0.059095799922943115,0.06475910544395447,True
residual,26,3,4,0.998664915561676,0.9977561831474304,0.05189461447298527,0.06819276511669159,True
residual,26,4,4,0.997795581817627,0.9956551194190979,0.06816334743052721,0.0993833914399147,True
residual,26,5,4,0.9981028884649277,0.9971360564231873,0.06159193255007267,0.07680027931928635,True
residual,26,6,4,0.9981196224689484,0.9971662759780884,0.06520292721688747,0.08175835758447647,True
residual,26,7,4,0.9974899142980576,0.9964573383331299,0.07183572370558977,0.08528222888708115,True
residual,26,8,4,0.9946241974830627,0.9899400472640991,0.10118711926043034,0.1465277373790741,False
residual,26,9,4,0.995523527264595,0.9900327324867249,0.09131794609129429,0.14411483705043793,False
residual,26,10,4,0.9956064373254776,0.9935534000396729,0.0937012080103159,0.11628568172454834,False
residual,26,11,4,0.9953743815422058,0.9929734468460083,0.09562434069812298,0.12135371565818787,False
residual,26,12,4,0.9965509921312332,0.9951566457748413,0.08358827605843544,0.10144224017858505,False
residual,26,13,4,0.9955602437257767,0.992464542388916,0.09341313131153584,0.12159913033246994,False
residual,26,14,4,0.9960817843675613,0.9947080612182617,0.08835119754076004,0.1064206063747406,False
residual,26,15,4,0.9963207542896271,0.9956221580505371,0.08659256994724274,0.09798181802034378,True
residual,26,16,4,0.9960534274578094,0.9954499006271362,0.09011583402752876,0.10080131143331528,False
residual,26,17,4,0.9951049983501434,0.9947885274887085,0.10121392644941807,0.10507792234420776,False
residual,26,18,4,0.9903717935085297,0.9900515675544739,0.14092912524938583,0.14359675347805023,False
residual,26,19,4,0.24100209027528763,0.13717272877693176,1.1182713210582733,1.1919411420822144,False
residual,27,1,4,0.999834269285202,0.9998013973236084,0.018657664768397808,0.02039623074233532,True
residual,27,2,4,0.9998556077480316,0.9998413920402527,0.018881257623434067,0.019656913354992867,True
residual,27,3,4,0.9999597072601318,0.9999343156814575,0.01546107092872262,0.01767183281481266,True
residual,27,4,4,0.9998341202735901,0.9997610449790955,0.020445654867216945,0.025191254913806915,True
residual,27,5,4,0.9992117881774902,0.9988213777542114,0.048962184228003025,0.05508025735616684,True
residual,27,6,4,0.9993109405040741,0.99875807762146,0.03941777627915144,0.05169215425848961,True
residual,27,7,4,0.997687354683876,0.9970908761024475,0.07919166795909405,0.08660594373941422,True
residual,27,8,4,0.9961331933736801,0.9953795075416565,0.10061132535338402,0.1080179512500763,False
residual,27,9,4,0.9952448159456253,0.9944156408309937,0.10240245796740055,0.108590267598629,False
residual,27,10,4,0.9953364133834839,0.9949480295181274,0.0989334974437952,0.10269643366336823,False
residual,27,11,4,0.9957450330257416,0.9952782392501831,0.0930080022662878,0.09879681468009949,True
residual,27,12,4,0.9965487122535706,0.9960570335388184,0.08390810340642929,0.09022155404090881,True
residual,27,13,4,0.9971986711025238,0.9969620704650879,0.07823432050645351,0.081934355199337,True
residual,27,14,4,0.9979030936956406,0.9977161884307861,0.07094407640397549,0.073869489133358,True
residual,27,15,4,0.9979831576347351,0.997733473777771,0.07290598191320896,0.07688435912132263,True
residual,27,16,4,0.998601496219635,0.9984632730484009,0.06649166531860828,0.06977889686822891,True
residual,27,17,4,0.9986814707517624,0.9985064268112183,0.06901298277080059,0.07059478759765625,True
residual,27,18,4,0.9915763139724731,0.9860926866531372,0.13907588087022305,0.17329250276088715,False
residual,27,19,4,0.17826465517282486,0.11023382842540741,0.9944474101066589,0.9980987906455994,False
