index,timestep,refresh,age,lambda_value,delta_lambda,lambda_distance,conv_previous,conv_cache,noise_error,guided_noise_error,boundary_error,boundary_uncond_error,boundary_cond_error,mid_error,mid_uncond_error,mid_cond_error,case,prompt_id,seed
0,999,True,0,-2.6820242404937744,0.0,0.0,0.0,0.0,0.0,0.0,0.0,0.0,0.0,0.0,0.0,0.0,portrait_101,portrait,101
1,949,False,1,-2.3891515731811523,0.29287266731262207,0.29287266731262207,0.040193624794483185,0.040193624794483185,0.006072300020605326,0.039779625833034515,0.10528232902288437,0.09734437614679337,0.11310914158821106,0.385252445936203,0.42042791843414307,0.355200856924057,portrait_101,portrait,101
2,899,False,2,-2.116593599319458,0.27255797386169434,0.5654306411743164,0.07331649959087372,0.1110411211848259,0.020415635779500008,0.08110732585191727,0.2820061147212982,0.30085334181785583,0.2634655833244324,0.818255603313446,0.9259617328643799,0.7205406427383423,portrait_101,portrait,101
3,849,False,3,-1.8629876375198364,0.2536059617996216,0.819036602973938,0.07094042748212814,0.16258765757083893,0.03280486539006233,0.11146029084920883,0.3853030204772949,0.38468047976493835,0.38590359687805176,0.937995433807373,1.0277013778686523,0.8628530502319336,portrait_101,portrait,101
4,799,False,4,-1.6268385648727417,0.23614907264709473,1.0551856756210327,0.10663224011659622,0.26202085614204407,0.05434853956103325,0.09452133625745773,0.5188251733779907,0.544055163860321,0.4937131106853485,1.1147834062576294,1.2195147275924683,1.0090429782867432,portrait_101,portrait,101
5,749,True,0,-1.406521201133728,0.22031736373901367,0.0,0.056603070348501205,0.0,0.0,0.0,0.0,0.0,0.0,0.0,0.0,0.0,portrait_101,portrait,101
6,699,False,1,-1.200291395187378,0.2062298059463501,0.2062298059463501,0.06956260651350021,0.06956260651350021,0.012345358729362488,0.03641432523727417,0.12686139345169067,0.1323077231645584,0.12146256119012833,0.25063684582710266,0.29688185453414917,0.20480448007583618,portrait_101,portrait,101
7,649,False,2,-1.006303310394287,0.19398808479309082,0.4002178907394409,0.073826864361763,0.144389346241951,0.026654811576008797,0.05432563275098801,0.23622938990592957,0.24657799303531647,0.22595523297786713,0.42215919494628906,0.48768988251686096,0.35718098282814026,portrait_101,portrait,101
8,599,False,3,-0.8226233124732971,0.18367999792099,0.5838978886604309,0.07517863065004349,0.22214338183403015,0.03929116576910019,0.06988975405693054,0.3172686696052551,0.3294767439365387,0.30512553453445435,0.5229772329330444,0.5957987308502197,0.4507324695587158,portrait_101,portrait,101
9,549,False,4,-0.6472349762916565,0.17538833618164062,0.7592862248420715,0.07581879943609238,0.30395638942718506,0.052958037704229355,0.0868920311331749,0.38689789175987244,0.39965635538101196,0.37419191002845764,0.5936803817749023,0.6688357591629028,0.5189840793609619,portrait_101,portrait,101
10,500,True,0,-0.4813636541366577,0.16587132215499878,0.0,0.07428149878978729,0.0,0.0,0.0,0.0,0.0,0.0,0.0,0.0,0.0,portrait_101,portrait,101
11,450,False,1,-0.31602802872657776,0.16533562541007996,0.16533562541007996,0.07436737418174744,0.07436737418174744,0.01634236052632332,0.024366462603211403,0.09404528886079788,0.09525562822818756,0.09283892065286636,0.10756116360425949,0.11562735587358475,0.09952880442142487,portrait_101,portrait,101
12,400,False,2,-0.15219885110855103,0.16382917761802673,0.3291648030281067,0.07157222181558609,0.1488071233034134,0.03906876593828201,0.05689717084169388,0.19320820271968842,0.19466833770275116,0.1917535662651062,0.21149131655693054,0.2247994989156723,0.1982477903366089,portrait_101,portrait,101
13,350,False,3,0.012974858283996582,0.1651737093925476,0.4943385124206543,0.0677701011300087,0.22203145921230316,0.06774768233299255,0.0873706191778183,0.291343629360199,0.29481422901153564,0.287885457277298,0.30911147594451904,0.32568904757499695,0.2926388084888458,portrait_101,portrait,101
14,300,False,4,0.1830180287361145,0.17004317045211792,0.6643816828727722,0.06358334422111511,0.2932063043117523,0.10077638179063797,0.1227540373802185,0.3808443546295166,0.38519057631492615,0.3765140175819397,0.39609473943710327,0.4159221947193146,0.3764287829399109,portrait_101,portrait,101
15,250,True,0,0.36269381642341614,0.17967578768730164,0.0,0.058542508631944656,0.0,0.0,0.0,0.0,0.0,0.0,0.0,0.0,0.0,portrait_101,portrait,101
16,200,False,1,0.5591998100280762,0.19650599360466003,0.19650599360466003,0.05335718393325806,0.05335718393325806,0.04191688448190689,0.04658123478293419,0.12111160904169083,0.12248493731021881,0.11974285542964935,0.11303528398275375,0.1161886602640152,0.10990030318498611,portrait_101,portrait,101
17,150,False,2,0.7850973606109619,0.22589755058288574,0.4224035441875458,0.048390693962574005,0.10310472548007965,0.0981191024184227,0.10243243724107742,0.24662363529205322,0.24886001646518707,0.24439415335655212,0.21689443290233612,0.22164836525917053,0.21214662492275238,portrait_101,portrait,101
18,100,False,3,1.0673118829727173,0.28221452236175537,0.7046180665493011,0.044222600758075714,0.14947693049907684,0.17208455502986908,0.17865170538425446,0.37615108489990234,0.37875115871429443,0.3735579550266266,0.3112603425979614,0.31697937846183777,0.3055262267589569,portrait_101,portrait,101
19,50,False,4,1.4890689849853516,0.4217571020126343,1.1263751685619354,0.04164619371294975,0.19340290129184723,0.2875334322452545,0.3130981922149658,0.52176833152771,0.5241326093673706,0.5194095969200134,0.3999834954738617,0.40641966462135315,0.3935280740261078,portrait_101,portrait,101
0,999,True,0,-2.6820242404937744,0.0,0.0,0.0,0.0,0.0,0.0,0.0,0.0,0.0,0.0,0.0,0.0,portrait_202,portrait,202
1,949,False,1,-2.3891515731811523,0.29287266731262207,0.29287266731262207,0.036605581641197205,0.036605581641197205,0.006609895266592503,0.06081409752368927,0.1040787547826767,0.09069455415010452,0.11744111031293869,0.3223594129085541,0.31929370760917664,0.3251233994960785,portrait_202,portrait,202
2,899,False,2,-2.116593599319458,0.27255797386169434,0.5654306411743164,0.08904306590557098,0.11917653679847717,0.03658793121576309,0.0878773108124733,0.3509242534637451,0.3795529305934906,0.3224285840988159,1.0345287322998047,1.1827006340026855,0.8982922434806824,portrait_202,portrait,202
3,849,False,3,-1.8629876375198364,0.2536059617996216,0.819036602973938,0.0678820088505745,0.1557418704032898,0.046778786927461624,0.1085200160741806,0.4026641547679901,0.4142471253871918,0.3912360966205597,1.0635651350021362,1.1743768453598022,0.967716634273529,portrait_202,portrait,202
4,799,False,4,-1.6268385648727417,0.23614907264709473,1.0551856756210327,0.08728474378585815,0.232077494263649,0.0659860298037529,0.08988285809755325,0.5096887350082397,0.5217251777648926,0.49775680899620056,1.1768162250518799,1.277980923652649,1.0810344219207764,portrait_202,portrait,202
5,749,True,0,-1.406521201133728,0.22031736373901367,0.0,0.07082570344209671,0.0,0.0,0.0,0.0,0.0,0.0,0.0,0.0,0.0,portrait_202,portrait,202
6,699,False,1,-1.200291395187378,0.2062298059463501,0.2062298059463501,0.07768972963094711,0.07768972963094711,0.013563835062086582,0.04539749026298523,0.156720370054245,0.17382705211639404,0.13966460525989532,0.22653134167194366,0.28067290782928467,0.17314331233501434,portrait_202,portrait,202
7,649,False,2,-1.006303310394287,0.19398808479309082,0.4002178907394409,0.0784960612654686,0.15565520524978638,0.026803212240338326,0.06306948512792587,0.2680201530456543,0.27785012125968933,0.2582147419452667,0.3468792140483856,0.41006436944007874,0.28367581963539124,portrait_202,portrait,202
8,599,False,3,-0.8226233124732971,0.18367999792099,0.5838978886604309,0.08180323243141174,0.24103546142578125,0.04564306512475014,0.0853855237364769,0.36851173639297485,0.3780509829521179,0.35900139808654785,0.48695138096809387,0.5653561949729919,0.4089392125606537,portrait_202,portrait,202
9,549,False,4,-0.6472349762916565,0.17538833618164062,0.7592862248420715,0.08228851109743118,0.3301515281200409,0.062393900007009506,0.10322680324316025,0.4483841359615326,0.45555537939071655,0.441233366727829,0.5773313045501709,0.653984546661377,0.5013570189476013,portrait_202,portrait,202
10,500,True,0,-0.4813636541366577,0.16587132215499878,0.0,0.07935092598199844,0.0,0.0,0.0,0.0,0.0,0.0,0.0,0.0,0.0,portrait_202,portrait,202
11,450,False,1,-0.31602802872657776,0.16533562541007996,0.16533562541007996,0.0786486566066742,0.0786486566066742,0.02343408763408661,0.03837921470403671,0.13181139528751373,0.13597403466701508,0.12766140699386597,0.13883909583091736,0.14713481068611145,0.1306229829788208,portrait_202,portrait,202
12,400,False,2,-0.15219885110855103,0.16382917761802673,0.3291648030281067,0.07505227625370026,0.15708495676517487,0.05388004332780838,0.07528825849294662,0.24696776270866394,0.2520623505115509,0.24189354479312897,0.26766249537467957,0.2822195589542389,0.25319984555244446,portrait_202,portrait,202
13,350,False,3,0.012974858283996582,0.1651737093925476,0.4943385124206543,0.07039236277341843,0.23385043442249298,0.08789227902889252,0.11404504626989365,0.3471658229827881,0.35258498787879944,0.3417694568634033,0.3681788444519043,0.38730689883232117,0.34914538264274597,portrait_202,portrait,202
14,300,False,4,0.1830180287361145,0.17004317045211792,0.6643816828727722,0.06525973230600357,0.30782490968704224,0.12688392400741577,0.15004697442054749,0.43822991847991943,0.44418224692344666,0.43230172991752625,0.46642112731933594,0.4885652959346771,0.4443724751472473,portrait_202,portrait,202
15,250,True,0,0.36269381642341614,0.17967578768730164,0.0,0.05983171984553337,0.0,0.0,0.0,0.0,0.0,0.0,0.0,0.0,0.0,portrait_202,portrait,202
16,200,False,1,0.5591998100280762,0.19650599360466003,0.19650599360466003,0.05412856489419937,0.05412856489419937,0.04934258759021759,0.061809882521629333,0.14056572318077087,0.14239616692066193,0.13874240219593048,0.14216792583465576,0.1472039371728897,0.13715524971485138,portrait_202,portrait,202
17,150,False,2,0.7850973606109619,0.22589755058288574,0.4224035441875458,0.048913516104221344,0.10448455065488815,0.10586599260568619,0.12248367071151733,0.26622045040130615,0.2690611779689789,0.26338887214660645,0.26803791522979736,0.277048796415329,0.25909867882728577,portrait_202,portrait,202
18,100,False,3,1.0673118829727173,0.28221452236175537,0.7046180665493011,0.04451344162225723,0.15126574039459229,0.1745603084564209,0.19300344586372375,0.3856692612171173,0.38848891854286194,0.3828577399253845,0.3708954453468323,0.3821626305580139,0.3597501814365387,portrait_202,portrait,202
19,50,False,4,1.4890689849853516,0.4217571020126343,1.1263751685619354,0.04176810011267662,0.19542720913887024,0.28602108359336853,0.3129132390022278,0.5204114317893982,0.5230150818824768,0.5178136229515076,0.4762810468673706,0.4879198372364044,0.4647696316242218,portrait_202,portrait,202
0,999,True,0,-2.6820242404937744,0.0,0.0,0.0,0.0,0.0,0.0,0.0,0.0,0.0,0.0,0.0,0.0,people_101,people,101
1,949,False,1,-2.3891515731811523,0.29287266731262207,0.29287266731262207,0.018569234758615494,0.018569234758615494,0.004158976022154093,0.014067727141082287,0.0840935930609703,0.08286929130554199,0.085307277739048,0.22413215041160583,0.2771943211555481,0.18270452320575714,people_101,people,101
2,899,False,2,-2.116593599319458,0.27255797386169434,0.5654306411743164,0.027622779831290245,0.045343153178691864,0.011944993399083614,0.03187454864382744,0.18264424800872803,0.18213360011577606,0.1831493079662323,0.5050321817398071,0.6111025214195251,0.4233912229537964,people_101,people,101
3,849,False,3,-1.8629876375198364,0.2536059617996216,0.819036602973938,0.037720199674367905,0.08101435005664825,0.024805355817079544,0.06420591473579407,0.29869478940963745,0.2983972132205963,0.2989893853664398,0.7576508522033691,0.8971254825592041,0.6476695537567139,people_101,people,101
4,799,False,4,-1.6268385648727417,0.23614907264709473,1.0551856756210327,0.056030869483947754,0.13158904016017914,0.044203583151102066,0.09922537952661514,0.4226727783679962,0.41979339718818665,0.4255306124687195,0.9509983062744141,1.0990166664123535,0.830900251865387,people_101,people,101
5,749,True,0,-1.406521201133728,0.22031736373901367,0.0,0.06694193929433823,0.0,0.0,0.0,0.0,0.0,0.0,0.0,0.0,0.0,people_101,people,101
6,699,False,1,-1.200291395187378,0.2062298059463501,0.2062298059463501,0.08089916408061981,0.08089916408061981,0.03129858896136284,0.12487608194351196,0.2627445161342621,0.28942301869392395,0.23631355166435242,0.4908660352230072,0.5841369032859802,0.40958458185195923,people_101,people,101
7,649,False,2,-1.006303310394287,0.19398808479309082,0.4002178907394409,0.07099568843841553,0.13881729543209076,0.05845813825726509,0.17404206097126007,0.4032706320285797,0.42167341709136963,0.38508427143096924,0.6456550359725952,0.7531436085700989,0.5477028489112854,people_101,people,101
8,599,False,3,-0.8226233124732971,0.18367999792099,0.5838978886604309,0.08090827614068985,0.2116444706916809,0.08924684673547745,0.2039041817188263,0.5140162706375122,0.5270612835884094,0.5011346340179443,0.7538837194442749,0.864928126335144,0.6508432030677795,people_101,people,101
9,549,False,4,-0.6472349762916565,0.17538833618164062,0.7592862248420715,0.07652737945318222,0.2844242453575134,0.12389327585697174,0.2376582771539688,0.6078516244888306,0.6216961741447449,0.5941137671470642,0.8292948603630066,0.9237596392631531,0.7415791749954224,people_101,people,101
10,500,True,0,-0.4813636541366577,0.16587132215499878,0.0,0.07657866925001144,0.0,0.0,0.0,0.0,0.0,0.0,0.0,0.0,0.0,people_101,people,101
11,450,False,1,-0.31602802872657776,0.16533562541007996,0.16533562541007996,0.0742626041173935,0.0742626041173935,0.042900487780570984,0.1373983919620514,0.1896120011806488,0.20526514947414398,0.17402836680412292,0.27262139320373535,0.30339959263801575,0.24325968325138092,people_101,people,101
12,400,False,2,-0.15219885110855103,0.16382917761802673,0.3291648030281067,0.0704309418797493,0.14260421693325043,0.07781447470188141,0.188351571559906,0.2999476492404938,0.31296634674072266,0.2869798541069031,0.39199236035346985,0.4277583360671997,0.35749179124832153,people_101,people,101
13,350,False,3,0.012974858283996582,0.1651737093925476,0.4943385124206543,0.06456415355205536,0.20845647156238556,0.11645188182592392,0.22840562462806702,0.3951457738876343,0.4063948690891266,0.3839317560195923,0.4813602864742279,0.5200374126434326,0.4436418116092682,people_101,people,101
14,300,False,4,0.1830180287361145,0.17004317045211792,0.6643816828727722,0.05948229879140854,0.27282634377479553,0.1573616862297058,0.2728807032108307,0.477867990732193,0.4890095889568329,0.46674951910972595,0.5504201650619507,0.5895969867706299,0.5117489695549011,people_101,people,101
15,250,True,0,0.36269381642341614,0.17967578768730164,0.0,0.05393795669078827,0.0,0.0,0.0,0.0,0.0,0.0,0.0,0.0,0.0,people_101,people,101
16,200,False,1,0.5591998100280762,0.19650599360466003,0.19650599360466003,0.04887070879340172,0.04887070879340172,0.05302665755152702,0.0743662416934967,0.1288192719221115,0.13033996522426605,0.12730102241039276,0.1166783943772316,0.12319118529558182,0.1101699024438858,people_101,people,101
17,150,False,2,0.7850973606109619,0.22589755058288574,0.4224035441875458,0.04450831189751625,0.09434482455253601,0.11852619796991348,0.1549633890390396,0.25296059250831604,0.255275160074234,0.25064918398857117,0.21660001575946808,0.22609777748584747,0.20709070563316345,people_101,people,101
18,100,False,3,1.0673118829727173,0.28221452236175537,0.7046180665493011,0.04057079553604126,0.13639692962169647,0.20319344103336334,0.25105929374694824,0.37589284777641296,0.378691166639328,0.37309783697128296,0.3063777685165405,0.3168579936027527,0.2958950698375702,people_101,people,101
19,50,False,4,1.4890689849853516,0.4217571020126343,1.1263751685619354,0.03793890401721001,0.17568518221378326,0.3311234712600708,0.4067592918872833,0.5074021220207214,0.5103676319122314,0.5044386386871338,0.3956848978996277,0.40773332118988037,0.3836880028247833,people_101,people,101
0,999,True,0,-2.6820242404937744,0.0,0.0,0.0,0.0,0.0,0.0,0.0,0.0,0.0,0.0,0.0,0.0,people_202,people,202
1,949,False,1,-2.3891515731811523,0.29287266731262207,0.29287266731262207,0.027203788980841637,0.027203788980841637,0.004291479475796223,0.02535836771130562,0.09928516298532486,0.09406781196594238,0.10445965081453323,0.26239827275276184,0.3286922872066498,0.2081792652606964,people_202,people,202
2,899,False,2,-2.116593599319458,0.27255797386169434,0.5654306411743164,0.04311945661902428,0.06717293709516525,0.01363641582429409,0.07960675656795502,0.23347245156764984,0.21661785244941711,0.25004008412361145,0.6630764603614807,0.7836554050445557,0.5681653022766113,people_202,people,202
3,849,False,3,-1.8629876375198364,0.2536059617996216,0.819036602973938,0.08332142233848572,0.1453952044248581,0.03590506315231323,0.07962069660425186,0.41351696848869324,0.4318612515926361,0.39523419737815857,1.0324301719665527,1.1603022813796997,0.9261168837547302,people_202,people,202
4,799,False,4,-1.6268385648727417,0.23614907264709473,1.0551856756210327,0.05846254527568817,0.17221315205097198,0.04765355959534645,0.09241320937871933,0.48282894492149353,0.4881403148174286,0.47758033871650696,1.0688916444778442,1.19392728805542,0.9650429487228394,people_202,people,202
5,749,True,0,-1.406521201133728,0.22031736373901367,0.0,0.06374366581439972,0.0,0.0,0.0,0.0,0.0,0.0,0.0,0.0,0.0,people_202,people,202
6,699,False,1,-1.200291395187378,0.2062298059463501,0.2062298059463501,0.06950339674949646,0.06950339674949646,0.028383634984493256,0.09180571883916855,0.24612775444984436,0.26617860794067383,0.22621794044971466,0.3480827510356903,0.4054650366306305,0.29773327708244324,people_202,people,202
7,649,False,2,-1.006303310394287,0.19398808479309082,0.4002178907394409,0.07139001786708832,0.13605934381484985,0.0513329952955246,0.12027519941329956,0.36848559975624084,0.38723379373550415,0.34986406564712524,0.5376082062721252,0.6121297478675842,0.4707747995853424,people_202,people,202
8,599,False,3,-0.8226233124732971,0.18367999792099,0.5838978886604309,0.066002756357193,0.19761903584003448,0.07246717810630798,0.14247721433639526,0.45834648609161377,0.47345268726348877,0.44334593415260315,0.638755738735199,0.7211287617683411,0.5635169744491577,people_202,people,202
9,549,False,4,-0.6472349762916565,0.17538833618164062,0.7592862248420715,0.06850796192884445,0.2663760185241699,0.09708728641271591,0.1669585108757019,0.5391100645065308,0.553297221660614,0.5249927639961243,0.7208690643310547,0.8031582236289978,0.6428400278091431,people_202,people,202
10,500,True,0,-0.4813636541366577,0.16587132215499878,0.0,0.06838137656450272,0.0,0.0,0.0,0.0,0.0,0.0,0.0,0.0,0.0,people_202,people,202
11,450,False,1,-0.31602802872657776,0.16533562541007996,0.16533562541007996,0.06732066720724106,0.06732066720724106,0.027663521468639374,0.06073324382305145,0.13402597606182098,0.13838495314121246,0.12967808544635773,0.149377703666687,0.16254329681396484,0.1364629566669464,people_202,people,202
12,400,False,2,-0.15219885110855103,0.16382917761802673,0.3291648030281067,0.06490263342857361,0.13375359773635864,0.05793044716119766,0.10054997354745865,0.24543917179107666,0.25172582268714905,0.23916643857955933,0.2745141088962555,0.2926291823387146,0.2565746009349823,people_202,people,202
13,350,False,3,0.012974858283996582,0.1651737093925476,0.4943385124206543,0.06203480437397957,0.1992410570383072,0.08980706334114075,0.13536930084228516,0.3384125828742981,0.345152884721756,0.331685870885849,0.3740488588809967,0.3927048444747925,0.35542288422584534,people_202,people,202
14,300,False,4,0.1830180287361145,0.17004317045211792,0.6643816828727722,0.05841735005378723,0.26280415058135986,0.12485099583864212,0.1753707230091095,0.421509712934494,0.4282369315624237,0.414795845746994,0.4495689868927002,0.4663274586200714,0.4327438175678253,people_202,people,202
15,250,True,0,0.36269381642341614,0.17967578768730164,0.0,0.05439459905028343,0.0,0.0,0.0,0.0,0.0,0.0,0.0,0.0,0.0,people_202,people,202
16,200,False,1,0.5591998100280762,0.19650599360466003,0.19650599360466003,0.050508081912994385,0.050508081912994385,0.04760175570845604,0.06677556037902832,0.12542939186096191,0.12699444591999054,0.12386713922023773,0.12465723603963852,0.12796373665332794,0.1213160827755928,people_202,people,202
17,150,False,2,0.7850973606109619,0.22589755058288574,0.4224035441875458,0.04646095260977745,0.09783733636140823,0.10584426671266556,0.13383185863494873,0.246678426861763,0.24920596182346344,0.24415479600429535,0.22598393261432648,0.2306380718946457,0.2212684005498886,people_202,people,202
18,100,False,3,1.0673118829727173,0.28221452236175537,0.7046180665493011,0.04300231486558914,0.14228081703186035,0.18484577536582947,0.22223825752735138,0.3706373870372772,0.3735448122024536,0.3677334487438202,0.3195732533931732,0.3238410949707031,0.3152327239513397,people_202,people,202
19,50,False,4,1.4890689849853516,0.4217571020126343,1.1263751685619354,0.041029009968042374,0.18456435203552246,0.3155219852924347,0.37448060512542725,0.5088698267936707,0.5116809010505676,0.5060610771179199,0.4111100137233734,0.4136500954627991,0.40852051973342896,people_202,people,202
0,999,True,0,-2.6820242404937744,0.0,0.0,0.0,0.0,0.0,0.0,0.0,0.0,0.0,0.0,0.0,0.0,animal_101,animal,101
1,949,False,1,-2.3891515731811523,0.29287266731262207,0.29287266731262207,0.037725262343883514,0.037725262343883514,0.009092085994780064,0.05644417554140091,0.12306075543165207,0.10774191468954086,0.13816305994987488,0.438351035118103,0.5398961305618286,0.36571696400642395,animal_101,animal,101
2,899,False,2,-2.116593599319458,0.27255797386169434,0.5654306411743164,0.08231156319379807,0.11551064997911453,0.03152845427393913,0.0842888131737709,0.28806227445602417,0.298196017742157,0.2780511677265167,0.8990892767906189,1.0931551456451416,0.7526885867118835,animal_101,animal,101
3,849,False,3,-1.8629876375198364,0.2536059617996216,0.819036602973938,0.05906236171722412,0.14194010198116302,0.04284559190273285,0.08710752427577972,0.36215606331825256,0.3626328706741333,0.36168810725212097,0.9195641875267029,1.0959246158599854,0.7877106070518494,animal_101,animal,101
4,799,False,4,-1.6268385648727417,0.23614907264709473,1.0551856756210327,0.0778430700302124,0.20320525765419006,0.06174502894282341,0.11657854914665222,0.4527961015701294,0.4585929214954376,0.44708874821662903,1.0300607681274414,1.1902426481246948,0.8983853459358215,animal_101,animal,101
5,749,True,0,-1.406521201133728,0.22031736373901367,0.0,0.07123999297618866,0.0,0.0,0.0,0.0,0.0,0.0,0.0,0.0,0.0,animal_101,animal,101
6,699,False,1,-1.200291395187378,0.2062298059463501,0.2062298059463501,0.0738668441772461,0.0738668441772461,0.022040722891688347,0.07514176517724991,0.18535137176513672,0.2065567672252655,0.1644759476184845,0.3065681755542755,0.3981935977935791,0.22299426794052124,animal_101,animal,101
7,649,False,2,-1.006303310394287,0.19398808479309082,0.4002178907394409,0.06991619616746902,0.13865835964679718,0.04359264299273491,0.10272437334060669,0.32418474555015564,0.3460896909236908,0.30254092812538147,0.46694374084472656,0.5889939069747925,0.3540697395801544,animal_101,animal,101
8,599,False,3,-0.8226233124732971,0.18367999792099,0.5838978886604309,0.07296206802129745,0.2100495845079422,0.06495726853609085,0.1315695196390152,0.4144410789012909,0.4346344769001007,0.39450037479400635,0.5497313737869263,0.6658613681793213,0.4387153387069702,animal_101,animal,101
9,549,False,4,-0.6472349762916565,0.17538833618164062,0.7592862248420715,0.07331792265176773,0.28465262055397034,0.0913395807147026,0.15101727843284607,0.4963059723377228,0.5147745013237,0.4780693054199219,0.6215763688087463,0.7316309213638306,0.5152246356010437,animal_101,animal,101
10,500,True,0,-0.4813636541366577,0.16587132215499878,0.0,0.06966257095336914,0.0,0.0,0.0,0.0,0.0,0.0,0.0,0.0,0.0,animal_101,animal,101
11,450,False,1,-0.31602802872657776,0.16533562541007996,0.16533562541007996,0.06959732621908188,0.06959732621908188,0.02903353050351143,0.05552089959383011,0.12917988002300262,0.1357998102903366,0.12262950092554092,0.16760429739952087,0.19181685149669647,0.1437302529811859,animal_101,animal,101
12,400,False,2,-0.15219885110855103,0.16382917761802673,0.3291648030281067,0.06706114858388901,0.13854801654815674,0.06144507974386215,0.10774538666009903,0.24319125711917877,0.2526891529560089,0.23378866910934448,0.31395310163497925,0.35179799795150757,0.27653616666793823,animal_101,animal,101
13,350,False,3,0.012974858283996582,0.1651737093925476,0.4943385124206543,0.06424667686223984,0.20664314925670624,0.09869994223117828,0.1576167494058609,0.3474804162979126,0.3583782911300659,0.33668261766433716,0.42350590229034424,0.46394941210746765,0.38329750299453735,animal_101,animal,101
14,300,False,4,0.1830180287361145,0.17004317045211792,0.6643816828727722,0.06046190485358238,0.27248916029930115,0.1425262838602066,0.22772012650966644,0.4438999593257904,0.45385870337486267,0.434024840593338,0.5103718042373657,0.549401581287384,0.4714076817035675,animal_101,animal,101
15,250,True,0,0.36269381642341614,0.17967578768730164,0.0,0.05658263340592384,0.0,0.0,0.0,0.0,0.0,0.0,0.0,0.0,0.0,animal_101,animal,101
16,200,False,1,0.5591998100280762,0.19650599360466003,0.19650599360466003,0.051258087158203125,0.051258087158203125,0.04786992818117142,0.0666014552116394,0.12096256017684937,0.1228313073515892,0.1191045492887497,0.12584288418293,0.13284748792648315,0.11886230856180191,animal_101,animal,101
17,150,False,2,0.7850973606109619,0.22589755058288574,0.4224035441875458,0.04694686084985733,0.0992186889052391,0.11024494469165802,0.14145269989967346,0.24428972601890564,0.24783402681350708,0.2407626509666443,0.2527877986431122,0.2654269337654114,0.24018725752830505,animal_101,animal,101
18,100,False,3,1.0673118829727173,0.28221452236175537,0.7046180665493011,0.04316280037164688,0.14392563700675964,0.19465100765228271,0.2334267944097519,0.3704880475997925,0.3750993013381958,0.3658953011035919,0.3684321641921997,0.3838232755661011,0.3530452847480774,animal_101,animal,101
19,50,False,4,1.4890689849853516,0.4217571020126343,1.1263751685619354,0.04128466919064522,0.1864592432975769,0.32315191626548767,0.36555951833724976,0.5066685080528259,0.5112646222114563,0.5020869970321655,0.4789113402366638,0.4940251111984253,0.4637656807899475,animal_101,animal,101
0,999,True,0,-2.6820242404937744,0.0,0.0,0.0,0.0,0.0,0.0,0.0,0.0,0.0,0.0,0.0,0.0,animal_202,animal,202
1,949,False,1,-2.3891515731811523,0.29287266731262207,0.29287266731262207,0.03697051480412483,0.03697051480412483,0.00541860144585371,0.03160775825381279,0.1117730513215065,0.11755822598934174,0.10607640445232391,0.35124871134757996,0.4533633887767792,0.2695673704147339,animal_202,animal,202
2,899,False,2,-2.116593599319458,0.27255797386169434,0.5654306411743164,0.037974994629621506,0.06738416105508804,0.00873409304767847,0.045105382800102234,0.19331416487693787,0.1934613436460495,0.19316913187503815,0.5502977967262268,0.6680060029029846,0.45867815613746643,animal_202,animal,202
3,849,False,3,-1.8629876375198364,0.2536059617996216,0.819036602973938,0.04831735044717789,0.11288131028413773,0.014760528691112995,0.07376252114772797,0.29198920726776123,0.288688987493515,0.2952437400817871,0.8157259225845337,0.9723925590515137,0.6909952759742737,animal_202,animal,202
4,799,False,4,-1.6268385648727417,0.23614907264709473,1.0551856756210327,0.05331399664282799,0.14570848643779755,0.023630687966942787,0.09323104470968246,0.4092571437358856,0.39564794301986694,0.42252621054649353,0.8831164240837097,1.0180931091308594,0.7806031703948975,animal_202,animal,202
5,749,True,0,-1.406521201133728,0.22031736373901367,0.0,0.06525708734989166,0.0,0.0,0.0,0.0,0.0,0.0,0.0,0.0,0.0,animal_202,animal,202
6,699,False,1,-1.200291395187378,0.2062298059463501,0.2062298059463501,0.07031085342168808,0.07031085342168808,0.03236045688390732,0.12081434577703476,0.2647109031677246,0.28546932339668274,0.24458351731300354,0.5334606170654297,0.6790395975112915,0.40556052327156067,animal_202,animal,202
7,649,False,2,-1.006303310394287,0.19398808479309082,0.4002178907394409,0.07672035694122314,0.13422560691833496,0.05348801985383034,0.15466070175170898,0.3892322778701782,0.4081907570362091,0.37074434757232666,0.7006888389587402,0.8460091948509216,0.5708000659942627,animal_202,animal,202
8,599,False,3,-0.8226233124732971,0.18367999792099,0.5838978886604309,0.07192801684141159,0.1958969235420227,0.07656893879175186,0.188329815864563,0.4810079336166382,0.5002952218055725,0.4620823562145233,0.7863050699234009,0.9292693138122559,0.657118558883667,animal_202,animal,202
9,549,False,4,-0.6472349762916565,0.17538833618164062,0.7592862248420715,0.0708146020770073,0.261389821767807,0.10377195477485657,0.23947107791900635,0.5652796626091003,0.5812012553215027,0.5496318936347961,0.8493779301643372,0.9779476523399353,0.7316235303878784,animal_202,animal,202
10,500,True,0,-0.4813636541366577,0.16587132215499878,0.0,0.07085569202899933,0.0,0.0,0.0,0.0,0.0,0.0,0.0,0.0,0.0,animal_202,animal,202
11,450,False,1,-0.31602802872657776,0.16533562541007996,0.16533562541007996,0.07242479175329208,0.07242479175329208,0.04980624467134476,0.15032479166984558,0.2028263360261917,0.22180473804473877,0.18402794003486633,0.2645638585090637,0.3011132776737213,0.2301720678806305,animal_202,animal,202
12,400,False,2,-0.15219885110855103,0.16382917761802673,0.3291648030281067,0.0669206753373146,0.13686376810073853,0.08355367928743362,0.1966877579689026,0.3118521273136139,0.330188512802124,0.293693482875824,0.3526970148086548,0.39257195591926575,0.3147198557853699,animal_202,animal,202
13,350,False,3,0.012974858283996582,0.1651737093925476,0.4943385124206543,0.06313688308000565,0.20136836171150208,0.12290650606155396,0.24525776505470276,0.41217803955078125,0.4321037828922272,0.39241254329681396,0.45109474658966064,0.49434980750083923,0.40919941663742065,animal_202,animal,202
14,300,False,4,0.1830180287361145,0.17004317045211792,0.6643816828727722,0.05802866443991661,0.2620806396007538,0.165967658162117,0.2920941114425659,0.49815165996551514,0.5172327756881714,0.4792118966579437,0.5279664397239685,0.5739569067955017,0.4830337464809418,animal_202,animal,202
15,250,True,0,0.36269381642341614,0.17967578768730164,0.0,0.0538487508893013,0.0,0.0,0.0,0.0,0.0,0.0,0.0,0.0,0.0,animal_202,animal,202
16,200,False,1,0.5591998100280762,0.19650599360466003,0.19650599360466003,0.049959227442741394,0.049959227442741394,0.05606277659535408,0.08222384750843048,0.1337832510471344,0.13644956052303314,0.13113367557525635,0.12875543534755707,0.1371268630027771,0.12051349878311157,animal_202,animal,202
17,150,False,2,0.7850973606109619,0.22589755058288574,0.4224035441875458,0.04660751670598984,0.09721003472805023,0.12746185064315796,0.17255254089832306,0.2651306390762329,0.2697775959968567,0.2605096697807312,0.24470467865467072,0.25665149092674255,0.23290687799453735,animal_202,animal,202
18,100,False,3,1.0673118829727173,0.28221452236175537,0.7046180665493011,0.043658968061208725,0.14173489809036255,0.2209101766347885,0.27952706813812256,0.3955085277557373,0.4010361135005951,0.3900079131126404,0.34652629494667053,0.35998713970184326,0.33319032192230225,animal_202,animal,202
19,50,False,4,1.4890689849853516,0.4217571020126343,1.1263751685619354,0.04243969917297363,0.18433482944965363,0.36209458112716675,0.4292267858982086,0.5319064259529114,0.5374231934547424,0.5264121294021606,0.4425755739212036,0.4558543860912323,0.4293658137321472,animal_202,animal,202
0,999,True,0,-2.6820242404937744,0.0,0.0,0.0,0.0,0.0,0.0,0.0,0.0,0.0,0.0,0.0,0.0,interior_101,interior,101
1,949,False,1,-2.3891515731811523,0.29287266731262207,0.29287266731262207,0.0614887997508049,0.0614887997508049,0.009273852221667767,0.040304381400346756,0.17817099392414093,0.15992802381515503,0.19597944617271423,0.4602796733379364,0.5930631160736084,0.35277634859085083,interior_101,interior,101
2,899,False,2,-2.116593599319458,0.27255797386169434,0.5654306411743164,0.04647964984178543,0.1023755669593811,0.01524847187101841,0.061322588473558426,0.28097909688949585,0.25979378819465637,0.3018028140068054,0.728778064250946,0.9212961196899414,0.583397388458252,interior_101,interior,101
3,849,False,3,-1.8629876375198364,0.2536059617996216,0.819036602973938,0.054849665611982346,0.1524394005537033,0.02916157804429531,0.1008257269859314,0.41916707158088684,0.3988938629627228,0.43924546241760254,0.9148296117782593,1.1083086729049683,0.7714228630065918,interior_101,interior,101
4,799,False,4,-1.6268385648727417,0.23614907264709473,1.0551856756210327,0.06343653798103333,0.20252540707588196,0.04705850034952164,0.12244299054145813,0.5357973575592041,0.5265049338340759,0.5450274348258972,1.0335322618484497,1.1802639961242676,0.9172826409339905,interior_101,interior,101
5,749,True,0,-1.406521201133728,0.22031736373901367,0.0,0.07492384314537048,0.0,0.0,0.0,0.0,0.0,0.0,0.0,0.0,0.0,interior_101,interior,101
6,699,False,1,-1.200291395187378,0.2062298059463501,0.2062298059463501,0.06931799650192261,0.06931799650192261,0.024858573451638222,0.07747203856706619,0.2541884779930115,0.2674477696418762,0.24099135398864746,0.3398168087005615,0.4301839768886566,0.25573235750198364,interior_101,interior,101
7,649,False,2,-1.006303310394287,0.19398808479309082,0.4002178907394409,0.07190050184726715,0.13784489035606384,0.04788113385438919,0.14037218689918518,0.4063681364059448,0.4180179834365845,0.39481455087661743,0.5255358815193176,0.618887722492218,0.4371400475502014,interior_101,interior,101
8,599,False,3,-0.8226233124732971,0.18367999792099,0.5838978886604309,0.07936014235019684,0.21556751430034637,0.08001541346311569,0.13653481006622314,0.5096722841262817,0.5246350765228271,0.4946832060813904,0.6763656139373779,0.7780565023422241,0.5794822573661804,interior_101,interior,101
9,549,False,4,-0.6472349762916565,0.17538833618164062,0.7592862248420715,0.07754343003034592,0.29384052753448486,0.10659818351268768,0.15346674621105194,0.5702811479568481,0.581149697303772,0.5594357848167419,0.7646360993385315,0.8565466403961182,0.6762183904647827,interior_101,interior,101
10,500,True,0,-0.4813636541366577,0.16587132215499878,0.0,0.0753803476691246,0.0,0.0,0.0,0.0,0.0,0.0,0.0,0.0,0.0,interior_101,interior,101
11,450,False,1,-0.31602802872657776,0.16533562541007996,0.16533562541007996,0.07530111819505692,0.07530111819505692,0.03304004296660423,0.07023610174655914,0.17849382758140564,0.18345612287521362,0.1735314428806305,0.18059216439723969,0.19547049701213837,0.16598039865493774,interior_101,interior,101
12,400,False,2,-0.15219885110855103,0.16382917761802673,0.3291648030281067,0.0723201110959053,0.14958320558071136,0.06659923493862152,0.10651817917823792,0.3191378116607666,0.3290698528289795,0.3092222809791565,0.30202123522758484,0.3185538053512573,0.28571513295173645,interior_101,interior,101
13,350,False,3,0.012974858283996582,0.1651737093925476,0.4943385124206543,0.06833914667367935,0.22225865721702576,0.09722636640071869,0.14419807493686676,0.40849170088768005,0.4179021120071411,0.39909806847572327,0.38424524664878845,0.39921534061431885,0.36947405338287354,interior_101,interior,101
14,300,False,4,0.1830180287361145,0.17004317045211792,0.6643816828727722,0.06415587663650513,0.2927432060241699,0.13251972198486328,0.18059992790222168,0.48860839009284973,0.4973014295101166,0.479927659034729,0.4538658857345581,0.46713507175445557,0.44079339504241943,interior_101,interior,101
15,250,True,0,0.36269381642341614,0.17967578768730164,0.0,0.059414949268102646,0.0,0.0,0.0,0.0,0.0,0.0,0.0,0.0,0.0,interior_101,interior,101
16,200,False,1,0.5591998100280762,0.19650599360466003,0.19650599360466003,0.05464572831988335,0.05464572831988335,0.044978998601436615,0.05991533771157265,0.13250158727169037,0.1336023360490799,0.13140146434307098,0.1335160732269287,0.1374128758907318,0.1296682059764862,interior_101,interior,101
17,150,False,2,0.7850973606109619,0.22589755058288574,0.4224035441875458,0.049704745411872864,0.10540759563446045,0.09581803530454636,0.11694484949111938,0.2521570920944214,0.25366124510765076,0.2506534457206726,0.24484115839004517,0.24940940737724304,0.2403232604265213,interior_101,interior,101
18,100,False,3,1.0673118829727173,0.28221452236175537,0.7046180665493011,0.04587683081626892,0.15311364829540253,0.1614237129688263,0.1904846429824829,0.37106138467788696,0.3724963366985321,0.3696267604827881,0.3523748219013214,0.3578934371471405,0.3469184935092926,interior_101,interior,101
19,50,False,4,1.4890689849853516,0.4217571020126343,1.1263751685619354,0.043802060186862946,0.19874007999897003,0.2670477330684662,0.3189023435115814,0.5064795017242432,0.5077877640724182,0.5051714777946472,0.47004908323287964,0.4766157567501068,0.46355757117271423,interior_101,interior,101
0,999,True,0,-2.6820242404937744,0.0,0.0,0.0,0.0,0.0,0.0,0.0,0.0,0.0,0.0,0.0,0.0,interior_202,interior,202
1,949,False,1,-2.3891515731811523,0.29287266731262207,0.29287266731262207,0.08219850808382034,0.08219850808382034,0.012002493254840374,0.07860872149467468,0.2225680947303772,0.18237711489200592,0.26226910948753357,0.5636404752731323,0.7577616572380066,0.4055033028125763,interior_202,interior,202
2,899,False,2,-2.116593599319458,0.27255797386169434,0.5654306411743164,0.05109276622533798,0.11462138593196869,0.021302832290530205,0.0994267538189888,0.2909921407699585,0.25723031163215637,0.32421112060546875,0.8846777081489563,1.124221682548523,0.7047285437583923,interior_202,interior,202
3,849,False,3,-1.8629876375198364,0.2536059617996216,0.819036602973938,0.07854236662387848,0.18344126641750336,0.039210058748722076,0.1232960894703865,0.44972893595695496,0.4365847110748291,0.46278056502342224,1.0796070098876953,1.26012122631073,0.9276876449584961,interior_202,interior,202
4,799,False,4,-1.6268385648727417,0.23614907264709473,1.0551856756210327,0.06967681646347046,0.22814472019672394,0.054286401718854904,0.12195291370153427,0.5317583680152893,0.5293697118759155,0.5341338515281677,1.113669514656067,1.2827495336532593,0.9691563844680786,interior_202,interior,202
5,749,True,0,-1.406521201133728,0.22031736373901367,0.0,0.06634940207004547,0.0,0.0,0.0,0.0,0.0,0.0,0.0,0.0,0.0,interior_202,interior,202
6,699,False,1,-1.200291395187378,0.2062298059463501,0.2062298059463501,0.07258299738168716,0.07258299738168716,0.01852414198219776,0.03530316799879074,0.16026443243026733,0.1669253557920456,0.15363070368766785,0.22202563285827637,0.24724431335926056,0.19933922588825226,interior_202,interior,202
7,649,False,2,-1.006303310394287,0.19398808479309082,0.4002178907394409,0.0768667683005333,0.15036144852638245,0.03784570097923279,0.06223030015826225,0.2847369611263275,0.2920399606227875,0.2774655222892761,0.404188334941864,0.44760510325431824,0.3642204999923706,interior_202,interior,202
8,599,False,3,-0.8226233124732971,0.18367999792099,0.5838978886604309,0.08107524365186691,0.23475705087184906,0.060098566114902496,0.08691928535699844,0.39837297797203064,0.406295508146286,0.390478253364563,0.547210693359375,0.5981283187866211,0.49928340315818787,interior_202,interior,202
9,549,False,4,-0.6472349762916565,0.17538833618164062,0.7592862248420715,0.08337070792913437,0.32456955313682556,0.08340101689100266,0.11658608168363571,0.4884812533855438,0.4955480396747589,0.48143336176872253,0.6516192555427551,0.6982183456420898,0.6070656180381775,interior_202,interior,202
10,500,True,0,-0.4813636541366577,0.16587132215499878,0.0,0.08208785951137543,0.0,0.0,0.0,0.0,0.0,0.0,0.0,0.0,0.0,interior_202,interior,202
11,450,False,1,-0.31602802872657776,0.16533562541007996,0.16533562541007996,0.08181459456682205,0.08181459456682205,0.03108849748969078,0.06346600502729416,0.15804143249988556,0.162732794880867,0.15335717797279358,0.18671686947345734,0.20026011765003204,0.17340604960918427,interior_202,interior,202
12,400,False,2,-0.15219885110855103,0.16382917761802673,0.3291648030281067,0.07874757051467896,0.1632518172264099,0.06492472440004349,0.10084091126918793,0.2827454209327698,0.2884880602359772,0.27701133489608765,0.33233699202537537,0.35362014174461365,0.3112526535987854,interior_202,interior,202
13,350,False,3,0.012974858283996582,0.1651737093925476,0.4943385124206543,0.07331298291683197,0.24209055304527283,0.09781216830015182,0.12812334299087524,0.37708160281181335,0.3837875425815582,0.37038037180900574,0.44697636365890503,0.47130444645881653,0.4226994514465332,interior_202,interior,202
14,300,False,4,0.1830180287361145,0.17004317045211792,0.6643816828727722,0.06771362572908401,0.31803587079048157,0.1273706704378128,0.1604982167482376,0.44911736249923706,0.45529279112815857,0.4429454207420349,0.5323769450187683,0.5567187070846558,0.5079643726348877,interior_202,interior,202
15,250,True,0,0.36269381642341614,0.17967578768730164,0.0,0.06219867244362831,0.0,0.0,0.0,0.0,0.0,0.0,0.0,0.0,0.0,interior_202,interior,202
16,200,False,1,0.5591998100280762,0.19650599360466003,0.19650599360466003,0.05659710243344307,0.05659710243344307,0.040912970900535583,0.054121583700180054,0.1281670778989792,0.12941640615463257,0.12691844999790192,0.13226863741874695,0.1338803768157959,0.13064895570278168,interior_202,interior,202
17,150,False,2,0.7850973606109619,0.22589755058288574,0.4224035441875458,0.051593948155641556,0.10956341028213501,0.08574292808771133,0.10385369509458542,0.24275316298007965,0.2445189207792282,0.240988090634346,0.24107320606708527,0.24433091282844543,0.2377949208021164,interior_202,interior,202
18,100,False,3,1.0673118829727173,0.28221452236175537,0.7046180665493011,0.04709777981042862,0.15887705981731415,0.1412649303674698,0.16692373156547546,0.35503217577934265,0.3567163050174713,0.3533484935760498,0.3305210471153259,0.3347594439983368,0.3262499272823334,interior_202,interior,202
19,50,False,4,1.4890689849853516,0.4217571020126343,1.1263751685619354,0.04473688825964928,0.20587626099586487,0.22918163239955902,0.28594234585762024,0.4847683608531952,0.4862755239009857,0.48326146602630615,0.42284485697746277,0.42739996314048767,0.4182511270046234,interior_202,interior,202
0,999,True,0,-2.6820242404937744,0.0,0.0,0.0,0.0,0.0,0.0,0.0,0.0,0.0,0.0,0.0,0.0,architecture_101,architecture,101
1,949,False,1,-2.3891515731811523,0.29287266731262207,0.29287266731262207,0.029206015169620514,0.029206015169620514,0.004584037233144045,0.027257665991783142,0.10238534212112427,0.09239119291305542,0.11230935156345367,0.30845916271209717,0.41470417380332947,0.2246759980916977,architecture_101,architecture,101
2,899,False,2,-2.116593599319458,0.27255797386169434,0.5654306411743164,0.02392728440463543,0.04531087353825569,0.007590943481773138,0.03231701999902725,0.18237219750881195,0.18677732348442078,0.17800505459308624,0.4860686957836151,0.6110801696777344,0.3892446458339691,architecture_101,architecture,101
3,849,False,3,-1.8629876375198364,0.2536059617996216,0.819036602973938,0.018992967903614044,0.06130063161253929,0.01138648297637701,0.05782866105437279,0.2944733798503876,0.3070812523365021,0.2819794714450836,0.6508572101593018,0.8175959587097168,0.5228772759437561,architecture_101,architecture,101
4,799,False,4,-1.6268385648727417,0.23614907264709473,1.0551856756210327,0.024580178782343864,0.07662047445774078,0.023491468280553818,0.08696893602609634,0.455972820520401,0.4765227735042572,0.4355349838733673,0.8879476189613342,1.0484329462051392,0.7552223801612854,architecture_101,architecture,101
5,749,True,0,-1.406521201133728,0.22031736373901367,0.0,0.03308924287557602,0.0,0.0,0.0,0.0,0.0,0.0,0.0,0.0,0.0,architecture_101,architecture,101
6,699,False,1,-1.200291395187378,0.2062298059463501,0.2062298059463501,0.058675266802310944,0.058675266802310944,0.03977179154753685,0.18091696500778198,0.3864659368991852,0.45458102226257324,0.3192073404788971,0.6595188975334167,0.7721900343894958,0.548747718334198,architecture_101,architecture,101
7,649,False,2,-1.006303310394287,0.19398808479309082,0.4002178907394409,0.05303489416837692,0.08220177888870239,0.0630713477730751,0.1826259344816208,0.49360209703445435,0.5319312214851379,0.45544952154159546,0.7579254508018494,0.8906896710395813,0.6310261487960815,architecture_101,architecture,101
8,599,False,3,-0.8226233124732971,0.18367999792099,0.5838978886604309,0.049188513308763504,0.11643321812152863,0.0853123888373375,0.22689656913280487,0.577880322933197,0.6051645278930664,0.5507127046585083,0.8137914538383484,0.9394015073776245,0.6894304156303406,architecture_101,architecture,101
9,549,False,4,-0.6472349762916565,0.17538833618164062,0.7592862248420715,0.05279850214719772,0.159906268119812,0.11575928330421448,0.28218430280685425,0.6652499437332153,0.6865543127059937,0.6440553665161133,0.8787886500358582,0.9925864338874817,0.7628238797187805,architecture_101,architecture,101
10,500,True,0,-0.4813636541366577,0.16587132215499878,0.0,0.05837235972285271,0.0,0.0,0.0,0.0,0.0,0.0,0.0,0.0,0.0,architecture_101,architecture,101
11,450,False,1,-0.31602802872657776,0.16533562541007996,0.16533562541007996,0.056096892803907394,0.056096892803907394,0.05797774717211723,0.19093140959739685,0.26366230845451355,0.2760785222053528,0.2512989044189453,0.2591952085494995,0.2811083197593689,0.23627518117427826,architecture_101,architecture,101
12,400,False,2,-0.15219885110855103,0.16382917761802673,0.3291648030281067,0.05441524088382721,0.10519908368587494,0.10738466680049896,0.2850283086299896,0.4166642427444458,0.43281012773513794,0.4005415141582489,0.4449710547924042,0.4748842716217041,0.41348814964294434,architecture_101,architecture,101
13,350,False,3,0.012974858283996582,0.1651737093925476,0.4943385124206543,0.052446506917476654,0.15195906162261963,0.15410849452018738,0.3412565290927887,0.5184550285339355,0.5331667065620422,0.5037713646888733,0.57637619972229,0.6072415709495544,0.5440196990966797,architecture_101,architecture,101
14,300,False,4,0.1830180287361145,0.17004317045211792,0.6643816828727722,0.05235854908823967,0.2004127949476242,0.21004731953144073,0.394747257232666,0.6045295596122742,0.6175363659858704,0.5915417671203613,0.6783902049064636,0.7121437788009644,0.6433278918266296,architecture_101,architecture,101
15,250,True,0,0.36269381642341614,0.17967578768730164,0.0,0.05139966681599617,0.0,0.0,0.0,0.0,0.0,0.0,0.0,0.0,0.0,architecture_101,architecture,101
16,200,False,1,0.5591998100280762,0.19650599360466003,0.19650599360466003,0.049258045852184296,0.049258045852184296,0.0721566304564476,0.12878672778606415,0.1661662757396698,0.16968189179897308,0.1626509130001068,0.1563919186592102,0.16049018502235413,0.1521696150302887,architecture_101,architecture,101
17,150,False,2,0.7850973606109619,0.22589755058288574,0.4224035441875458,0.048569921404123306,0.09734602272510529,0.15168043971061707,0.23692792654037476,0.3109128475189209,0.3156028389930725,0.3062237799167633,0.2881876826286316,0.2941429018974304,0.28206634521484375,architecture_101,architecture,101
18,100,False,3,1.0673118829727173,0.28221452236175537,0.7046180665493011,0.047784022986888885,0.1441403478384018,0.24475859105587006,0.3392615020275116,0.4419172406196594,0.4469258189201355,0.436909943819046,0.3905913233757019,0.39736711978912354,0.38364261388778687,architecture_101,architecture,101
19,50,False,4,1.4890689849853516,0.4217571020126343,1.1263751685619354,0.04922236502170563,0.19141140580177307,0.3775101900100708,0.4725998044013977,0.5709443092346191,0.575805127620697,0.5660865902900696,0.4825865626335144,0.4890120327472687,0.4760086238384247,architecture_101,architecture,101
0,999,True,0,-2.6820242404937744,0.0,0.0,0.0,0.0,0.0,0.0,0.0,0.0,0.0,0.0,0.0,0.0,architecture_202,architecture,202
1,949,False,1,-2.3891515731811523,0.29287266731262207,0.29287266731262207,0.038499556481838226,0.038499556481838226,0.006321164313703775,0.038130007684230804,0.12167838960886002,0.11544887721538544,0.12786711752414703,0.36384373903274536,0.5083001852035522,0.24655859172344208,architecture_202,architecture,202
2,899,False,2,-2.116593599319458,0.27255797386169434,0.5654306411743164,0.01664833165705204,0.0438709519803524,0.00829384010285139,0.04401563107967377,0.18979254364967346,0.18773476779460907,0.19182823598384857,0.5070023536682129,0.6983501315116882,0.3560587763786316,architecture_202,architecture,202
3,849,False,3,-1.8629876375198364,0.2536059617996216,0.819036602973938,0.020888671278953552,0.061272867023944855,0.011677681468427181,0.06978253275156021,0.30106619000434875,0.29965731501579285,0.30245381593704224,0.6787795424461365,0.9031760692596436,0.5042517781257629,architecture_202,architecture,202
4,799,False,4,-1.6268385648727417,0.23614907264709473,1.0551856756210327,0.025082895532250404,0.07761131227016449,0.02273382432758808,0.10688499361276627,0.4576965272426605,0.4587373733520508,0.45667585730552673,0.8923168182373047,1.0578335523605347,0.7589825391769409,architecture_202,architecture,202
5,749,True,0,-1.406521201133728,0.22031736373901367,0.0,0.04447803646326065,0.0,0.0,0.0,0.0,0.0,0.0,0.0,0.0,0.0,architecture_202,architecture,202
6,699,False,1,-1.200291395187378,0.2062298059463501,0.2062298059463501,0.03891145437955856,0.03891145437955856,0.018376493826508522,0.0841069445014,0.2598876357078552,0.2806887924671173,0.23936302959918976,0.29243776202201843,0.3335554003715515,0.2524532079696655,architecture_202,architecture,202
7,649,False,2,-1.006303310394287,0.19398808479309082,0.4002178907394409,0.04015115275979042,0.07148043811321259,0.039776068180799484,0.1298338919878006,0.4302360415458679,0.4578907787799835,0.40282154083251953,0.4765537977218628,0.5213962197303772,0.43225857615470886,architecture_202,architecture,202
8,599,False,3,-0.8226233124732971,0.18367999792099,0.5838978886604309,0.04298079013824463,0.10774567723274231,0.06528372317552567,0.17653042078018188,0.5488243699073792,0.5798400044441223,0.5179067850112915,0.6220342516899109,0.6740598082542419,0.5688722729682922,architecture_202,architecture,202
9,549,False,4,-0.6472349762916565,0.17538833618164062,0.7592862248420715,0.04628773406147957,0.1472644954919815,0.09208457171916962,0.2118886262178421,0.6274117827415466,0.6548708081245422,0.5999798774719238,0.7100343108177185,0.769651472568512,0.6483524441719055,architecture_202,architecture,202
10,500,True,0,-0.4813636541366577,0.16587132215499878,0.0,0.04632217064499855,0.0,0.0,0.0,0.0,0.0,0.0,0.0,0.0,0.0,architecture_202,architecture,202
11,450,False,1,-0.31602802872657776,0.16533562541007996,0.16533562541007996,0.049765557050704956,0.049765557050704956,0.05373024567961693,0.15674583613872528,0.24418094754219055,0.2514971196651459,0.23687835037708282,0.21813158690929413,0.23203790187835693,0.20369887351989746,architecture_202,architecture,202
12,400,False,2,-0.15219885110855103,0.16382917761802673,0.3291648030281067,0.05230465903878212,0.09969327598810196,0.10972201824188232,0.24499233067035675,0.4224371910095215,0.4328552484512329,0.4120439887046814,0.40600624680519104,0.4271942377090454,0.38395577669143677,architecture_202,architecture,202
13,350,False,3,0.012974858283996582,0.1651737093925476,0.4943385124206543,0.052133411169052124,0.14858178794384003,0.16140873730182648,0.2975854277610779,0.5353689789772034,0.5463201999664307,0.5244348049163818,0.5351447463035583,0.5628544688224792,0.5062071681022644,architecture_202,architecture,202
14,300,False,4,0.1830180287361145,0.17004317045211792,0.6643816828727722,0.0525476448237896,0.19820941984653473,0.21381284296512604,0.33241668343544006,0.620753824710846,0.6323412656784058,0.6091592907905579,0.6154170036315918,0.6431054472923279,0.5865563154220581,architecture_202,architecture,202
15,250,True,0,0.36269381642341614,0.17967578768730164,0.0,0.05166495963931084,0.0,0.0,0.0,0.0,0.0,0.0,0.0,0.0,0.0,architecture_202,architecture,202
16,200,False,1,0.5591998100280762,0.19650599360466003,0.19650599360466003,0.05063465237617493,0.05063465237617493,0.06152883544564247,0.10483647137880325,0.15760549902915955,0.15986551344394684,0.15534037351608276,0.15816280245780945,0.16369494795799255,0.15241867303848267,architecture_202,architecture,202
17,150,False,2,0.7850973606109619,0.22589755058288574,0.4224035441875458,0.05013229697942734,0.10039077699184418,0.1324121356010437,0.20257766544818878,0.2995561361312866,0.3028624355792999,0.2962439954280853,0.2858127951622009,0.2925630211830139,0.2788253426551819,architecture_202,architecture,202
18,100,False,3,1.0673118829727173,0.28221452236175537,0.7046180665493011,0.050533220171928406,0.1500127911567688,0.21814580261707306,0.29548180103302,0.43138009309768677,0.4354298710823059,0.4273252785205841,0.39150270819664,0.39917242527008057,0.38360247015953064,architecture_202,architecture,202
19,50,False,4,1.4890689849853516,0.4217571020126343,1.1263751685619354,0.05375507101416588,0.20194435119628906,0.33672216534614563,0.41353458166122437,0.5616287589073181,0.5658320188522339,0.5574244260787964,0.4842435419559479,0.4941694736480713,0.4740888774394989,architecture_202,architecture,202
0,999,True,0,-2.6820242404937744,0.0,0.0,0.0,0.0,0.0,0.0,0.0,0.0,0.0,0.0,0.0,0.0,nature_101,nature,101
1,949,False,1,-2.3891515731811523,0.29287266731262207,0.29287266731262207,0.07797957956790924,0.07797957956790924,0.014405524358153343,0.08744973689317703,0.18344129621982574,0.20847438275814056,0.15890538692474365,0.6812114715576172,0.928487241268158,0.4786032736301422,nature_101,nature,101
2,899,False,2,-2.116593599319458,0.27255797386169434,0.5654306411743164,0.05454641208052635,0.11377853900194168,0.03167394548654556,0.097195565700531,0.3018302917480469,0.3420802652835846,0.26212278008461,0.9064903259277344,1.11447012424469,0.7240665555000305,nature_101,nature,101
3,849,False,3,-1.8629876375198364,0.2536059617996216,0.819036602973938,0.04753889888525009,0.15521323680877686,0.04635385051369667,0.10868708044290543,0.38151729106903076,0.41503235697746277,0.3484984040260315,0.9928582906723022,1.1681528091430664,0.8354781866073608,nature_101,nature,101
4,799,False,4,-1.6268385648727417,0.23614907264709473,1.0551856756210327,0.0560154989361763,0.20854483544826508,0.06493028998374939,0.12479415535926819,0.4643435776233673,0.489260196685791,0.4398024082183838,1.0697307586669922,1.206213355064392,0.9445187449455261,nature_101,nature,101
5,749,True,0,-1.406521201133728,0.22031736373901367,0.0,0.06307848542928696,0.0,0.0,0.0,0.0,0.0,0.0,0.0,0.0,0.0,nature_101,nature,101
6,699,False,1,-1.200291395187378,0.2062298059463501,0.2062298059463501,0.07231774181127548,0.07231774181127548,0.01596010848879814,0.04196924343705177,0.13517624139785767,0.1489420235157013,0.12151909619569778,0.23543775081634521,0.26667270064353943,0.20623312890529633,nature_101,nature,101
7,649,False,2,-1.006303310394287,0.19398808479309082,0.4002178907394409,0.07145863771438599,0.1419232040643692,0.03106718324124813,0.0656658336520195,0.2296317219734192,0.24330808222293854,0.21604374051094055,0.3648611605167389,0.411234050989151,0.32121098041534424,nature_101,nature,101
8,599,False,3,-0.8226233124732971,0.18367999792099,0.5838978886604309,0.07670798897743225,0.22153210639953613,0.04864360764622688,0.08258984237909317,0.316324383020401,0.3294074535369873,0.3033314049243927,0.49433717131614685,0.5418556928634644,0.44945013523101807,nature_101,nature,101
9,549,False,4,-0.6472349762916565,0.17538833618164062,0.7592862248420715,0.07764966040849686,0.3048151433467865,0.06700114905834198,0.09943939000368118,0.39084815979003906,0.40273380279541016,0.37904152274131775,0.5801194906234741,0.6277117729187012,0.5350649356842041,nature_101,nature,101
10,500,True,0,-0.4813636541366577,0.16587132215499878,0.0,0.07551832497119904,0.0,0.0,0.0,0.0,0.0,0.0,0.0,0.0,0.0,nature_101,nature,101
11,450,False,1,-0.31602802872657776,0.16533562541007996,0.16533562541007996,0.07578358054161072,0.07578358054161072,0.02059769816696644,0.03092837892472744,0.10155758261680603,0.10383187979459763,0.09929800033569336,0.12766395509243011,0.1384350210428238,0.1174379363656044,nature_101,nature,101
12,400,False,2,-0.15219885110855103,0.16382917761802673,0.3291648030281067,0.07274984568357468,0.15138229727745056,0.043919481337070465,0.056858863681554794,0.19462698698043823,0.19795344769954681,0.1913209855556488,0.23710055649280548,0.25533056259155273,0.21974411606788635,nature_101,nature,101
13,350,False,3,0.012974858283996582,0.1651737093925476,0.4943385124206543,0.0687599629163742,0.22576077282428741,0.06937524676322937,0.08405842632055283,0.27960848808288574,0.2832310199737549,0.2760075628757477,0.33189424872398376,0.35594096779823303,0.3089277446269989,nature_101,nature,101
14,300,False,4,0.1830180287361145,0.17004317045211792,0.6643816828727722,0.06388828903436661,0.29756003618240356,0.0981379821896553,0.11435957998037338,0.35991865396499634,0.3632737994194031,0.3565831780433655,0.4109337329864502,0.436674565076828,0.38629308342933655,nature_101,nature,101
15,250,True,0,0.36269381642341614,0.17967578768730164,0.0,0.058331284672021866,0.0,0.0,0.0,0.0,0.0,0.0,0.0,0.0,0.0,nature_101,nature,101
16,200,False,1,0.5591998100280762,0.19650599360466003,0.19650599360466003,0.05287979170680046,0.05287979170680046,0.03570220619440079,0.040329284965991974,0.10642506182193756,0.10672619193792343,0.10612572729587555,0.10186725854873657,0.10678311437368393,0.09713625907897949,nature_101,nature,101
17,150,False,2,0.7850973606109619,0.22589755058288574,0.4224035441875458,0.04783273860812187,0.1020958200097084,0.08288455009460449,0.09031067043542862,0.21839071810245514,0.21887819468975067,0.21790620684623718,0.1985994577407837,0.20645037293434143,0.19101636111736298,nature_101,nature,101
18,100,False,3,1.0673118829727173,0.28221452236175537,0.7046180665493011,0.043634574860334396,0.14791148900985718,0.14761726558208466,0.15850020945072174,0.33830446004867554,0.33889368176460266,0.33771875500679016,0.29376620054244995,0.3038705885410309,0.28396785259246826,nature_101,nature,101
19,50,False,4,1.4890689849853516,0.4217571020126343,1.1263751685619354,0.04092225059866905,0.19109348952770233,0.25513672828674316,0.2739335298538208,0.4774951934814453,0.47807949781417847,0.476914644241333,0.3942239284515381,0.40559491515159607,0.3831491470336914,nature_101,nature,101
0,999,True,0,-2.6820242404937744,0.0,0.0,0.0,0.0,0.0,0.0,0.0,0.0,0.0,0.0,0.0,0.0,nature_202,nature,202
1,949,False,1,-2.3891515731811523,0.29287266731262207,0.29287266731262207,0.08344393223524094,0.08344393223524094,0.01631125807762146,0.0944826677441597,0.1847197562456131,0.2056693136692047,0.1639954000711441,0.6660400032997131,0.8774375319480896,0.47416558861732483,nature_202,nature,202
2,899,False,2,-2.116593599319458,0.27255797386169434,0.5654306411743164,0.038805555552244186,0.09977941960096359,0.024729277938604355,0.09306242316961288,0.2496752142906189,0.2727890610694885,0.2269536256790161,0.7430114150047302,0.9298014640808105,0.5780096650123596,nature_202,nature,202
3,849,False,3,-1.8629876375198364,0.2536059617996216,0.819036602973938,0.0526464506983757,0.14675021171569824,0.036671679466962814,0.11619837582111359,0.34740379452705383,0.3712054193019867,0.32403573393821716,0.8785877823829651,1.0560176372528076,0.7200964689254761,nature_202,nature,202
4,799,False,4,-1.6268385648727417,0.23614907264709473,1.0551856756210327,0.053096089512109756,0.19661788642406464,0.04931807518005371,0.13218069076538086,0.436950147151947,0.45940446853637695,0.41489213705062866,0.9707146883010864,1.1319286823272705,0.823810338973999,nature_202,nature,202
5,749,True,0,-1.406521201133728,0.22031736373901367,0.0,0.059700023382902145,0.0,0.0,0.0,0.0,0.0,0.0,0.0,0.0,0.0,nature_202,nature,202
6,699,False,1,-1.200291395187378,0.2062298059463501,0.2062298059463501,0.06438113749027252,0.06438113749027252,0.011181017383933067,0.0206635482609272,0.11048002541065216,0.11360238492488861,0.10738412290811539,0.19894856214523315,0.22584156692028046,0.17413602769374847,nature_202,nature,202
7,649,False,2,-1.006303310394287,0.19398808479309082,0.4002178907394409,0.06886972486972809,0.1337447613477707,0.02422528900206089,0.04004526138305664,0.21174775063991547,0.21687527000904083,0.2066687047481537,0.3832554221153259,0.41337335109710693,0.35554227232933044,nature_202,nature,202
8,599,False,3,-0.8226233124732971,0.18367999792099,0.5838978886604309,0.07169605791568756,0.20740000903606415,0.03881096467375755,0.05683436244726181,0.3022317588329315,0.3076516389846802,0.2968657910823822,0.49375662207603455,0.5281116962432861,0.46200814843177795,nature_202,nature,202
9,549,False,4,-0.6472349762916565,0.17538833618164062,0.7592862248420715,0.07280673831701279,0.2846940755844116,0.054676055908203125,0.0749906599521637,0.3782801330089569,0.38463374972343445,0.37198036909103394,0.569602906703949,0.613577663898468,0.5286917090415955,nature_202,nature,202
10,500,True,0,-0.4813636541366577,0.16587132215499878,0.0,0.07134756445884705,0.0,0.0,0.0,0.0,0.0,0.0,0.0,0.0,0.0,nature_202,nature,202
11,450,False,1,-0.31602802872657776,0.16533562541007996,0.16533562541007996,0.0720851719379425,0.0720851719379425,0.019779929891228676,0.036899346858263016,0.10295681655406952,0.10623447597026825,0.09969910979270935,0.15083031356334686,0.1644684076309204,0.13797912001609802,nature_202,nature,202
12,400,False,2,-0.15219885110855103,0.16382917761802673,0.3291648030281067,0.0694568082690239,0.14363393187522888,0.04100846126675606,0.06467912346124649,0.19092684984207153,0.19382557272911072,0.18804620206356049,0.26284295320510864,0.28385302424430847,0.24297736585140228,nature_202,nature,202
13,350,False,3,0.012974858283996582,0.1651737093925476,0.4943385124206543,0.06561467796564102,0.21400022506713867,0.06853638589382172,0.0975971445441246,0.28105786442756653,0.2839207053184509,0.2782130837440491,0.36664021015167236,0.3941505551338196,0.3405422568321228,nature_202,nature,202
14,300,False,4,0.1830180287361145,0.17004317045211792,0.6643816828727722,0.061156146228313446,0.2818765342235565,0.10291861742734909,0.13295051455497742,0.3700428009033203,0.3726806938648224,0.36742129921913147,0.45450955629348755,0.4843961000442505,0.42605116963386536,nature_202,nature,202
15,250,True,0,0.36269381642341614,0.17967578768730164,0.0,0.05654462054371834,0.0,0.0,0.0,0.0,0.0,0.0,0.0,0.0,0.0,nature_202,nature,202
16,200,False,1,0.5591998100280762,0.19650599360466003,0.19650599360466003,0.05155652016401291,0.05155652016401291,0.04378185793757439,0.04843182861804962,0.11896335333585739,0.12006380409002304,0.11786901950836182,0.12305533140897751,0.12834563851356506,0.1180025041103363,nature_202,nature,202
17,150,False,2,0.7850973606109619,0.22589755058288574,0.4224035441875458,0.046824995428323746,0.09962692111730576,0.10012511909008026,0.10843059420585632,0.23933064937591553,0.2411707192659378,0.2375006228685379,0.24214664101600647,0.25188156962394714,0.23282787203788757,nature_202,nature,202
18,100,False,3,1.0673118829727173,0.28221452236175537,0.7046180665493011,0.04297146573662758,0.14454811811447144,0.1756637543439865,0.18783745169639587,0.3627392053604126,0.3644046187400818,0.36108285188674927,0.35374030470848083,0.3651382029056549,0.34278029203414917,nature_202,nature,202
19,50,False,4,1.4890689849853516,0.4217571020126343,1.1263751685619354,0.04042481631040573,0.1870184689760208,0.3008662164211273,0.31928980350494385,0.5016469955444336,0.5028790235519409,0.500421941280365,0.4660845100879669,0.47718918323516846,0.45534026622772217,nature_202,nature,202
0,999,True,0,-2.6820242404937744,0.0,0.0,0.0,0.0,0.0,0.0,0.0,0.0,0.0,0.0,0.0,0.0,objects_101,objects,101
1,949,False,1,-2.3891515731811523,0.29287266731262207,0.29287266731262207,0.04116961732506752,0.04116961732506752,0.011527744121849537,0.04953770339488983,0.14023444056510925,0.1393863707780838,0.14108136296272278,0.48525458574295044,0.660611093044281,0.36532852053642273,objects_101,objects,101
2,899,False,2,-2.116593599319458,0.27255797386169434,0.5654306411743164,0.07246226817369461,0.10794398188591003,0.03658758103847504,0.12280070781707764,0.3158015310764313,0.3322320580482483,0.2994929552078247,0.8492287993431091,1.0706336498260498,0.6849977970123291,objects_101,objects,101
3,849,False,3,-1.8629876375198364,0.2536059617996216,0.819036602973938,0.09841904044151306,0.17809021472930908,0.05448215827345848,0.11406020820140839,0.4277085065841675,0.4262942373752594,0.4291057884693146,0.9995735883712769,1.1491897106170654,0.8766487240791321,objects_101,objects,101
4,799,False,4,-1.6268385648727417,0.23614907264709473,1.0551856756210327,0.09438437223434448,0.23960058391094208,0.07412486523389816,0.13105615973472595,0.5242941975593567,0.5224661827087402,0.526089608669281,1.057237982749939,1.182647943496704,0.9525960683822632,objects_101,objects,101
5,749,True,0,-1.406521201133728,0.22031736373901367,0.0,0.0919562503695488,0.0,0.0,0.0,0.0,0.0,0.0,0.0,0.0,0.0,objects_101,objects,101
6,699,False,1,-1.200291395187378,0.2062298059463501,0.2062298059463501,0.08000284433364868,0.08000284433364868,0.024887733161449432,0.07667762786149979,0.19869619607925415,0.21370337903499603,0.18378300964832306,0.3023052215576172,0.3398485481739044,0.2663339078426361,objects_101,objects,101
7,649,False,2,-1.006303310394287,0.19398808479309082,0.4002178907394409,0.0881986990571022,0.1663210541009903,0.04721212387084961,0.1131986752152443,0.33406272530555725,0.3518638014793396,0.31636133790016174,0.4664915204048157,0.5148151516914368,0.42004895210266113,objects_101,objects,101
8,599,False,3,-0.8226233124732971,0.18367999792099,0.5838978886604309,0.08541896194219589,0.2531452178955078,0.06984270364046097,0.1402292102575302,0.42430976033210754,0.44058510661125183,0.40811359882354736,0.5788233876228333,0.6302136778831482,0.5290049314498901,objects_101,objects,101
9,549,False,4,-0.6472349762916565,0.17538833618164062,0.7592862248420715,0.08573950827121735,0.34739595651626587,0.09074225276708603,0.1582995057106018,0.4923359751701355,0.5061711072921753,0.4785747230052948,0.6577867269515991,0.7054054141044617,0.6109846830368042,objects_101,objects,101
10,500,True,0,-0.4813636541366577,0.16587132215499878,0.0,0.08157729357481003,0.0,0.0,0.0,0.0,0.0,0.0,0.0,0.0,0.0,objects_101,objects,101
11,450,False,1,-0.31602802872657776,0.16533562541007996,0.16533562541007996,0.07986567914485931,0.07986567914485931,0.020823489874601364,0.03947027027606964,0.11077108979225159,0.11546484380960464,0.10610213130712509,0.12113078683614731,0.1269262135028839,0.11533208191394806,objects_101,objects,101
12,400,False,2,-0.15219885110855103,0.16382917761802673,0.3291648030281067,0.07542998343706131,0.158904030919075,0.045258864760398865,0.0792541429400444,0.21181710064411163,0.2207614779472351,0.20290881395339966,0.2340945154428482,0.24559278786182404,0.22258985042572021,objects_101,objects,101
13,350,False,3,0.012974858283996582,0.1651737093925476,0.4943385124206543,0.06999284774065018,0.23569656908512115,0.07112695276737213,0.1135999783873558,0.2957603633403778,0.304972767829895,0.28657910227775574,0.3255763649940491,0.3396526873111725,0.31147968769073486,objects_101,objects,101
14,300,False,4,0.1830180287361145,0.17004317045211792,0.6643816828727722,0.06402749568223953,0.30893567204475403,0.10051646828651428,0.14939187467098236,0.373485803604126,0.38177919387817383,0.3652186691761017,0.4034939110279083,0.4180341958999634,0.3888845443725586,objects_101,objects,101
15,250,True,0,0.36269381642341614,0.17967578768730164,0.0,0.05791429802775383,0.0,0.0,0.0,0.0,0.0,0.0,0.0,0.0,0.0,objects_101,objects,101
16,200,False,1,0.5591998100280762,0.19650599360466003,0.19650599360466003,0.05200951173901558,0.05200951173901558,0.038386937230825424,0.04761728644371033,0.1088973805308342,0.11030343174934387,0.10749556869268417,0.09881889820098877,0.10134858638048172,0.0962628498673439,objects_101,objects,101
17,150,False,2,0.7850973606109619,0.22589755058288574,0.4224035441875458,0.04647369682788849,0.09988882392644882,0.08825196325778961,0.10312270373106003,0.21914461255073547,0.22141502797603607,0.21688063442707062,0.18841204047203064,0.1935998648405075,0.18316850066184998,objects_101,objects,101
18,100,False,3,1.0673118829727173,0.28221452236175537,0.7046180665493011,0.04155623912811279,0.14358164370059967,0.15786457061767578,0.17821913957595825,0.3354737162590027,0.3382883667945862,0.33266615867614746,0.27676981687545776,0.28563234210014343,0.26781219244003296,objects_101,objects,101
19,50,False,4,1.4890689849853516,0.4217571020126343,1.1263751685619354,0.03841009736061096,0.1841195821762085,0.27320951223373413,0.3082585334777832,0.46868014335632324,0.47162067890167236,0.4657459259033203,0.3661941587924957,0.3774529993534088,0.35481372475624084,objects_101,objects,101
0,999,True,0,-2.6820242404937744,0.0,0.0,0.0,0.0,0.0,0.0,0.0,0.0,0.0,0.0,0.0,0.0,objects_202,objects,202
1,949,False,1,-2.3891515731811523,0.29287266731262207,0.29287266731262207,0.040070079267024994,0.040070079267024994,0.005231467541307211,0.03770638629794121,0.10940248519182205,0.11099356412887573,0.10781419277191162,0.2910972833633423,0.42770734429359436,0.19343864917755127,objects_202,objects,202
2,899,False,2,-2.116593599319458,0.27255797386169434,0.5654306411743164,0.036333438009023666,0.06442607939243317,0.009270583279430866,0.05035804212093353,0.18863782286643982,0.19045566022396088,0.18682199716567993,0.4579744338989258,0.5988417863845825,0.3595677614212036,objects_202,objects,202
3,849,False,3,-1.8629876375198364,0.2536059617996216,0.819036602973938,0.04943995177745819,0.11109791696071625,0.023511584848165512,0.07890505343675613,0.2973373234272003,0.29698601365089417,0.297686904668808,0.8143259286880493,1.031152606010437,0.6476038694381714,objects_202,objects,202
4,799,False,4,-1.6268385648727417,0.23614907264709473,1.0551856756210327,0.051098622381687164,0.1478290855884552,0.03921018913388252,0.12282886356115341,0.39090225100517273,0.37861087918281555,0.4030047357082367,0.9201789498329163,1.1151350736618042,0.7742461562156677,objects_202,objects,202
5,749,True,0,-1.406521201133728,0.22031736373901367,0.0,0.08169287443161011,0.0,0.0,0.0,0.0,0.0,0.0,0.0,0.0,0.0,objects_202,objects,202
6,699,False,1,-1.200291395187378,0.2062298059463501,0.2062298059463501,0.06702911108732224,0.06702911108732224,0.020754870027303696,0.09834294766187668,0.20193809270858765,0.21850623190402985,0.18547508120536804,0.4002727270126343,0.5118598341941833,0.3079512119293213,objects_202,objects,202
7,649,False,2,-1.006303310394287,0.19398808479309082,0.4002178907394409,0.07234932482242584,0.1233687624335289,0.041391946375370026,0.142456516623497,0.3346434235572815,0.3473920524120331,0.3219606280326843,0.5546290874481201,0.6742517352104187,0.450583815574646,objects_202,objects,202
8,599,False,3,-0.8226233124732971,0.18367999792099,0.5838978886604309,0.07967360317707062,0.19678831100463867,0.06841625273227692,0.14342322945594788,0.44491448998451233,0.46033158898353577,0.42950984835624695,0.69986492395401,0.8094867467880249,0.5992334485054016,objects_202,objects,202
9,549,False,4,-0.6472349762916565,0.17538833618164062,0.7592862248420715,0.0681440681219101,0.25967738032341003,0.08713698387145996,0.16123516857624054,0.513542115688324,0.5281485915184021,0.49895179271698,0.7830267548561096,0.8817605376243591,0.6887765526771545,objects_202,objects,202
10,500,True,0,-0.4813636541366577,0.16587132215499878,0.0,0.06640499085187912,0.0,0.0,0.0,0.0,0.0,0.0,0.0,0.0,0.0,objects_202,objects,202
11,450,False,1,-0.31602802872657776,0.16533562541007996,0.16533562541007996,0.06743396073579788,0.06743396073579788,0.028714487329125404,0.06104632839560509,0.142130509018898,0.14891088008880615,0.13536003232002258,0.21014678478240967,0.23392531275749207,0.18656861782073975,objects_202,objects,202
12,400,False,2,-0.15219885110855103,0.16382917761802673,0.3291648030281067,0.06457867473363876,0.13317835330963135,0.06010480970144272,0.0994471088051796,0.2633068263530731,0.2725028991699219,0.2541300058364868,0.35918816924095154,0.389281690120697,0.3291468024253845,objects_202,objects,202
13,350,False,3,0.012974858283996582,0.1651737093925476,0.4943385124206543,0.06257204711437225,0.19891025125980377,0.08899236470460892,0.1319236159324646,0.3545019030570984,0.36530718207359314,0.34372201561927795,0.47710689902305603,0.5075914859771729,0.4465019702911377,objects_202,objects,202
14,300,False,4,0.1830180287361145,0.17004317045211792,0.6643816828727722,0.059420060366392136,0.26300686597824097,0.12222964316606522,0.16499535739421844,0.4411211311817169,0.45183783769607544,0.43043991923332214,0.557819128036499,0.58894944190979,0.526321291923523,objects_202,objects,202
15,250,True,0,0.36269381642341614,0.17967578768730164,0.0,0.055753763765096664,0.0,0.0,0.0,0.0,0.0,0.0,0.0,0.0,0.0,objects_202,objects,202
16,200,False,1,0.5591998100280762,0.19650599360466003,0.19650599360466003,0.05155384913086891,0.05155384913086891,0.042105045169591904,0.05271640419960022,0.12694387137889862,0.12837296724319458,0.12552039325237274,0.11097971349954605,0.11716970056295395,0.10470614582300186,objects_202,objects,202
17,150,False,2,0.7850973606109619,0.22589755058288574,0.4224035441875458,0.0474594347178936,0.10004323720932007,0.09607116878032684,0.11441037803888321,0.2524047791957855,0.25447726249694824,0.2503401041030884,0.21148014068603516,0.2223658561706543,0.20045436918735504,objects_202,objects,202
18,100,False,3,1.0673118829727173,0.28221452236175537,0.7046180665493011,0.044019751250743866,0.14564555883407593,0.16831625998020172,0.1863560676574707,0.38081854581832886,0.3832909166812897,0.3783542215824127,0.30800488591194153,0.32288751006126404,0.29295796155929565,objects_202,objects,202
19,50,False,4,1.4890689849853516,0.4217571020126343,1.1263751685619354,0.04170322045683861,0.18904945254325867,0.28547486662864685,0.31800559163093567,0.5222480893135071,0.5245990753173828,0.519903302192688,0.4134458303451538,0.4317658841609955,0.394991010427475,objects_202,objects,202
0,999,True,0,-2.6820242404937744,0.0,0.0,0.0,0.0,0.0,0.0,0.0,0.0,0.0,0.0,0.0,0.0,text_101,text,101
1,949,False,1,-2.3891515731811523,0.29287266731262207,0.29287266731262207,0.0250069759786129,0.0250069759786129,0.004318214021623135,0.021395137533545494,0.08944033086299896,0.08725148439407349,0.09157821536064148,0.2576330602169037,0.3260968029499054,0.205032080411911,text_101,text,101
2,899,False,2,-2.116593599319458,0.27255797386169434,0.5654306411743164,0.026779331266880035,0.048867568373680115,0.00951812881976366,0.03747892379760742,0.18118509650230408,0.17549385130405426,0.1867295652627945,0.46791577339172363,0.5697601437568665,0.38971227407455444,text_101,text,101
3,849,False,3,-1.8629876375198364,0.2536059617996216,0.819036602973938,0.033955276012420654,0.07954317331314087,0.01876307651400566,0.08101367950439453,0.3101634979248047,0.29428088665008545,0.3255338668823242,0.7300224304199219,0.8750513195991516,0.6242512464523315,text_101,text,101
4,799,False,4,-1.6268385648727417,0.23614907264709473,1.0551856756210327,0.05323627591133118,0.12128978222608566,0.04784802719950676,0.1071518063545227,0.5069665312767029,0.5290176868438721,0.4848387837409973,1.0335540771484375,1.169521450996399,0.9274595379829407,text_101,text,101
5,749,True,0,-1.406521201133728,0.22031736373901367,0.0,0.06735257059335709,0.0,0.0,0.0,0.0,0.0,0.0,0.0,0.0,0.0,text_101,text,101
6,699,False,1,-1.200291395187378,0.2062298059463501,0.2062298059463501,0.04966595023870468,0.04966595023870468,0.02846546284854412,0.10364387929439545,0.23425470292568207,0.2693180739879608,0.19927355647087097,0.515318751335144,0.691620409488678,0.361382395029068,text_101,text,101
7,649,False,2,-1.006303310394287,0.19398808479309082,0.4002178907394409,0.06386256963014603,0.09879257529973984,0.04914439097046852,0.13504377007484436,0.33380892872810364,0.34917595982551575,0.31848129630088806,0.63620525598526,0.7742121815681458,0.5137959122657776,text_101,text,101
8,599,False,3,-0.8226233124732971,0.18367999792099,0.5838978886604309,0.06591137498617172,0.15726953744888306,0.08012427389621735,0.14569444954395294,0.45131969451904297,0.46350234746932983,0.43916428089141846,0.789250910282135,0.8969401121139526,0.6922848224639893,text_101,text,101
9,549,False,4,-0.6472349762916565,0.17538833618164062,0.7592862248420715,0.06386333703994751,0.2165413200855255,0.10568637400865555,0.158990740776062,0.5312430262565613,0.5418825149536133,0.5206267833709717,0.8568688631057739,0.9488571882247925,0.7723860740661621,text_101,text,101
10,500,True,0,-0.4813636541366577,0.16587132215499878,0.0,0.05883852019906044,0.0,0.0,0.0,0.0,0.0,0.0,0.0,0.0,0.0,text_101,text,101
11,450,False,1,-0.31602802872657776,0.16533562541007996,0.16533562541007996,0.05983101204037666,0.05983101204037666,0.03177696093916893,0.05436871573328972,0.14413754642009735,0.1499161273241043,0.1383727490901947,0.2158290296792984,0.23304806649684906,0.19955335557460785,text_101,text,101
12,400,False,2,-0.15219885110855103,0.16382917761802673,0.3291648030281067,0.057913053780794144,0.11884312331676483,0.06528515368700027,0.0963512733578682,0.25953778624534607,0.26686155796051025,0.25223252177238464,0.37720102071762085,0.4033811092376709,0.35223817825317383,text_101,text,101
13,350,False,3,0.012974858283996582,0.1651737093925476,0.4943385124206543,0.055278927087783813,0.17669929563999176,0.10373232513666153,0.13966558873653412,0.3614940047264099,0.36833420395851135,0.3546745479106903,0.4976382255554199,0.5279875993728638,0.4684159755706787,text_101,text,101
14,300,False,4,0.1830180287361145,0.17004317045211792,0.6643816828727722,0.05280528962612152,0.23328974843025208,0.14862333238124847,0.18645153939723969,0.4556148648262024,0.4618716835975647,0.44937679171562195,0.5995380878448486,0.6312524676322937,0.568748414516449,text_101,text,101
15,250,True,0,0.36269381642341614,0.17967578768730164,0.0,0.049555014818906784,0.0,0.0,0.0,0.0,0.0,0.0,0.0,0.0,0.0,text_101,text,101
16,200,False,1,0.5591998100280762,0.19650599360466003,0.19650599360466003,0.046100981533527374,0.046100981533527374,0.06050560995936394,0.06667973101139069,0.1467457115650177,0.1490079164505005,0.14448806643486023,0.19131949543952942,0.20330782234668732,0.17952828109264374,text_101,text,101
17,150,False,2,0.7850973606109619,0.22589755058288574,0.4224035441875458,0.04272448644042015,0.08954831957817078,0.12832622230052948,0.1371316760778427,0.27538785338401794,0.2779810130596161,0.2727990746498108,0.30622997879981995,0.3206944465637207,0.2919309437274933,text_101,text,101
18,100,False,3,1.0673118829727173,0.28221452236175537,0.7046180665493011,0.0396757498383522,0.13032859563827515,0.2146540731191635,0.22841326892375946,0.3992975056171417,0.4016006886959076,0.39699795842170715,0.4005245864391327,0.41512078046798706,0.3860548436641693,text_101,text,101
19,50,False,4,1.4890689849853516,0.4217571020126343,1.1263751685619354,0.03827850893139839,0.16949278116226196,0.3439854383468628,0.3816174566745758,0.5307279825210571,0.5326669216156006,0.5287919640541077,0.49067625403404236,0.5065218806266785,0.47495073080062866,text_101,text,101
0,999,True,0,-2.6820242404937744,0.0,0.0,0.0,0.0,0.0,0.0,0.0,0.0,0.0,0.0,0.0,0.0,text_202,text,202
1,949,False,1,-2.3891515731811523,0.29287266731262207,0.29287266731262207,0.03394562378525734,0.03394562378525734,0.0058349366299808025,0.03528694435954094,0.11533299088478088,0.11106043308973312,0.11950336396694183,0.24894261360168457,0.3387351334095001,0.177899569272995,text_202,text,202
2,899,False,2,-2.116593599319458,0.27255797386169434,0.5654306411743164,0.03564672917127609,0.060737088322639465,0.012038902379572392,0.047099653631448746,0.22600124776363373,0.22287701070308685,0.22905664145946503,0.4884469211101532,0.6127216815948486,0.3924550414085388,text_202,text,202
3,849,False,3,-1.8629876375198364,0.2536059617996216,0.819036602973938,0.050365544855594635,0.10578054934740067,0.02495706081390381,0.06970202922821045,0.3886447250843048,0.39725539088249207,0.3801310658454895,0.8355963826179504,1.0347739458084106,0.6826875805854797,text_202,text,202
4,799,False,4,-1.6268385648727417,0.23614907264709473,1.0551856756210327,0.05027938634157181,0.14368002116680145,0.03890080749988556,0.08828994631767273,0.4949156641960144,0.5065715312957764,0.48333701491355896,0.9765833020210266,1.1530886888504028,0.8288252949714661,text_202,text,202
5,749,True,0,-1.406521201133728,0.22031736373901367,0.0,0.05260832607746124,0.0,0.0,0.0,0.0,0.0,0.0,0.0,0.0,0.0,text_202,text,202
6,699,False,1,-1.200291395187378,0.2062298059463501,0.2062298059463501,0.04622642323374748,0.04622642323374748,0.018544722348451614,0.03541851043701172,0.15620510280132294,0.16602201759815216,0.14643104374408722,0.25397220253944397,0.313507080078125,0.19918477535247803,text_202,text,202
7,649,False,2,-1.006303310394287,0.19398808479309082,0.4002178907394409,0.05054628103971481,0.09640921652317047,0.04218859598040581,0.060017094016075134,0.29431989789009094,0.3103569447994232,0.2783294916152954,0.4629199504852295,0.5603457689285278,0.37302422523498535,text_202,text,202
8,599,False,3,-0.8226233124732971,0.18367999792099,0.5838978886604309,0.051671747118234634,0.14769022166728973,0.06519187241792679,0.07800725102424622,0.39619946479797363,0.410711407661438,0.3817344605922699,0.585360050201416,0.6809243559837341,0.4960933029651642,text_202,text,202
9,549,False,4,-0.6472349762916565,0.17538833618164062,0.7592862248420715,0.05457669124007225,0.20373427867889404,0.09204414486885071,0.10653002560138702,0.4906338155269623,0.5022502541542053,0.47906923294067383,0.6716927886009216,0.7540827393531799,0.5935916304588318,text_202,text,202
10,500,True,0,-0.4813636541366577,0.16587132215499878,0.0,0.05619088187813759,0.0,0.0,0.0,0.0,0.0,0.0,0.0,0.0,0.0,text_202,text,202
11,450,False,1,-0.31602802872657776,0.16533562541007996,0.16533562541007996,0.05829724669456482,0.05829724669456482,0.03158586844801903,0.04798419773578644,0.14078451693058014,0.14336302876472473,0.1382131427526474,0.16973385214805603,0.1819901019334793,0.15774470567703247,text_202,text,202
12,400,False,2,-0.15219885110855103,0.16382917761802673,0.3291648030281067,0.05732590705156326,0.11666480451822281,0.06700029224157333,0.09098894149065018,0.2630762457847595,0.2659200429916382,0.26024216413497925,0.3009776473045349,0.3204489052295685,0.28180938959121704,text_202,text,202
13,350,False,3,0.012974858283996582,0.1651737093925476,0.4943385124206543,0.05607372149825096,0.17510592937469482,0.10657390207052231,0.13417410850524902,0.37171995639801025,0.3740788996219635,0.36937057971954346,0.40113431215286255,0.42250683903694153,0.38015830516815186,text_202,text,202
14,300,False,4,0.1830180287361145,0.17004317045211792,0.6643816828727722,0.05398087948560715,0.2325795739889145,0.15016020834445953,0.1825726330280304,0.46687957644462585,0.46914204955101013,0.464625746011734,0.4792191684246063,0.5010053515434265,0.4581337869167328,text_202,text,202
15,250,True,0,0.36269381642341614,0.17967578768730164,0.0,0.05091042071580887,0.0,0.0,0.0,0.0,0.0,0.0,0.0,0.0,0.0,text_202,text,202
16,200,False,1,0.5591998100280762,0.19650599360466003,0.19650599360466003,0.047696664929389954,0.047696664929389954,0.05850434675812721,0.08156372606754303,0.14819291234016418,0.14971919357776642,0.14667239785194397,0.13116919994354248,0.13435937464237213,0.12810784578323364,text_202,text,202
17,150,False,2,0.7850973606109619,0.22589755058288574,0.4224035441875458,0.04454675316810608,0.09288138896226883,0.12652626633644104,0.1566951721906662,0.2843118906021118,0.28786343336105347,0.280770480632782,0.25502827763557434,0.2652112543582916,0.24502655863761902,text_202,text,202
18,100,False,3,1.0673118829727173,0.28221452236175537,0.7046180665493011,0.04178328812122345,0.1355387568473816,0.21056722104549408,0.24361322820186615,0.4081262946128845,0.4118390381336212,0.4044215977191925,0.3666413426399231,0.3833346664905548,0.34995564818382263,text_202,text,202
19,50,False,4,1.4890689849853516,0.4217571020126343,1.1263751685619354,0.04067222401499748,0.17678646743297577,0.33990100026130676,0.39299651980400085,0.5398092269897461,0.5426478981971741,0.536975085735321,0.4532037675380707,0.4694843292236328,0.4368555545806885,text_202,text,202
0,999,True,0,-2.6820242404937744,0.0,0.0,0.0,0.0,0.0,0.0,0.0,0.0,0.0,0.0,0.0,0.0,texture_101,texture,101
1,949,False,1,-2.3891515731811523,0.29287266731262207,0.29287266731262207,0.06085909157991409,0.06085909157991409,0.005907848011702299,0.04001346230506897,0.13850629329681396,0.13739755749702454,0.13963188230991364,0.4846489429473877,0.6229953169822693,0.37599414587020874,texture_101,texture,101
2,899,False,2,-2.116593599319458,0.27255797386169434,0.5654306411743164,0.05281641706824303,0.10952630639076233,0.007853546179831028,0.05859214812517166,0.24872881174087524,0.2527671456336975,0.2446347028017044,0.6945107579231262,0.9111925959587097,0.5239167809486389,texture_101,texture,101
3,849,False,3,-1.8629876375198364,0.2536059617996216,0.819036602973938,0.042842671275138855,0.14956489205360413,0.012678532861173153,0.07461228221654892,0.360212117433548,0.36587071418762207,0.3544914126396179,0.8189648389816284,1.0355238914489746,0.6429064869880676,texture_101,texture,101
4,799,False,4,-1.6268385648727417,0.23614907264709473,1.0551856756210327,0.05946578085422516,0.19971682131290436,0.03005659580230713,0.09607778489589691,0.4831814467906952,0.49189358949661255,0.47441577911376953,0.946796715259552,1.158647894859314,0.7718433141708374,texture_101,texture,101
5,749,True,0,-1.406521201133728,0.22031736373901367,0.0,0.053346749395132065,0.0,0.0,0.0,0.0,0.0,0.0,0.0,0.0,0.0,texture_101,texture,101
6,699,False,1,-1.200291395187378,0.2062298059463501,0.2062298059463501,0.06422673165798187,0.06422673165798187,0.033155445009469986,0.15615835785865784,0.36603015661239624,0.3993230164051056,0.33287766575813293,0.45425134897232056,0.5596153140068054,0.36043205857276917,texture_101,texture,101
7,649,False,2,-1.006303310394287,0.19398808479309082,0.4002178907394409,0.08405650407075882,0.13614411652088165,0.09310300648212433,0.194679394364357,0.6730610728263855,0.6953216791152954,0.6508261561393738,0.8520228266716003,0.9716886281967163,0.7374811172485352,texture_101,texture,101
8,599,False,3,-0.8226233124732971,0.18367999792099,0.5838978886604309,0.0835554450750351,0.2032361626625061,0.13432514667510986,0.2094631940126419,0.7373692393302917,0.7554587721824646,0.7192985415458679,0.9376636147499084,1.0374014377593994,0.8403099775314331,texture_101,texture,101
9,549,False,4,-0.6472349762916565,0.17538833618164062,0.7592862248420715,0.07737428694963455,0.2738496661186218,0.1632380485534668,0.23724879324436188,0.7755197882652283,0.790736973285675,0.7602978944778442,0.9849268794059753,1.0750150680541992,0.8967576026916504,texture_101,texture,101
10,500,True,0,-0.4813636541366577,0.16587132215499878,0.0,0.07298387587070465,0.0,0.0,0.0,0.0,0.0,0.0,0.0,0.0,0.0,texture_101,texture,101
11,450,False,1,-0.31602802872657776,0.16533562541007996,0.16533562541007996,0.07187667489051819,0.07187667489051819,0.0659375935792923,0.173502117395401,0.28782087564468384,0.3019011616706848,0.27371731400489807,0.32124966382980347,0.34203410148620605,0.3010883927345276,texture_101,texture,101
12,400,False,2,-0.15219885110855103,0.16382917761802673,0.3291648030281067,0.06815166771411896,0.1400446891784668,0.11761979758739471,0.24366456270217896,0.43551015853881836,0.4453643560409546,0.4256342649459839,0.5179541110992432,0.5527271032333374,0.484371155500412,texture_101,texture,101
13,350,False,3,0.012974858283996582,0.1651737093925476,0.4943385124206543,0.06234652176499367,0.2052353024482727,0.17101697623729706,0.2981596291065216,0.5473185777664185,0.5555750131607056,0.5390374064445496,0.6525793671607971,0.6946473717689514,0.6118247509002686,texture_101,texture,101
14,300,False,4,0.1830180287361145,0.17004317045211792,0.6643816828727722,0.05750957503914833,0.2676180899143219,0.2257538139820099,0.3429226875305176,0.6330966353416443,0.641180157661438,0.6249846816062927,0.7354170083999634,0.7786709070205688,0.6933732628822327,texture_101,texture,101
15,250,True,0,0.36269381642341614,0.17967578768730164,0.0,0.05269676074385643,0.0,0.0,0.0,0.0,0.0,0.0,0.0,0.0,0.0,texture_101,texture,101
16,200,False,1,0.5591998100280762,0.19650599360466003,0.19650599360466003,0.04852212220430374,0.04852212220430374,0.06936132162809372,0.10795719921588898,0.15483242273330688,0.15672773122787476,0.15293224155902863,0.1854768991470337,0.19500410556793213,0.17617112398147583,texture_101,texture,101
17,150,False,2,0.7850973606109619,0.22589755058288574,0.4224035441875458,0.04406195506453514,0.09326568245887756,0.14360854029655457,0.20117458701133728,0.2864150106906891,0.2893051505088806,0.2835204601287842,0.3358204662799835,0.35151758790016174,0.32044702768325806,texture_101,texture,101
18,100,False,3,1.0673118829727173,0.28221452236175537,0.7046180665493011,0.04063310846686363,0.13520586490631104,0.2310282289981842,0.2976452708244324,0.4045901894569397,0.4076961576938629,0.4014824330806732,0.4587972164154053,0.4784257113933563,0.43954041600227356,texture_101,texture,101
19,50,False,4,1.4890689849853516,0.4217571020126343,1.1263751685619354,0.0384601429104805,0.1747380793094635,0.35713261365890503,0.4409157633781433,0.5243374109268188,0.5269140601158142,0.521763265132904,0.5645020008087158,0.5858913660049438,0.5435037016868591,texture_101,texture,101
0,999,True,0,-2.6820242404937744,0.0,0.0,0.0,0.0,0.0,0.0,0.0,0.0,0.0,0.0,0.0,0.0,texture_202,texture,202
1,949,False,1,-2.3891515731811523,0.29287266731262207,0.29287266731262207,0.03828306496143341,0.03828306496143341,0.006026614457368851,0.03312453255057335,0.11730785667896271,0.11638018488883972,0.11823277175426483,0.34837988018989563,0.45882710814476013,0.2567136287689209,texture_202,texture,202
2,899,False,2,-2.116593599319458,0.27255797386169434,0.5654306411743164,0.0316171832382679,0.05786736682057381,0.008492328226566315,0.0468808151781559,0.22449703514575958,0.19993621110916138,0.24902231991291046,0.546466588973999,0.6988073587417603,0.42398759722709656,texture_202,texture,202
3,849,False,3,-1.8629876375198364,0.2536059617996216,0.819036602973938,0.04288146272301674,0.09363121539354324,0.01582535170018673,0.119669109582901,0.3974248468875885,0.38408219814300537,0.4108457565307617,0.8433361649513245,0.9969190359115601,0.7214940190315247,texture_202,texture,202
4,799,False,4,-1.6268385648727417,0.23614907264709473,1.0551856756210327,0.10415773838758469,0.17653800547122955,0.059426199644804,0.17014791071414948,0.5938330292701721,0.5756016373634338,0.6115098595619202,1.095685601234436,1.2440085411071777,0.9617332220077515,texture_202,texture,202
5,749,True,0,-1.406521201133728,0.22031736373901367,0.0,0.11075084656476974,0.0,0.0,0.0,0.0,0.0,0.0,0.0,0.0,0.0,texture_202,texture,202
6,699,False,1,-1.200291395187378,0.2062298059463501,0.2062298059463501,0.0680764690041542,0.0680764690041542,0.02297014184296131,0.07486756145954132,0.31830331683158875,0.34811392426490784,0.2887246310710907,0.29565590620040894,0.3337068259716034,0.25957903265953064,texture_202,texture,202
7,649,False,2,-1.006303310394287,0.19398808479309082,0.4002178907394409,0.0679343119263649,0.12738892436027527,0.04771739989519119,0.12285597622394562,0.4560678005218506,0.47667500376701355,0.4355924725532532,0.46329787373542786,0.5149480700492859,0.41385483741760254,texture_202,texture,202
8,599,False,3,-0.8226233124732971,0.18367999792099,0.5838978886604309,0.07034222781658173,0.19684258103370667,0.09667053818702698,0.17349892854690552,0.609891414642334,0.6273694038391113,0.5924434065818787,0.6373828649520874,0.6944755911827087,0.5817936062812805,texture_202,texture,202
9,549,False,4,-0.6472349762916565,0.17538833618164062,0.7592862248420715,0.07073014974594116,0.2686702609062195,0.12659606337547302,0.20788885653018951,0.6787768006324768,0.695713996887207,0.6618537306785583,0.7364006638526917,0.7928506135940552,0.6811774373054504,texture_202,texture,202
10,500,True,0,-0.4813636541366577,0.16587132215499878,0.0,0.07026010006666183,0.0,0.0,0.0,0.0,0.0,0.0,0.0,0.0,0.0,texture_202,texture,202
11,450,False,1,-0.31602802872657776,0.16533562541007996,0.16533562541007996,0.07135532796382904,0.07135532796382904,0.055963288992643356,0.11721935868263245,0.23780617117881775,0.24512061476707458,0.2305016815662384,0.2345876693725586,0.24957402050495148,0.2198568731546402,texture_202,texture,202
12,400,False,2,-0.15219885110855103,0.16382917761802673,0.3291648030281067,0.0690818727016449,0.14181996881961823,0.10315699130296707,0.17599718272686005,0.38042157888412476,0.3872809410095215,0.37357303500175476,0.39889127016067505,0.4197870194911957,0.3783881366252899,texture_202,texture,202
13,350,False,3,0.012974858283996582,0.1651737093925476,0.4943385124206543,0.06506034731864929,0.21081960201263428,0.14671647548675537,0.214943528175354,0.48070061206817627,0.4879447817802429,0.47347599267959595,0.525391697883606,0.5503413677215576,0.5009720325469971,texture_202,texture,202
14,300,False,4,0.1830180287361145,0.17004317045211792,0.6643816828727722,0.06018931046128273,0.27692845463752747,0.18941611051559448,0.25320303440093994,0.5558128952980042,0.5633065104484558,0.5483391284942627,0.6149457097053528,0.6436837911605835,0.586868941783905,texture_202,texture,202
15,250,True,0,0.36269381642341614,0.17967578768730164,0.0,0.055516280233860016,0.0,0.0,0.0,0.0,0.0,0.0,0.0,0.0,0.0,texture_202,texture,202
16,200,False,1,0.5591998100280762,0.19650599360466003,0.19650599360466003,0.050585485994815826,0.050585485994815826,0.05385971441864967,0.07790843397378922,0.13455955684185028,0.13564705848693848,0.13347524404525757,0.17634351551532745,0.18416814506053925,0.1686926633119583,texture_202,texture,202
17,150,False,2,0.7850973606109619,0.22589755058288574,0.4224035441875458,0.046532291918992996,0.09816648811101913,0.11685589700937271,0.15760594606399536,0.2586411237716675,0.2600652277469635,0.2572212815284729,0.3163861930370331,0.3307024836540222,0.3023972511291504,texture_202,texture,202
18,100,False,3,1.0673118829727173,0.28221452236175537,0.7046180665493011,0.043240755796432495,0.14290577173233032,0.19415628910064697,0.24787792563438416,0.37720707058906555,0.37881359457969666,0.37560567259788513,0.42119038105010986,0.44133859872817993,0.40150710940361023,texture_202,texture,202
19,50,False,4,1.4890689849853516,0.4217571020126343,1.1263751685619354,0.042042575776576996,0.18610930442810059,0.30597901344299316,0.37209394574165344,0.5009005069732666,0.502490222454071,0.4993157386779785,0.5147412419319153,0.5406813025474548,0.48939231038093567,texture_202,texture,202
0,999,True,0,-2.6820242404937744,0.0,0.0,0.0,0.0,0.0,0.0,0.0,0.0,0.0,0.0,0.0,0.0,glass_101,glass,101
1,949,False,1,-2.3891515731811523,0.29287266731262207,0.29287266731262207,0.04657648876309395,0.04657648876309395,0.013736327178776264,0.041474878787994385,0.17849400639533997,0.19162069261074066,0.1654539406299591,0.5804135799407959,0.740341305732727,0.45091792941093445,glass_101,glass,101
2,899,False,2,-2.116593599319458,0.27255797386169434,0.5654306411743164,0.0609850212931633,0.09968525916337967,0.038970548659563065,0.08995511382818222,0.34761494398117065,0.37883129715919495,0.3163667321205139,0.8961977958679199,1.072806477546692,0.7449418306350708,glass_101,glass,101
3,849,False,3,-1.8629876375198364,0.2536059617996216,0.819036602973938,0.06235945224761963,0.14546531438827515,0.05287504941225052,0.09467028826475143,0.41398894786834717,0.4218508005142212,0.4061899185180664,0.9855374693870544,1.140257716178894,0.8524484634399414,glass_101,glass,101
4,799,False,4,-1.6268385648727417,0.23614907264709473,1.0551856756210327,0.05917917191982269,0.18865418434143066,0.07157240808010101,0.11737516522407532,0.5102193355560303,0.50946444272995,0.5109665393829346,1.0619111061096191,1.1843680143356323,0.9538678526878357,glass_101,glass,101
5,749,True,0,-1.406521201133728,0.22031736373901367,0.0,0.05699842795729637,0.0,0.0,0.0,0.0,0.0,0.0,0.0,0.0,0.0,glass_101,glass,101
6,699,False,1,-1.200291395187378,0.2062298059463501,0.2062298059463501,0.0720992311835289,0.0720992311835289,0.030281122773885727,0.09392289817333221,0.2492668181657791,0.2872629463672638,0.2113083004951477,0.35995498299598694,0.4008314907550812,0.3230135440826416,glass_101,glass,101
7,649,False,2,-1.006303310394287,0.19398808479309082,0.4002178907394409,0.07142607122659683,0.14047788083553314,0.04344860836863518,0.11114857345819473,0.3141351640224457,0.3450416028499603,0.2832462191581726,0.48289015889167786,0.5355899930000305,0.43436917662620544,glass_101,glass,101
8,599,False,3,-0.8226233124732971,0.18367999792099,0.5838978886604309,0.07311762124300003,0.21586216986179352,0.061238668859004974,0.12775000929832458,0.39976048469543457,0.42578744888305664,0.3737117648124695,0.6031031012535095,0.6565232872962952,0.5525768995285034,glass_101,glass,101
9,549,False,4,-0.6472349762916565,0.17538833618164062,0.7592862248420715,0.07305629551410675,0.2938944101333618,0.07789071649312973,0.14541417360305786,0.4616769552230835,0.4851895868778229,0.43815726041793823,0.6820493340492249,0.7327477931976318,0.633438229560852,glass_101,glass,101
10,500,True,0,-0.4813636541366577,0.16587132215499878,0.0,0.07174861431121826,0.0,0.0,0.0,0.0,0.0,0.0,0.0,0.0,0.0,glass_101,glass,101
11,450,False,1,-0.31602802872657776,0.16533562541007996,0.16533562541007996,0.07220595329999924,0.07220595329999924,0.019159898161888123,0.028450381010770798,0.10494749993085861,0.10722485184669495,0.10267385840415955,0.15761898458003998,0.1741885542869568,0.14143051207065582,glass_101,glass,101
12,400,False,2,-0.15219885110855103,0.16382917761802673,0.3291648030281067,0.06939768046140671,0.1441757082939148,0.038273707032203674,0.057578399777412415,0.19815433025360107,0.20155881345272064,0.19475635886192322,0.27789071202278137,0.30583032965660095,0.2502724826335907,glass_101,glass,101
13,350,False,3,0.012974858283996582,0.1651737093925476,0.4943385124206543,0.06557546555995941,0.21465660631656647,0.06017465516924858,0.08783865720033646,0.2835763692855835,0.2870650291442871,0.280093252658844,0.36747056245803833,0.4020858407020569,0.3327796757221222,glass_101,glass,101
14,300,False,4,0.1830180287361145,0.17004317045211792,0.6643816828727722,0.06113895773887634,0.28263211250305176,0.08769199252128601,0.12271148711442947,0.3665076494216919,0.36992207169532776,0.3630986213684082,0.44034072756767273,0.4778357744216919,0.402432918548584,glass_101,glass,101
15,250,True,0,0.36269381642341614,0.17967578768730164,0.0,0.05663175880908966,0.0,0.0,0.0,0.0,0.0,0.0,0.0,0.0,0.0,glass_101,glass,101
16,200,False,1,0.5591998100280762,0.19650599360466003,0.19650599360466003,0.05174390599131584,0.05174390599131584,0.03762521222233772,0.046367768198251724,0.11746954172849655,0.11893494427204132,0.1160062775015831,0.11335745453834534,0.11932171136140823,0.10728388279676437,glass_101,glass,101
17,150,False,2,0.7850973606109619,0.22589755058288574,0.4224035441875458,0.04704189673066139,0.09996712952852249,0.08665930479764938,0.0975419357419014,0.2375517338514328,0.24019880592823029,0.2349083423614502,0.22209368646144867,0.23342876136302948,0.21057182550430298,glass_101,glass,101
18,100,False,3,1.0673118829727173,0.28221452236175537,0.7046180665493011,0.04294461011886597,0.14474734663963318,0.1559143364429474,0.16920246183872223,0.363633394241333,0.36694395542144775,0.3603264093399048,0.32471492886543274,0.3406040668487549,0.30860233306884766,glass_101,glass,101
19,50,False,4,1.4890689849853516,0.4217571020126343,1.1263751685619354,0.04026682302355766,0.18683037161827087,0.273295521736145,0.30209627747535706,0.5058301091194153,0.5089187026023865,0.5027430653572083,0.4222511649131775,0.440822571516037,0.4034494459629059,glass_101,glass,101
0,999,True,0,-2.6820242404937744,0.0,0.0,0.0,0.0,0.0,0.0,0.0,0.0,0.0,0.0,0.0,0.0,glass_202,glass,202
1,949,False,1,-2.3891515731811523,0.29287266731262207,0.29287266731262207,0.03317374363541603,0.03317374363541603,0.004962497856467962,0.041653793305158615,0.10650943219661713,0.10318955034017563,0.10980594158172607,0.30186423659324646,0.37664300203323364,0.24014407396316528,glass_202,glass,202
2,899,False,2,-2.116593599319458,0.27255797386169434,0.5654306411743164,0.04379943758249283,0.06680784374475479,0.01883341185748577,0.07154031842947006,0.2522711753845215,0.25260597467422485,0.25193649530410767,0.789424479007721,0.9447473287582397,0.6574535369873047,glass_202,glass,202
3,849,False,3,-1.8629876375198364,0.2536059617996216,0.819036602973938,0.0531468540430069,0.10504663735628128,0.037481579929590225,0.08321677148342133,0.3518735468387604,0.33996179699897766,0.36366450786590576,0.9948208332061768,1.177063226699829,0.8394669890403748,glass_202,glass,202
4,799,False,4,-1.6268385648727417,0.23614907264709473,1.0551856756210327,0.04824010282754898,0.13529875874519348,0.05908816680312157,0.10464033484458923,0.5042520761489868,0.5027497410774231,0.5057507753372192,1.1035956144332886,1.2111200094223022,0.9947351813316345,glass_202,glass,202
5,749,True,0,-1.406521201133728,0.22031736373901367,0.0,0.0707835778594017,0.0,0.0,0.0,0.0,0.0,0.0,0.0,0.0,0.0,glass_202,glass,202
6,699,False,1,-1.200291395187378,0.2062298059463501,0.2062298059463501,0.05895913019776344,0.05895913019776344,0.022175949066877365,0.08993488550186157,0.2102987915277481,0.2297576367855072,0.19084401428699493,0.3859083950519562,0.4213744103908539,0.3501541018486023,glass_202,glass,202
7,649,False,2,-1.006303310394287,0.19398808479309082,0.4002178907394409,0.061948470771312714,0.11233270168304443,0.045241810381412506,0.1332588940858841,0.35641029477119446,0.3720526099205017,0.34080541133880615,0.5946137309074402,0.6323466897010803,0.555754542350769,glass_202,glass,202
8,599,False,3,-0.8226233124732971,0.18367999792099,0.5838978886604309,0.06643703579902649,0.17255818843841553,0.0694032683968544,0.15787649154663086,0.46539947390556335,0.48058730363845825,0.4502873122692108,0.8045561909675598,0.8563459515571594,0.7520383596420288,glass_202,glass,202
9,549,False,4,-0.6472349762916565,0.17538833618164062,0.7592862248420715,0.06612179428339005,0.23617520928382874,0.0924636498093605,0.16609473526477814,0.5381350517272949,0.5547364354133606,0.5215739011764526,0.9040755033493042,0.9603707790374756,0.8473021388053894,glass_202,glass,202
10,500,True,0,-0.4813636541366577,0.16587132215499878,0.0,0.06488288938999176,0.0,0.0,0.0,0.0,0.0,0.0,0.0,0.0,0.0,glass_202,glass,202
11,450,False,1,-0.31602802872657776,0.16533562541007996,0.16533562541007996,0.0656186044216156,0.0656186044216156,0.019790807738900185,0.035932496190071106,0.11107271164655685,0.11440670490264893,0.1077454462647438,0.1742115020751953,0.18435946106910706,0.16395196318626404,glass_202,glass,202
12,400,False,2,-0.15219885110855103,0.16382917761802673,0.3291648030281067,0.06348977237939835,0.13070747256278992,0.041497983038425446,0.07024747133255005,0.20945343375205994,0.21352779865264893,0.2053862065076828,0.3049636781215668,0.3207089304924011,0.2890945076942444,glass_202,glass,202
13,350,False,3,0.012974858283996582,0.1651737093925476,0.4943385124206543,0.06127326935529709,0.19517317414283752,0.06558318436145782,0.10367414355278015,0.29853543639183044,0.3021738827228546,0.2949027717113495,0.4020788371562958,0.41965919733047485,0.38437291979789734,glass_202,glass,202
14,300,False,4,0.1830180287361145,0.17004317045211792,0.6643816828727722,0.05838881433010101,0.2580801248550415,0.09374360740184784,0.13928478956222534,0.38227784633636475,0.3849436342716217,0.37961670756340027,0.4814343750476837,0.4991077780723572,0.46363744139671326,glass_202,glass,202
15,250,True,0,0.36269381642341614,0.17967578768730164,0.0,0.055031247437000275,0.0,0.0,0.0,0.0,0.0,0.0,0.0,0.0,0.0,glass_202,glass,202
16,200,False,1,0.5591998100280762,0.19650599360466003,0.19650599360466003,0.05165685713291168,0.05165685713291168,0.0385424979031086,0.05273275822401047,0.12148493528366089,0.1225665882229805,0.1204049214720726,0.11287300288677216,0.1172582358121872,0.10846701264381409,glass_202,glass,202
17,150,False,2,0.7850973606109619,0.22589755058288574,0.4224035441875458,0.048464201390743256,0.10095798224210739,0.09036602079868317,0.11020879447460175,0.24711798131465912,0.24930739402770996,0.24493096768856049,0.22067523002624512,0.2283199578523636,0.21299497783184052,glass_202,glass,202
18,100,False,3,1.0673118829727173,0.28221452236175537,0.7046180665493011,0.04587399587035179,0.14817003905773163,0.1597520262002945,0.18294669687747955,0.3760053515434265,0.37878161668777466,0.3732307255268097,0.31411969661712646,0.3249666690826416,0.3032177686691284,glass_202,glass,202
19,50,False,4,1.4890689849853516,0.4217571020126343,1.1263751685619354,0.04456648230552673,0.19413000345230103,0.27650025486946106,0.3261958062648773,0.5201961994171143,0.5228800177574158,0.51751309633255,0.405422180891037,0.41828805208206177,0.39247724413871765,glass_202,glass,202
